timestamp,time_label,scenario_id,plant_id,unit_id,horizon,business_name,model_family,actual_mw,forecast_p50_mw,forecast_p10_mw,forecast_p90_mw,error_mw,rolling_nmae_pct,rolling_coverage_pct,rolling_bias_mw,band_width_mw,event_probability,lead_time_minutes,phase_error_minutes,ramp_hit_rate_so_far_pct,scada_quality,met_quality,output_status,root_cause,learning_signal,model_action_code,plain_language_learning,ui_badge
2025-01-05T05:00:00,05:00,ONLINE_SOL_2025_0105_RAMP_UP,SOL_PAVAGADA,PAV_S3_B02,5min,Real-time nowcast / control-room forecast,persistence + ramp-rate correction + SCADA quality gate,0.0,0.0,0,2.56,0.0,0.0,100.0,0.0,2.56,0.12,0,0,0,GOOD,GOOD,NORMAL,normal,NORMAL_LEARNING,NO_ACTION,Continue normal nowcast update.,OK
2025-01-05T05:05:00,05:05,ONLINE_SOL_2025_0105_RAMP_UP,SOL_PAVAGADA,PAV_S3_B02,5min,Real-time nowcast / control-room forecast,persistence + ramp-rate correction + SCADA quality gate,0.44,0.437,0,2.997,0.004,0.004,100.0,0.002,2.997,0.12,0,0,0,GOOD,GOOD,NORMAL,normal,NORMAL_LEARNING,NO_ACTION,Continue normal nowcast update.,OK
2025-01-05T05:10:00,05:10,ONLINE_SOL_2025_0105_RAMP_UP,SOL_PAVAGADA,PAV_S3_B02,5min,Real-time nowcast / control-room forecast,persistence + ramp-rate correction + SCADA quality gate,0.878,0.872,0,3.432,0.006,0.006,100.0,0.003,3.432,0.12,0,0,0,GOOD,GOOD,NORMAL,normal,NORMAL_LEARNING,NO_ACTION,Continue normal nowcast update.,OK
2025-01-05T05:15:00,05:15,ONLINE_SOL_2025_0105_RAMP_UP,SOL_PAVAGADA,PAV_S3_B02,5min,Real-time nowcast / control-room forecast,persistence + ramp-rate correction + SCADA quality gate,1.313,1.306,0,3.866,0.006,0.008,100.0,0.004,3.866,0.12,0,0,0,GOOD,GOOD,NORMAL,normal,NORMAL_LEARNING,NO_ACTION,Continue normal nowcast update.,OK
2025-01-05T05:20:00,05:20,ONLINE_SOL_2025_0105_RAMP_UP,SOL_PAVAGADA,PAV_S3_B02,5min,Real-time nowcast / control-room forecast,persistence + ramp-rate correction + SCADA quality gate,1.743,1.739,0,4.299,0.004,0.008,100.0,0.004,4.299,0.12,0,0,0,GOOD,GOOD,NORMAL,normal,NORMAL_LEARNING,NO_ACTION,Continue normal nowcast update.,OK
2025-01-05T05:25:00,05:25,ONLINE_SOL_2025_0105_RAMP_UP,SOL_PAVAGADA,PAV_S3_B02,5min,Real-time nowcast / control-room forecast,persistence + ramp-rate correction + SCADA quality gate,2.169,2.169,0,4.729,-0.0,0.007,100.0,0.003,4.729,0.12,0,0,0,GOOD,GOOD,NORMAL,normal,NORMAL_LEARNING,NO_ACTION,Continue normal nowcast update.,OK
2025-01-05T05:30:00,05:30,ONLINE_SOL_2025_0105_RAMP_UP,SOL_PAVAGADA,PAV_S3_B02,5min,Real-time nowcast / control-room forecast,persistence + ramp-rate correction + SCADA quality gate,2.59,2.597,0.037,5.157,-0.007,0.009,100.0,0.002,5.12,0.12,0,0,0,GOOD,GOOD,NORMAL,normal,NORMAL_LEARNING,NO_ACTION,Continue normal nowcast update.,OK
2025-01-05T05:35:00,05:35,ONLINE_SOL_2025_0105_RAMP_UP,SOL_PAVAGADA,PAV_S3_B02,5min,Real-time nowcast / control-room forecast,persistence + ramp-rate correction + SCADA quality gate,3.006,3.024,0.464,5.584,-0.018,0.014,100.0,-0.002,5.12,0.12,0,0,0,GOOD,GOOD,NORMAL,normal,NORMAL_LEARNING,NO_ACTION,Continue normal nowcast update.,OK
2025-01-05T05:40:00,05:40,ONLINE_SOL_2025_0105_RAMP_UP,SOL_PAVAGADA,PAV_S3_B02,5min,Real-time nowcast / control-room forecast,persistence + ramp-rate correction + SCADA quality gate,3.416,3.448,0.888,6.008,-0.032,0.023,100.0,-0.008,5.12,0.12,0,0,0,GOOD,GOOD,NORMAL,normal,NORMAL_LEARNING,NO_ACTION,Continue normal nowcast update.,OK
2025-01-05T05:45:00,05:45,ONLINE_SOL_2025_0105_RAMP_UP,SOL_PAVAGADA,PAV_S3_B02,5min,Real-time nowcast / control-room forecast,persistence + ramp-rate correction + SCADA quality gate,3.821,3.869,1.309,6.429,-0.048,0.037,100.0,-0.017,5.12,0.12,0,0,0,GOOD,GOOD,NORMAL,normal,NORMAL_LEARNING,NO_ACTION,Continue normal nowcast update.,OK
2025-01-05T05:50:00,05:50,ONLINE_SOL_2025_0105_RAMP_UP,SOL_PAVAGADA,PAV_S3_B02,5min,Real-time nowcast / control-room forecast,persistence + ramp-rate correction + SCADA quality gate,4.22,4.288,1.728,6.848,-0.068,0.058,100.0,-0.029,5.12,0.12,0,0,0,GOOD,GOOD,NORMAL,normal,NORMAL_LEARNING,NO_ACTION,Continue normal nowcast update.,OK
2025-01-05T05:55:00,05:55,ONLINE_SOL_2025_0105_RAMP_UP,SOL_PAVAGADA,PAV_S3_B02,5min,Real-time nowcast / control-room forecast,persistence + ramp-rate correction + SCADA quality gate,4.614,4.704,2.144,7.264,-0.09,0.088,100.0,-0.044,5.12,0.12,0,0,0,GOOD,GOOD,NORMAL,normal,NORMAL_LEARNING,NO_ACTION,Continue normal nowcast update.,OK
2025-01-05T06:00:00,06:00,ONLINE_SOL_2025_0105_RAMP_UP,SOL_PAVAGADA,PAV_S3_B02,5min,Real-time nowcast / control-room forecast,persistence + ramp-rate correction + SCADA quality gate,5.003,5.118,2.558,7.678,-0.115,0.124,100.0,-0.062,5.12,0.12,0,0,0,GOOD,GOOD,NORMAL,normal,NORMAL_LEARNING,NO_ACTION,Continue normal nowcast update.,OK
2025-01-05T06:05:00,06:05,ONLINE_SOL_2025_0105_RAMP_UP,SOL_PAVAGADA,PAV_S3_B02,5min,Real-time nowcast / control-room forecast,persistence + ramp-rate correction + SCADA quality gate,5.386,5.528,2.968,8.088,-0.142,0.165,100.0,-0.083,5.12,0.12,0,0,0,GOOD,GOOD,NORMAL,normal,NORMAL_LEARNING,NO_ACTION,Continue normal nowcast update.,OK
2025-01-05T06:10:00,06:10,ONLINE_SOL_2025_0105_RAMP_UP,SOL_PAVAGADA,PAV_S3_B02,5min,Real-time nowcast / control-room forecast,persistence + ramp-rate correction + SCADA quality gate,5.766,5.936,3.376,8.496,-0.17,0.211,100.0,-0.106,5.12,0.12,0,0,0,GOOD,GOOD,NORMAL,normal,NORMAL_LEARNING,NO_ACTION,Continue normal nowcast update.,OK
2025-01-05T06:15:00,06:15,ONLINE_SOL_2025_0105_RAMP_UP,SOL_PAVAGADA,PAV_S3_B02,5min,Real-time nowcast / control-room forecast,persistence + ramp-rate correction + SCADA quality gate,6.141,6.34,3.78,8.9,-0.198,0.261,100.0,-0.131,5.12,0.12,0,0,0,GOOD,GOOD,NORMAL,normal,NORMAL_LEARNING,NO_ACTION,Continue normal nowcast update.,OK
2025-01-05T06:20:00,06:20,ONLINE_SOL_2025_0105_RAMP_UP,SOL_PAVAGADA,PAV_S3_B02,5min,Real-time nowcast / control-room forecast,persistence + ramp-rate correction + SCADA quality gate,6.514,6.741,4.181,9.301,-0.227,0.314,100.0,-0.157,5.12,0.12,0,0,0,GOOD,GOOD,NORMAL,normal,NORMAL_LEARNING,NO_ACTION,Continue normal nowcast update.,OK
2025-01-05T06:25:00,06:25,ONLINE_SOL_2025_0105_RAMP_UP,SOL_PAVAGADA,PAV_S3_B02,5min,Real-time nowcast / control-room forecast,persistence + ramp-rate correction + SCADA quality gate,6.883,7.138,4.578,9.698,-0.255,0.369,100.0,-0.185,5.12,0.12,0,0,0,GOOD,GOOD,NORMAL,normal,NORMAL_LEARNING,NO_ACTION,Continue normal nowcast update.,OK
2025-01-05T06:30:00,06:30,ONLINE_SOL_2025_0105_RAMP_UP,SOL_PAVAGADA,PAV_S3_B02,5min,Real-time nowcast / control-room forecast,persistence + ramp-rate correction + SCADA quality gate,7.25,7.532,4.972,10.092,-0.282,0.425,100.0,-0.212,5.12,0.12,0,0,0,GOOD,GOOD,NORMAL,normal,NORMAL_LEARNING,NO_ACTION,Continue normal nowcast update.,OK
2025-01-05T06:35:00,06:35,ONLINE_SOL_2025_0105_RAMP_UP,SOL_PAVAGADA,PAV_S3_B02,5min,Real-time nowcast / control-room forecast,persistence + ramp-rate correction + SCADA quality gate,7.615,7.922,5.362,10.482,-0.307,0.48,100.0,-0.24,5.12,0.12,0,0,0,GOOD,GOOD,NORMAL,normal,NORMAL_LEARNING,NO_ACTION,Continue normal nowcast update.,OK
2025-01-05T06:40:00,06:40,ONLINE_SOL_2025_0105_RAMP_UP,SOL_PAVAGADA,PAV_S3_B02,5min,Real-time nowcast / control-room forecast,persistence + ramp-rate correction + SCADA quality gate,7.98,8.308,5.748,10.868,-0.329,0.533,100.0,-0.266,5.12,0.12,0,0,0,GOOD,GOOD,NORMAL,normal,NORMAL_LEARNING,NO_ACTION,Continue normal nowcast update.,OK
2025-01-05T06:45:00,06:45,ONLINE_SOL_2025_0105_RAMP_UP,SOL_PAVAGADA,PAV_S3_B02,5min,Real-time nowcast / control-room forecast,persistence + ramp-rate correction + SCADA quality gate,8.344,8.691,6.131,11.251,-0.347,0.583,100.0,-0.291,5.12,0.12,0,0,0,GOOD,GOOD,NORMAL,normal,NORMAL_LEARNING,NO_ACTION,Continue normal nowcast update.,OK
2025-01-05T06:50:00,06:50,ONLINE_SOL_2025_0105_RAMP_UP,SOL_PAVAGADA,PAV_S3_B02,5min,Real-time nowcast / control-room forecast,persistence + ramp-rate correction + SCADA quality gate,8.707,9.069,6.509,11.629,-0.362,0.627,100.0,-0.314,5.12,0.12,0,0,0,GOOD,GOOD,NORMAL,normal,NORMAL_LEARNING,NO_ACTION,Continue normal nowcast update.,OK
2025-01-05T06:55:00,06:55,ONLINE_SOL_2025_0105_RAMP_UP,SOL_PAVAGADA,PAV_S3_B02,5min,Real-time nowcast / control-room forecast,persistence + ramp-rate correction + SCADA quality gate,9.072,9.444,6.884,12.004,-0.372,0.666,100.0,-0.333,5.12,0.12,0,0,0,GOOD,GOOD,NORMAL,normal,NORMAL_LEARNING,NO_ACTION,Continue normal nowcast update.,OK
2025-01-05T07:00:00,07:00,ONLINE_SOL_2025_0105_RAMP_UP,SOL_PAVAGADA,PAV_S3_B02,5min,Real-time nowcast / control-room forecast,persistence + ramp-rate correction + SCADA quality gate,9.436,9.814,7.254,12.374,-0.377,0.698,100.0,-0.349,5.12,0.12,0,0,0,GOOD,GOOD,NORMAL,normal,NORMAL_LEARNING,NO_ACTION,Continue normal nowcast update.,OK
2025-01-05T07:05:00,07:05,ONLINE_SOL_2025_0105_RAMP_UP,SOL_PAVAGADA,PAV_S3_B02,5min,Real-time nowcast / control-room forecast,persistence + ramp-rate correction + SCADA quality gate,9.802,10.179,7.619,12.739,-0.377,0.721,100.0,-0.361,5.12,0.12,0,0,0,GOOD,GOOD,NORMAL,normal,NORMAL_LEARNING,NO_ACTION,Continue normal nowcast update.,OK
2025-01-05T07:10:00,07:10,ONLINE_SOL_2025_0105_RAMP_UP,SOL_PAVAGADA,PAV_S3_B02,5min,Real-time nowcast / control-room forecast,persistence + ramp-rate correction + SCADA quality gate,10.169,10.541,7.981,13.101,-0.372,0.736,100.0,-0.368,5.12,0.12,0,0,0,GOOD,GOOD,NORMAL,normal,NORMAL_LEARNING,NO_ACTION,Continue normal nowcast update.,OK
2025-01-05T07:15:00,07:15,ONLINE_SOL_2025_0105_RAMP_UP,SOL_PAVAGADA,PAV_S3_B02,5min,Real-time nowcast / control-room forecast,persistence + ramp-rate correction + SCADA quality gate,10.537,10.897,8.337,13.457,-0.361,0.74,100.0,-0.37,5.12,0.12,0,0,0,GOOD,GOOD,NORMAL,normal,NORMAL_LEARNING,NO_ACTION,Continue normal nowcast update.,OK
2025-01-05T07:20:00,07:20,ONLINE_SOL_2025_0105_RAMP_UP,SOL_PAVAGADA,PAV_S3_B02,5min,Real-time nowcast / control-room forecast,persistence + ramp-rate correction + SCADA quality gate,10.905,11.25,8.69,13.81,-0.344,0.734,100.0,-0.367,5.12,0.12,0,0,0,GOOD,GOOD,NORMAL,normal,NORMAL_LEARNING,NO_ACTION,Continue normal nowcast update.,OK
2025-01-05T07:25:00,07:25,ONLINE_SOL_2025_0105_RAMP_UP,SOL_PAVAGADA,PAV_S3_B02,5min,Real-time nowcast / control-room forecast,persistence + ramp-rate correction + SCADA quality gate,11.274,11.597,9.037,14.157,-0.323,0.718,100.0,-0.359,5.12,0.12,0,0,0,GOOD,GOOD,NORMAL,normal,NORMAL_LEARNING,NO_ACTION,Continue normal nowcast update.,OK
2025-01-05T07:30:00,07:30,ONLINE_SOL_2025_0105_RAMP_UP,SOL_PAVAGADA,PAV_S3_B02,5min,Real-time nowcast / control-room forecast,persistence + ramp-rate correction + SCADA quality gate,11.643,11.94,9.38,14.5,-0.296,0.691,100.0,-0.346,5.12,0.12,0,0,0,GOOD,GOOD,NORMAL,normal,NORMAL_LEARNING,NO_ACTION,Continue normal nowcast update.,OK
2025-01-05T07:35:00,07:35,ONLINE_SOL_2025_0105_RAMP_UP,SOL_PAVAGADA,PAV_S3_B02,5min,Real-time nowcast / control-room forecast,persistence + ramp-rate correction + SCADA quality gate,12.011,12.277,9.717,14.837,-0.266,0.654,100.0,-0.327,5.12,0.12,0,0,0,GOOD,GOOD,NORMAL,normal,NORMAL_LEARNING,NO_ACTION,Continue normal nowcast update.,OK
2025-01-05T07:40:00,07:40,ONLINE_SOL_2025_0105_RAMP_UP,SOL_PAVAGADA,PAV_S3_B02,5min,Real-time nowcast / control-room forecast,persistence + ramp-rate correction + SCADA quality gate,12.379,12.61,10.05,15.17,-0.231,0.607,100.0,-0.304,5.12,0.12,0,0,0,GOOD,GOOD,NORMAL,normal,NORMAL_LEARNING,NO_ACTION,Continue normal nowcast update.,OK
2025-01-05T07:45:00,07:45,ONLINE_SOL_2025_0105_RAMP_UP,SOL_PAVAGADA,PAV_S3_B02,5min,Real-time nowcast / control-room forecast,persistence + ramp-rate correction + SCADA quality gate,12.744,12.938,10.378,15.498,-0.194,0.551,100.0,-0.276,5.12,0.12,0,0,0,GOOD,GOOD,NORMAL,normal,NORMAL_LEARNING,NO_ACTION,Continue normal nowcast update.,OK
2025-01-05T07:50:00,07:50,ONLINE_SOL_2025_0105_RAMP_UP,SOL_PAVAGADA,PAV_S3_B02,5min,Real-time nowcast / control-room forecast,persistence + ramp-rate correction + SCADA quality gate,13.106,13.26,10.7,15.82,-0.154,0.488,100.0,-0.244,5.12,0.12,0,0,0,GOOD,GOOD,NORMAL,normal,NORMAL_LEARNING,NO_ACTION,Continue normal nowcast update.,OK
2025-01-05T07:55:00,07:55,ONLINE_SOL_2025_0105_RAMP_UP,SOL_PAVAGADA,PAV_S3_B02,5min,Real-time nowcast / control-room forecast,persistence + ramp-rate correction + SCADA quality gate,13.465,13.577,11.017,16.137,-0.113,0.418,100.0,-0.209,5.12,0.12,0,0,0,GOOD,GOOD,NORMAL,normal,NORMAL_LEARNING,NO_ACTION,Continue normal nowcast update.,OK
2025-01-05T08:00:00,08:00,ONLINE_SOL_2025_0105_RAMP_UP,SOL_PAVAGADA,PAV_S3_B02,5min,Real-time nowcast / control-room forecast,persistence + ramp-rate correction + SCADA quality gate,13.818,13.889,11.329,16.449,-0.071,0.343,100.0,-0.171,5.12,0.12,0,0,0,GOOD,GOOD,NORMAL,normal,NORMAL_LEARNING,NO_ACTION,Continue normal nowcast update.,OK
2025-01-05T08:05:00,08:05,ONLINE_SOL_2025_0105_RAMP_UP,SOL_PAVAGADA,PAV_S3_B02,5min,Real-time nowcast / control-room forecast,persistence + ramp-rate correction + SCADA quality gate,14.166,14.196,11.636,16.756,-0.03,0.264,100.0,-0.132,5.12,0.12,0,0,0,GOOD,GOOD,NORMAL,normal,NORMAL_LEARNING,NO_ACTION,Continue normal nowcast update.,OK
2025-01-05T08:10:00,08:10,ONLINE_SOL_2025_0105_RAMP_UP,SOL_PAVAGADA,PAV_S3_B02,5min,Real-time nowcast / control-room forecast,persistence + ramp-rate correction + SCADA quality gate,14.506,14.497,11.937,17.057,0.01,0.19,100.0,-0.092,5.12,0.12,0,0,0,GOOD,GOOD,NORMAL,normal,NORMAL_LEARNING,NO_ACTION,Continue normal nowcast update.,OK
2025-01-05T08:15:00,08:15,ONLINE_SOL_2025_0105_RAMP_UP,SOL_PAVAGADA,PAV_S3_B02,5min,Real-time nowcast / control-room forecast,persistence + ramp-rate correction + SCADA quality gate,14.839,14.792,12.232,17.352,0.046,0.141,100.0,-0.052,5.12,0.12,0,0,0,GOOD,GOOD,NORMAL,normal,NORMAL_LEARNING,NO_ACTION,Continue normal nowcast update.,OK
2025-01-05T08:20:00,08:20,ONLINE_SOL_2025_0105_RAMP_UP,SOL_PAVAGADA,PAV_S3_B02,5min,Real-time nowcast / control-room forecast,persistence + ramp-rate correction + SCADA quality gate,15.162,15.082,12.522,17.642,0.08,0.116,100.0,-0.013,5.12,0.12,0,0,0,GOOD,GOOD,NORMAL,normal,NORMAL_LEARNING,NO_ACTION,Continue normal nowcast update.,OK
2025-01-05T08:25:00,08:25,ONLINE_SOL_2025_0105_RAMP_UP,SOL_PAVAGADA,PAV_S3_B02,5min,Real-time nowcast / control-room forecast,persistence + ramp-rate correction + SCADA quality gate,15.476,15.367,12.807,17.927,0.109,0.115,100.0,0.024,5.12,0.12,0,0,0,GOOD,GOOD,NORMAL,normal,NORMAL_LEARNING,NO_ACTION,Continue normal nowcast update.,OK
2025-01-05T08:30:00,08:30,ONLINE_SOL_2025_0105_RAMP_UP,SOL_PAVAGADA,PAV_S3_B02,5min,Real-time nowcast / control-room forecast,persistence + ramp-rate correction + SCADA quality gate,15.778,15.645,13.085,18.205,0.132,0.136,100.0,0.058,5.12,0.12,0,0,0,GOOD,GOOD,NORMAL,normal,NORMAL_LEARNING,NO_ACTION,Continue normal nowcast update.,OK
2025-01-05T08:35:00,08:35,ONLINE_SOL_2025_0105_RAMP_UP,SOL_PAVAGADA,PAV_S3_B02,5min,Real-time nowcast / control-room forecast,persistence + ramp-rate correction + SCADA quality gate,16.068,15.918,13.358,18.478,0.15,0.176,100.0,0.088,5.12,0.12,0,0,0,GOOD,GOOD,NORMAL,normal,NORMAL_LEARNING,NO_ACTION,Continue normal nowcast update.,OK
2025-01-05T08:40:00,08:40,ONLINE_SOL_2025_0105_RAMP_UP,SOL_PAVAGADA,PAV_S3_B02,5min,Real-time nowcast / control-room forecast,persistence + ramp-rate correction + SCADA quality gate,16.346,16.185,13.625,18.745,0.16,0.226,100.0,0.113,5.12,0.12,0,0,0,GOOD,GOOD,NORMAL,normal,NORMAL_LEARNING,NO_ACTION,Continue normal nowcast update.,OK
2025-01-05T08:45:00,08:45,ONLINE_SOL_2025_0105_RAMP_UP,SOL_PAVAGADA,PAV_S3_B02,5min,Real-time nowcast / control-room forecast,persistence + ramp-rate correction + SCADA quality gate,16.61,16.446,13.886,19.006,0.164,0.265,100.0,0.132,5.12,0.12,0,0,0,GOOD,GOOD,NORMAL,normal,NORMAL_LEARNING,NO_ACTION,Continue normal nowcast update.,OK
2025-01-05T08:50:00,08:50,ONLINE_SOL_2025_0105_RAMP_UP,SOL_PAVAGADA,PAV_S3_B02,5min,Real-time nowcast / control-room forecast,persistence + ramp-rate correction + SCADA quality gate,16.861,16.701,14.141,19.261,0.16,0.292,100.0,0.146,5.12,0.12,0,0,0,GOOD,GOOD,NORMAL,normal,NORMAL_LEARNING,NO_ACTION,Continue normal nowcast update.,OK
2025-01-05T08:55:00,08:55,ONLINE_SOL_2025_0105_RAMP_UP,SOL_PAVAGADA,PAV_S3_B02,5min,Real-time nowcast / control-room forecast,persistence + ramp-rate correction + SCADA quality gate,17.098,16.95,14.39,19.51,0.148,0.305,100.0,0.152,5.12,0.12,0,0,0,GOOD,GOOD,NORMAL,normal,NORMAL_LEARNING,NO_ACTION,Continue normal nowcast update.,OK
2025-01-05T09:00:00,09:00,ONLINE_SOL_2025_0105_RAMP_UP,SOL_PAVAGADA,PAV_S3_B02,5min,Real-time nowcast / control-room forecast,persistence + ramp-rate correction + SCADA quality gate,17.321,17.193,14.633,19.753,0.128,0.303,100.0,0.152,5.12,0.12,0,0,0,GOOD,GOOD,NORMAL,normal,NORMAL_LEARNING,NO_ACTION,Continue normal nowcast update.,OK
2025-01-05T09:05:00,09:05,ONLINE_SOL_2025_0105_RAMP_UP,SOL_PAVAGADA,PAV_S3_B02,5min,Real-time nowcast / control-room forecast,persistence + ramp-rate correction + SCADA quality gate,17.53,17.43,14.87,19.99,0.1,0.287,100.0,0.143,5.12,0.12,0,0,0,GOOD,GOOD,NORMAL,normal,NORMAL_LEARNING,NO_ACTION,Continue normal nowcast update.,OK
2025-01-05T09:10:00,09:10,ONLINE_SOL_2025_0105_RAMP_UP,SOL_PAVAGADA,PAV_S3_B02,5min,Real-time nowcast / control-room forecast,persistence + ramp-rate correction + SCADA quality gate,17.726,17.661,15.101,20.221,0.065,0.255,100.0,0.127,5.12,0.12,0,0,0,GOOD,GOOD,NORMAL,normal,NORMAL_LEARNING,NO_ACTION,Continue normal nowcast update.,OK
2025-01-05T09:15:00,09:15,ONLINE_SOL_2025_0105_RAMP_UP,SOL_PAVAGADA,PAV_S3_B02,5min,Real-time nowcast / control-room forecast,persistence + ramp-rate correction + SCADA quality gate,17.908,17.886,15.326,20.446,0.022,0.207,100.0,0.104,5.12,0.12,0,0,0,GOOD,GOOD,NORMAL,normal,NORMAL_LEARNING,NO_ACTION,Continue normal nowcast update.,OK
2025-01-05T09:20:00,09:20,ONLINE_SOL_2025_0105_RAMP_UP,SOL_PAVAGADA,PAV_S3_B02,5min,Real-time nowcast / control-room forecast,persistence + ramp-rate correction + SCADA quality gate,18.078,18.104,15.544,20.664,-0.026,0.163,100.0,0.073,5.12,0.12,0,0,0,GOOD,GOOD,NORMAL,normal,NORMAL_LEARNING,NO_ACTION,Continue normal nowcast update.,OK
2025-01-05T09:25:00,09:25,ONLINE_SOL_2025_0105_RAMP_UP,SOL_PAVAGADA,PAV_S3_B02,5min,Real-time nowcast / control-room forecast,persistence + ramp-rate correction + SCADA quality gate,18.235,18.316,15.756,20.876,-0.081,0.141,100.0,0.035,5.12,0.12,0,0,0,GOOD,GOOD,NORMAL,normal,NORMAL_LEARNING,NO_ACTION,Continue normal nowcast update.,OK
2025-01-05T09:30:00,09:30,ONLINE_SOL_2025_0105_RAMP_UP,SOL_PAVAGADA,PAV_S3_B02,5min,Real-time nowcast / control-room forecast,persistence + ramp-rate correction + SCADA quality gate,18.382,18.522,15.962,21.082,-0.14,0.145,100.0,-0.01,5.12,0.12,0,0,0,GOOD,GOOD,NORMAL,normal,NORMAL_LEARNING,NO_ACTION,Continue normal nowcast update.,OK
2025-01-05T09:35:00,09:35,ONLINE_SOL_2025_0105_RAMP_UP,SOL_PAVAGADA,PAV_S3_B02,5min,Real-time nowcast / control-room forecast,persistence + ramp-rate correction + SCADA quality gate,18.518,18.721,16.161,21.281,-0.203,0.179,100.0,-0.06,5.12,0.12,0,0,0,GOOD,GOOD,NORMAL,normal,NORMAL_LEARNING,NO_ACTION,Continue normal nowcast update.,OK
2025-01-05T09:40:00,09:40,ONLINE_SOL_2025_0105_RAMP_UP,SOL_PAVAGADA,PAV_S3_B02,5min,Real-time nowcast / control-room forecast,persistence + ramp-rate correction + SCADA quality gate,18.645,18.914,16.354,21.474,-0.268,0.247,100.0,-0.116,5.12,0.12,0,0,0,GOOD,GOOD,NORMAL,normal,NORMAL_LEARNING,NO_ACTION,Continue normal nowcast update.,OK
2025-01-05T09:45:00,09:45,ONLINE_SOL_2025_0105_RAMP_UP,SOL_PAVAGADA,PAV_S3_B02,5min,Real-time nowcast / control-room forecast,persistence + ramp-rate correction + SCADA quality gate,18.764,19.1,16.54,21.66,-0.336,0.351,100.0,-0.176,5.12,0.12,0,0,0,GOOD,GOOD,NORMAL,normal,NORMAL_LEARNING,NO_ACTION,Continue normal nowcast update.,OK
2025-01-05T09:50:00,09:50,ONLINE_SOL_2025_0105_RAMP_UP,SOL_PAVAGADA,PAV_S3_B02,5min,Real-time nowcast / control-room forecast,persistence + ramp-rate correction + SCADA quality gate,18.877,19.28,16.72,21.84,-0.403,0.477,100.0,-0.238,5.12,0.12,0,0,0,GOOD,GOOD,NORMAL,normal,NORMAL_LEARNING,NO_ACTION,Continue normal nowcast update.,OK
2025-01-05T09:55:00,09:55,ONLINE_SOL_2025_0105_RAMP_UP,SOL_PAVAGADA,PAV_S3_B02,5min,Real-time nowcast / control-room forecast,persistence + ramp-rate correction + SCADA quality gate,18.984,19.453,16.893,22.013,-0.469,0.606,100.0,-0.303,5.12,0.12,0,0,0,GOOD,GOOD,NORMAL,normal,NORMAL_LEARNING,NO_ACTION,Continue normal nowcast update.,OK
2025-01-05T10:00:00,10:00,ONLINE_SOL_2025_0105_RAMP_UP,SOL_PAVAGADA,PAV_S3_B02,5min,Real-time nowcast / control-room forecast,persistence + ramp-rate correction + SCADA quality gate,19.087,19.62,17.06,22.18,-0.533,0.737,100.0,-0.369,5.12,0.12,0,0,0,GOOD,GOOD,NORMAL,normal,NORMAL_LEARNING,NO_ACTION,Continue normal nowcast update.,OK
2025-01-05T10:05:00,10:05,ONLINE_SOL_2025_0105_RAMP_UP,SOL_PAVAGADA,PAV_S3_B02,5min,Real-time nowcast / control-room forecast,persistence + ramp-rate correction + SCADA quality gate,19.187,19.78,17.22,22.34,-0.593,0.867,100.0,-0.434,5.12,0.12,0,0,0,GOOD,GOOD,NORMAL,normal,NORMAL_LEARNING,NO_ACTION,Continue normal nowcast update.,OK
2025-01-05T10:10:00,10:10,ONLINE_SOL_2025_0105_RAMP_UP,SOL_PAVAGADA,PAV_S3_B02,5min,Real-time nowcast / control-room forecast,persistence + ramp-rate correction + SCADA quality gate,19.285,19.934,17.374,22.494,-0.649,0.994,100.0,-0.497,5.12,0.12,0,0,0,GOOD,GOOD,NORMAL,normal,NORMAL_LEARNING,NO_ACTION,Continue normal nowcast update.,OK
2025-01-05T10:15:00,10:15,ONLINE_SOL_2025_0105_RAMP_UP,SOL_PAVAGADA,PAV_S3_B02,5min,Real-time nowcast / control-room forecast,persistence + ramp-rate correction + SCADA quality gate,19.382,20.081,17.521,22.641,-0.699,1.115,100.0,-0.558,5.12,0.12,0,0,0,GOOD,GOOD,NORMAL,normal,NORMAL_LEARNING,NO_ACTION,Continue normal nowcast update.,OK
2025-01-05T10:20:00,10:20,ONLINE_SOL_2025_0105_RAMP_UP,SOL_PAVAGADA,PAV_S3_B02,5min,Real-time nowcast / control-room forecast,persistence + ramp-rate correction + SCADA quality gate,19.48,20.221,17.661,22.781,-0.742,1.228,100.0,-0.614,5.12,0.12,0,0,0,GOOD,GOOD,NORMAL,normal,NORMAL_LEARNING,NO_ACTION,Continue normal nowcast update.,OK
2025-01-05T10:25:00,10:25,ONLINE_SOL_2025_0105_RAMP_UP,SOL_PAVAGADA,PAV_S3_B02,5min,Real-time nowcast / control-room forecast,persistence + ramp-rate correction + SCADA quality gate,19.578,20.355,17.795,22.915,-0.777,1.331,100.0,-0.665,5.12,0.12,0,0,0,GOOD,GOOD,NORMAL,normal,NORMAL_LEARNING,NO_ACTION,Continue normal nowcast update.,OK
2025-01-05T10:30:00,10:30,ONLINE_SOL_2025_0105_RAMP_UP,SOL_PAVAGADA,PAV_S3_B02,5min,Real-time nowcast / control-room forecast,persistence + ramp-rate correction + SCADA quality gate,19.678,20.482,17.922,23.042,-0.803,1.421,100.0,-0.71,5.12,0.12,0,0,0,GOOD,GOOD,NORMAL,normal,NORMAL_LEARNING,NO_ACTION,Continue normal nowcast update.,OK
2025-01-05T10:35:00,10:35,ONLINE_SOL_2025_0105_RAMP_UP,SOL_PAVAGADA,PAV_S3_B02,5min,Real-time nowcast / control-room forecast,persistence + ramp-rate correction + SCADA quality gate,19.781,20.602,18.042,23.162,-0.821,1.496,100.0,-0.748,5.12,0.12,0,0,0,GOOD,GOOD,NORMAL,normal,NORMAL_LEARNING,NO_ACTION,Continue normal nowcast update.,OK
2025-01-05T10:40:00,10:40,ONLINE_SOL_2025_0105_RAMP_UP,SOL_PAVAGADA,PAV_S3_B02,5min,Real-time nowcast / control-room forecast,persistence + ramp-rate correction + SCADA quality gate,19.887,20.715,18.155,23.275,-0.829,1.556,100.0,-0.778,5.12,0.12,0,0,0,GOOD,GOOD,NORMAL,normal,NORMAL_LEARNING,NO_ACTION,Continue normal nowcast update.,OK
2025-01-05T10:45:00,10:45,ONLINE_SOL_2025_0105_RAMP_UP,SOL_PAVAGADA,PAV_S3_B02,5min,Real-time nowcast / control-room forecast,persistence + ramp-rate correction + SCADA quality gate,19.995,20.822,18.262,23.382,-0.827,1.599,100.0,-0.8,5.12,0.12,0,0,0,GOOD,GOOD,NORMAL,normal,NORMAL_LEARNING,NO_ACTION,Continue normal nowcast update.,OK
2025-01-05T10:50:00,10:50,ONLINE_SOL_2025_0105_RAMP_UP,SOL_PAVAGADA,PAV_S3_B02,5min,Real-time nowcast / control-room forecast,persistence + ramp-rate correction + SCADA quality gate,20.106,20.922,18.362,23.482,-0.815,1.624,100.0,-0.812,5.12,0.12,0,0,0,GOOD,GOOD,NORMAL,normal,NORMAL_LEARNING,NO_ACTION,Continue normal nowcast update.,OK
2025-01-05T10:55:00,10:55,ONLINE_SOL_2025_0105_RAMP_UP,SOL_PAVAGADA,PAV_S3_B02,5min,Real-time nowcast / control-room forecast,persistence + ramp-rate correction + SCADA quality gate,20.22,21.015,18.455,23.575,-0.794,1.629,100.0,-0.815,5.12,0.12,0,0,0,GOOD,GOOD,NORMAL,normal,NORMAL_LEARNING,NO_ACTION,Continue normal nowcast update.,OK
2025-01-05T11:00:00,11:00,ONLINE_SOL_2025_0105_RAMP_UP,SOL_PAVAGADA,PAV_S3_B02,5min,Real-time nowcast / control-room forecast,persistence + ramp-rate correction + SCADA quality gate,20.337,21.101,18.541,23.661,-0.764,1.616,100.0,-0.808,5.12,0.12,0,0,0,GOOD,GOOD,NORMAL,normal,NORMAL_LEARNING,NO_ACTION,Continue normal nowcast update.,OK
2025-01-05T11:05:00,11:05,ONLINE_SOL_2025_0105_RAMP_UP,SOL_PAVAGADA,PAV_S3_B02,5min,Real-time nowcast / control-room forecast,persistence + ramp-rate correction + SCADA quality gate,20.455,21.18,18.62,23.74,-0.725,1.584,100.0,-0.792,5.12,0.12,0,0,0,GOOD,GOOD,NORMAL,normal,NORMAL_LEARNING,NO_ACTION,Continue normal nowcast update.,OK
2025-01-05T11:10:00,11:10,ONLINE_SOL_2025_0105_RAMP_UP,SOL_PAVAGADA,PAV_S3_B02,5min,Real-time nowcast / control-room forecast,persistence + ramp-rate correction + SCADA quality gate,20.575,21.253,18.693,23.813,-0.678,1.534,100.0,-0.767,5.12,0.12,0,0,0,GOOD,GOOD,NORMAL,normal,NORMAL_LEARNING,NO_ACTION,Continue normal nowcast update.,OK
2025-01-05T11:15:00,11:15,ONLINE_SOL_2025_0105_RAMP_UP,SOL_PAVAGADA,PAV_S3_B02,5min,Real-time nowcast / control-room forecast,persistence + ramp-rate correction + SCADA quality gate,20.695,21.318,18.758,23.878,-0.623,1.466,100.0,-0.733,5.12,0.12,0,0,0,GOOD,GOOD,NORMAL,normal,NORMAL_LEARNING,NO_ACTION,Continue normal nowcast update.,OK
2025-01-05T11:20:00,11:20,ONLINE_SOL_2025_0105_RAMP_UP,SOL_PAVAGADA,PAV_S3_B02,5min,Real-time nowcast / control-room forecast,persistence + ramp-rate correction + SCADA quality gate,20.814,21.377,18.817,23.937,-0.563,1.382,100.0,-0.691,5.12,0.12,0,0,0,GOOD,GOOD,NORMAL,normal,NORMAL_LEARNING,NO_ACTION,Continue normal nowcast update.,OK
2025-01-05T11:25:00,11:25,ONLINE_SOL_2025_0105_RAMP_UP,SOL_PAVAGADA,PAV_S3_B02,5min,Real-time nowcast / control-room forecast,persistence + ramp-rate correction + SCADA quality gate,20.931,21.429,18.869,23.989,-0.498,1.284,100.0,-0.642,5.12,0.12,0,0,0,GOOD,GOOD,NORMAL,normal,NORMAL_LEARNING,NO_ACTION,Continue normal nowcast update.,OK
2025-01-05T11:30:00,11:30,ONLINE_SOL_2025_0105_RAMP_UP,SOL_PAVAGADA,PAV_S3_B02,5min,Real-time nowcast / control-room forecast,persistence + ramp-rate correction + SCADA quality gate,21.044,21.474,18.914,24.034,-0.429,1.172,100.0,-0.586,5.12,0.12,0,0,0,GOOD,GOOD,NORMAL,normal,NORMAL_LEARNING,NO_ACTION,Continue normal nowcast update.,OK
2025-01-05T11:35:00,11:35,ONLINE_SOL_2025_0105_RAMP_UP,SOL_PAVAGADA,PAV_S3_B02,5min,Real-time nowcast / control-room forecast,persistence + ramp-rate correction + SCADA quality gate,21.154,21.512,18.952,24.072,-0.358,1.05,100.0,-0.525,5.12,0.12,0,0,0,GOOD,GOOD,NORMAL,normal,NORMAL_LEARNING,NO_ACTION,Continue normal nowcast update.,OK
2025-01-05T11:40:00,11:40,ONLINE_SOL_2025_0105_RAMP_UP,SOL_PAVAGADA,PAV_S3_B02,5min,Real-time nowcast / control-room forecast,persistence + ramp-rate correction + SCADA quality gate,21.257,21.543,18.983,24.103,-0.286,0.919,100.0,-0.46,5.12,0.12,0,0,0,GOOD,GOOD,NORMAL,normal,NORMAL_LEARNING,NO_ACTION,Continue normal nowcast update.,OK
2025-01-05T11:45:00,11:45,ONLINE_SOL_2025_0105_RAMP_UP,SOL_PAVAGADA,PAV_S3_B02,5min,Real-time nowcast / control-room forecast,persistence + ramp-rate correction + SCADA quality gate,21.353,21.567,19.007,24.127,-0.214,0.783,100.0,-0.391,5.12,0.12,0,0,0,GOOD,GOOD,NORMAL,normal,NORMAL_LEARNING,NO_ACTION,Continue normal nowcast update.,OK
2025-01-05T11:50:00,11:50,ONLINE_SOL_2025_0105_RAMP_UP,SOL_PAVAGADA,PAV_S3_B02,5min,Real-time nowcast / control-room forecast,persistence + ramp-rate correction + SCADA quality gate,21.44,21.584,19.024,24.144,-0.144,0.643,100.0,-0.322,5.12,0.12,0,0,0,GOOD,GOOD,NORMAL,normal,NORMAL_LEARNING,NO_ACTION,Continue normal nowcast update.,OK
2025-01-05T11:55:00,11:55,ONLINE_SOL_2025_0105_RAMP_UP,SOL_PAVAGADA,PAV_S3_B02,5min,Real-time nowcast / control-room forecast,persistence + ramp-rate correction + SCADA quality gate,21.518,21.595,19.035,24.155,-0.077,0.503,100.0,-0.251,5.12,0.12,0,0,0,GOOD,GOOD,NORMAL,normal,NORMAL_LEARNING,NO_ACTION,Continue normal nowcast update.,OK
2025-01-05T12:00:00,12:00,ONLINE_SOL_2025_0105_RAMP_UP,SOL_PAVAGADA,PAV_S3_B02,5min,Real-time nowcast / control-room forecast,persistence + ramp-rate correction + SCADA quality gate,21.584,21.598,19.038,24.158,-0.015,0.365,100.0,-0.182,5.12,0.12,0,0,0,GOOD,GOOD,NORMAL,normal,NORMAL_LEARNING,NO_ACTION,Continue normal nowcast update.,OK
2025-01-05T12:05:00,12:05,ONLINE_SOL_2025_0105_RAMP_UP,SOL_PAVAGADA,PAV_S3_B02,5min,Real-time nowcast / control-room forecast,persistence + ramp-rate correction + SCADA quality gate,21.637,21.595,19.035,24.155,0.042,0.259,100.0,-0.116,5.12,0.12,0,0,0,GOOD,GOOD,NORMAL,normal,NORMAL_LEARNING,NO_ACTION,Continue normal nowcast update.,OK
2025-01-05T12:10:00,12:10,ONLINE_SOL_2025_0105_RAMP_UP,SOL_PAVAGADA,PAV_S3_B02,5min,Real-time nowcast / control-room forecast,persistence + ramp-rate correction + SCADA quality gate,21.677,21.584,19.024,24.144,0.092,0.195,100.0,-0.053,5.12,0.12,0,0,0,GOOD,GOOD,NORMAL,normal,NORMAL_LEARNING,NO_ACTION,Continue normal nowcast update.,OK
2025-01-05T12:15:00,12:15,ONLINE_SOL_2025_0105_RAMP_UP,SOL_PAVAGADA,PAV_S3_B02,5min,Real-time nowcast / control-room forecast,persistence + ramp-rate correction + SCADA quality gate,21.702,21.567,19.007,24.127,0.135,0.168,100.0,0.006,5.12,0.12,0,0,0,GOOD,GOOD,NORMAL,normal,NORMAL_LEARNING,NO_ACTION,Continue normal nowcast update.,OK
2025-01-05T12:20:00,12:20,ONLINE_SOL_2025_0105_RAMP_UP,SOL_PAVAGADA,PAV_S3_B02,5min,Real-time nowcast / control-room forecast,persistence + ramp-rate correction + SCADA quality gate,21.711,21.543,18.983,24.103,0.169,0.176,100.0,0.058,5.12,0.12,0,0,0,GOOD,GOOD,NORMAL,normal,NORMAL_LEARNING,NO_ACTION,Continue normal nowcast update.,OK
2025-01-05T12:25:00,12:25,ONLINE_SOL_2025_0105_RAMP_UP,SOL_PAVAGADA,PAV_S3_B02,5min,Real-time nowcast / control-room forecast,persistence + ramp-rate correction + SCADA quality gate,21.705,21.512,18.952,24.072,0.193,0.215,100.0,0.103,5.12,0.12,0,0,0,GOOD,GOOD,NORMAL,normal,NORMAL_LEARNING,NO_ACTION,Continue normal nowcast update.,OK
2025-01-05T12:30:00,12:30,ONLINE_SOL_2025_0105_RAMP_UP,SOL_PAVAGADA,PAV_S3_B02,5min,Real-time nowcast / control-room forecast,persistence + ramp-rate correction + SCADA quality gate,21.682,21.474,18.914,24.034,0.209,0.28,100.0,0.14,5.12,0.12,0,0,0,GOOD,GOOD,NORMAL,normal,NORMAL_LEARNING,NO_ACTION,Continue normal nowcast update.,OK
2025-01-05T12:35:00,12:35,ONLINE_SOL_2025_0105_RAMP_UP,SOL_PAVAGADA,PAV_S3_B02,5min,Real-time nowcast / control-room forecast,persistence + ramp-rate correction + SCADA quality gate,21.643,21.429,18.869,23.989,0.214,0.337,100.0,0.169,5.12,0.12,0,0,0,GOOD,GOOD,NORMAL,normal,NORMAL_LEARNING,NO_ACTION,Continue normal nowcast update.,OK
2025-01-05T12:40:00,12:40,ONLINE_SOL_2025_0105_RAMP_UP,SOL_PAVAGADA,PAV_S3_B02,5min,Real-time nowcast / control-room forecast,persistence + ramp-rate correction + SCADA quality gate,21.587,21.377,18.817,23.937,0.21,0.376,100.0,0.188,5.12,0.12,0,0,0,GOOD,GOOD,NORMAL,normal,NORMAL_LEARNING,NO_ACTION,Continue normal nowcast update.,OK
2025-01-05T12:45:00,12:45,ONLINE_SOL_2025_0105_RAMP_UP,SOL_PAVAGADA,PAV_S3_B02,5min,Real-time nowcast / control-room forecast,persistence + ramp-rate correction + SCADA quality gate,21.514,21.318,18.758,23.878,0.196,0.397,100.0,0.198,5.12,0.12,0,0,0,GOOD,GOOD,NORMAL,normal,NORMAL_LEARNING,NO_ACTION,Continue normal nowcast update.,OK
2025-01-05T12:50:00,12:50,ONLINE_SOL_2025_0105_RAMP_UP,SOL_PAVAGADA,PAV_S3_B02,5min,Real-time nowcast / control-room forecast,persistence + ramp-rate correction + SCADA quality gate,21.425,21.253,18.693,23.813,0.173,0.398,100.0,0.199,5.12,0.12,0,0,0,GOOD,GOOD,NORMAL,normal,NORMAL_LEARNING,NO_ACTION,Continue normal nowcast update.,OK
2025-01-05T12:55:00,12:55,ONLINE_SOL_2025_0105_RAMP_UP,SOL_PAVAGADA,PAV_S3_B02,5min,Real-time nowcast / control-room forecast,persistence + ramp-rate correction + SCADA quality gate,21.32,21.18,18.62,23.74,0.14,0.381,100.0,0.19,5.12,0.12,0,0,0,GOOD,GOOD,NORMAL,normal,NORMAL_LEARNING,NO_ACTION,Continue normal nowcast update.,OK
2025-01-05T13:00:00,13:00,ONLINE_SOL_2025_0105_RAMP_UP,SOL_PAVAGADA,PAV_S3_B02,5min,Real-time nowcast / control-room forecast,persistence + ramp-rate correction + SCADA quality gate,21.201,21.101,18.541,23.661,0.1,0.344,100.0,0.172,5.12,0.1201,0,0,0,GOOD,GOOD,NORMAL,normal,NORMAL_LEARNING,NO_ACTION,Continue normal nowcast update.,OK
2025-01-05T13:05:00,13:05,ONLINE_SOL_2025_0105_RAMP_UP,SOL_PAVAGADA,PAV_S3_B02,5min,Real-time nowcast / control-room forecast,persistence + ramp-rate correction + SCADA quality gate,21.067,21.015,18.455,23.575,0.052,0.29,100.0,0.145,5.12,0.1201,0,0,0,GOOD,GOOD,NORMAL,normal,NORMAL_LEARNING,NO_ACTION,Continue normal nowcast update.,OK
2025-01-05T13:10:00,13:10,ONLINE_SOL_2025_0105_RAMP_UP,SOL_PAVAGADA,PAV_S3_B02,5min,Real-time nowcast / control-room forecast,persistence + ramp-rate correction + SCADA quality gate,20.92,20.922,18.362,23.482,-0.002,0.221,100.0,0.11,5.12,0.1201,0,0,0,GOOD,GOOD,NORMAL,normal,NORMAL_LEARNING,NO_ACTION,Continue normal nowcast update.,OK
2025-01-05T13:15:00,13:15,ONLINE_SOL_2025_0105_RAMP_UP,SOL_PAVAGADA,PAV_S3_B02,5min,Real-time nowcast / control-room forecast,persistence + ramp-rate correction + SCADA quality gate,20.761,20.822,18.262,23.382,-0.061,0.176,100.0,0.067,5.12,0.1202,0,0,0,GOOD,GOOD,NORMAL,normal,NORMAL_LEARNING,NO_ACTION,Continue normal nowcast update.,OK
2025-01-05T13:20:00,13:20,ONLINE_SOL_2025_0105_RAMP_UP,SOL_PAVAGADA,PAV_S3_B02,5min,Real-time nowcast / control-room forecast,persistence + ramp-rate correction + SCADA quality gate,20.591,20.715,18.155,23.275,-0.124,0.16,100.0,0.018,5.12,0.1203,0,0,0,GOOD,GOOD,NORMAL,normal,NORMAL_LEARNING,NO_ACTION,Continue normal nowcast update.,OK
2025-01-05T13:25:00,13:25,ONLINE_SOL_2025_0105_RAMP_UP,SOL_PAVAGADA,PAV_S3_B02,5min,Real-time nowcast / control-room forecast,persistence + ramp-rate correction + SCADA quality gate,20.412,20.602,18.042,23.162,-0.19,0.176,100.0,-0.037,5.12,0.1204,0,0,0,GOOD,GOOD,NORMAL,normal,NORMAL_LEARNING,NO_ACTION,Continue normal nowcast update.,OK
2025-01-05T13:30:00,13:30,ONLINE_SOL_2025_0105_RAMP_UP,SOL_PAVAGADA,PAV_S3_B02,5min,Real-time nowcast / control-room forecast,persistence + ramp-rate correction + SCADA quality gate,20.225,20.482,17.922,23.042,-0.257,0.229,100.0,-0.097,5.12,0.1206,0,0,0,GOOD,GOOD,NORMAL,normal,NORMAL_LEARNING,NO_ACTION,Continue normal nowcast update.,OK
2025-01-05T13:35:00,13:35,ONLINE_SOL_2025_0105_RAMP_UP,SOL_PAVAGADA,PAV_S3_B02,5min,Real-time nowcast / control-room forecast,persistence + ramp-rate correction + SCADA quality gate,20.031,20.356,17.796,22.916,-0.325,0.319,100.0,-0.16,5.12,0.1209,0,0,0,GOOD,GOOD,NORMAL,normal,NORMAL_LEARNING,NO_ACTION,Continue normal nowcast update.,OK
2025-01-05T13:40:00,13:40,ONLINE_SOL_2025_0105_RAMP_UP,SOL_PAVAGADA,PAV_S3_B02,5min,Real-time nowcast / control-room forecast,persistence + ramp-rate correction + SCADA quality gate,19.832,20.223,17.663,22.783,-0.391,0.449,100.0,-0.225,5.12,0.1213,0,0,0,GOOD,GOOD,NORMAL,normal,NORMAL_LEARNING,NO_ACTION,Continue normal nowcast update.,OK
2025-01-05T13:45:00,13:45,ONLINE_SOL_2025_0105_RAMP_UP,SOL_PAVAGADA,PAV_S3_B02,5min,Real-time nowcast / control-room forecast,persistence + ramp-rate correction + SCADA quality gate,19.628,20.084,17.524,22.644,-0.455,0.581,100.0,-0.29,5.12,0.122,0,0,0,GOOD,GOOD,NORMAL,normal,NORMAL_LEARNING,NO_ACTION,Continue normal nowcast update.,OK
2025-01-05T13:50:00,13:50,ONLINE_SOL_2025_0105_RAMP_UP,SOL_PAVAGADA,PAV_S3_B02,5min,Real-time nowcast / control-room forecast,persistence + ramp-rate correction + SCADA quality gate,19.422,19.939,17.379,22.499,-0.516,0.712,100.0,-0.356,5.12,0.1229,0,0,0,GOOD,GOOD,NORMAL,normal,NORMAL_LEARNING,NO_ACTION,Continue normal nowcast update.,OK
2025-01-05T13:55:00,13:55,ONLINE_SOL_2025_0105_RAMP_UP,SOL_PAVAGADA,PAV_S3_B02,5min,Real-time nowcast / control-room forecast,persistence + ramp-rate correction + SCADA quality gate,19.214,19.788,17.228,22.348,-0.573,0.839,100.0,-0.42,5.12,0.1244,0,0,0,GOOD,GOOD,NORMAL,normal,NORMAL_LEARNING,NO_ACTION,Continue normal nowcast update.,OK
2025-01-05T14:00:00,14:00,ONLINE_SOL_2025_0105_RAMP_UP,SOL_PAVAGADA,PAV_S3_B02,5min,Real-time nowcast / control-room forecast,persistence + ramp-rate correction + SCADA quality gate,19.006,19.631,17.071,22.191,-0.626,0.962,100.0,-0.481,5.12,0.1265,0,0,0,GOOD,GOOD,NORMAL,normal,NORMAL_LEARNING,NO_ACTION,Continue normal nowcast update.,OK
2025-01-05T14:05:00,14:05,ONLINE_SOL_2025_0105_RAMP_UP,SOL_PAVAGADA,PAV_S3_B02,5min,Real-time nowcast / control-room forecast,persistence + ramp-rate correction + SCADA quality gate,18.798,19.471,16.911,22.031,-0.673,1.078,100.0,-0.539,5.12,0.1297,0,0,0,GOOD,GOOD,NORMAL,normal,NORMAL_LEARNING,NO_ACTION,Continue normal nowcast update.,OK
2025-01-05T14:10:00,14:10,ONLINE_SOL_2025_0105_RAMP_UP,SOL_PAVAGADA,PAV_S3_B02,5min,Real-time nowcast / control-room forecast,persistence + ramp-rate correction + SCADA quality gate,18.591,19.307,16.747,21.867,-0.716,1.187,100.0,-0.593,5.12,0.1344,0,0,0,GOOD,GOOD,NORMAL,normal,NORMAL_LEARNING,NO_ACTION,Continue normal nowcast update.,OK
2025-01-05T14:15:00,14:15,ONLINE_SOL_2025_0105_RAMP_UP,SOL_PAVAGADA,PAV_S3_B02,5min,Real-time nowcast / control-room forecast,persistence + ramp-rate correction + SCADA quality gate,18.386,19.143,16.583,21.703,-0.757,1.287,100.0,-0.644,5.12,0.1413,0,0,0,GOOD,GOOD,NORMAL,normal,NORMAL_LEARNING,NO_ACTION,Continue normal nowcast update.,OK
2025-01-05T14:20:00,14:20,ONLINE_SOL_2025_0105_RAMP_UP,SOL_PAVAGADA,PAV_S3_B02,5min,Real-time nowcast / control-room forecast,persistence + ramp-rate correction + SCADA quality gate,18.184,18.98,16.42,21.54,-0.796,1.38,100.0,-0.69,5.12,0.1513,0,0,0,GOOD,GOOD,NORMAL,normal,NORMAL_LEARNING,NO_ACTION,Continue normal nowcast update.,OK
2025-01-05T14:25:00,14:25,ONLINE_SOL_2025_0105_RAMP_UP,SOL_PAVAGADA,PAV_S3_B02,5min,Real-time nowcast / control-room forecast,persistence + ramp-rate correction + SCADA quality gate,17.984,18.824,16.264,21.384,-0.84,1.469,100.0,-0.735,5.12,0.1659,0,0,0,GOOD,GOOD,NORMAL,normal,NORMAL_LEARNING,NO_ACTION,Continue normal nowcast update.,OK
2025-01-05T14:30:00,14:30,ONLINE_SOL_2025_0105_RAMP_UP,SOL_PAVAGADA,PAV_S3_B02,5min,Real-time nowcast / control-room forecast,persistence + ramp-rate correction + SCADA quality gate,17.788,18.681,16.121,21.241,-0.893,1.558,100.0,-0.779,5.12,0.1865,0,0,0,GOOD,GOOD,NORMAL,normal,NORMAL_LEARNING,NO_ACTION,Continue normal nowcast update.,OK
2025-01-05T14:35:00,14:35,ONLINE_SOL_2025_0105_RAMP_UP,SOL_PAVAGADA,PAV_S3_B02,5min,Real-time nowcast / control-room forecast,persistence + ramp-rate correction + SCADA quality gate,17.595,18.562,16.002,21.122,-0.967,1.656,100.0,-0.828,5.12,0.2154,0,0,0,GOOD,GOOD,NORMAL,normal,NORMAL_LEARNING,NO_ACTION,Continue normal nowcast update.,OK
2025-01-05T14:40:00,14:40,ONLINE_SOL_2025_0105_RAMP_UP,SOL_PAVAGADA,PAV_S3_B02,5min,Real-time nowcast / control-room forecast,persistence + ramp-rate correction + SCADA quality gate,17.407,18.483,15.923,21.043,-1.076,1.776,100.0,-0.888,5.12,0.2544,0,0,0,GOOD,GOOD,NORMAL,normal,NORMAL_LEARNING,NO_ACTION,Continue normal nowcast update.,OK
2025-01-05T14:45:00,14:45,ONLINE_SOL_2025_0105_RAMP_UP,SOL_PAVAGADA,PAV_S3_B02,5min,Real-time nowcast / control-room forecast,persistence + ramp-rate correction + SCADA quality gate,17.223,18.467,15.907,21.027,-1.244,1.939,100.0,-0.969,5.12,0.3052,0,0,0,GOOD,GOOD,NORMAL,normal,NORMAL_LEARNING,NO_ACTION,Continue normal nowcast update.,OK
2025-01-05T14:50:00,14:50,ONLINE_SOL_2025_0105_RAMP_UP,SOL_PAVAGADA,PAV_S3_B02,5min,Real-time nowcast / control-room forecast,persistence + ramp-rate correction + SCADA quality gate,17.045,18.548,15.988,21.108,-1.503,2.174,100.0,-1.087,5.12,0.368,0,0,0,GOOD,GOOD,NORMAL,normal,NORMAL_LEARNING,NO_ACTION,Continue normal nowcast update.,OK
2025-01-05T14:55:00,14:55,ONLINE_SOL_2025_0105_RAMP_UP,SOL_PAVAGADA,PAV_S3_B02,5min,Real-time nowcast / control-room forecast,persistence + ramp-rate correction + SCADA quality gate,16.875,18.772,16.212,21.332,-1.897,2.527,100.0,-1.263,5.12,0.441,0,0,0,GOOD,GOOD,NORMAL,normal,NORMAL_LEARNING,NO_ACTION,Continue normal nowcast update.,OK
2025-01-05T15:00:00,15:00,ONLINE_SOL_2025_0105_RAMP_UP,SOL_PAVAGADA,PAV_S3_B02,5min,Real-time nowcast / control-room forecast,persistence + ramp-rate correction + SCADA quality gate,16.716,19.197,16.637,21.757,-2.481,3.056,100.0,-1.528,5.12,0.52,0,0,55,GOOD,GOOD,NORMAL,normal,NORMAL_LEARNING,NO_ACTION,Continue normal nowcast update.,OK
2025-01-05T15:05:00,15:05,ONLINE_SOL_2025_0105_RAMP_UP,SOL_PAVAGADA,PAV_S3_B02,5min,Real-time nowcast / control-room forecast,persistence + ramp-rate correction + SCADA quality gate,16.573,19.889,17.329,22.449,-3.316,3.839,83.333,-1.92,5.12,0.599,0,0,55,GOOD,GOOD,NORMAL,normal,NORMAL_LEARNING,NO_ACTION,Continue normal nowcast update.,OK
2025-01-05T15:10:00,15:10,ONLINE_SOL_2025_0105_RAMP_UP,SOL_PAVAGADA,PAV_S3_B02,5min,Real-time nowcast / control-room forecast,persistence + ramp-rate correction + SCADA quality gate,16.455,20.904,18.344,23.464,-4.449,4.963,66.667,-2.482,5.12,0.672,25,0,55,GOOD,GOOD,NORMAL,normal,PRE_EVENT_RAMP_WARNING_LEARNED,NO_ACTION,Continue normal nowcast update.,OK
2025-01-05T15:15:00,15:15,ONLINE_SOL_2025_0105_RAMP_UP,SOL_PAVAGADA,PAV_S3_B02,5min,Real-time nowcast / control-room forecast,persistence + ramp-rate correction + SCADA quality gate,16.374,22.256,19.696,24.816,-5.882,6.509,50.0,-3.255,5.12,0.7348,20,0,55,GOOD,GOOD,NORMAL,normal,PRE_EVENT_RAMP_WARNING_LEARNED,SHORT_REFRESH,Refresh very-short-term residual weight using latest 30 minutes.,REFRESH
2025-01-05T15:20:00,15:20,ONLINE_SOL_2025_0105_RAMP_UP,SOL_PAVAGADA,PAV_S3_B02,5min,Real-time nowcast / control-room forecast,persistence + ramp-rate correction + SCADA quality gate,16.35,23.887,20.175,27.599,-7.537,8.521,33.333,-4.26,7.424,0.7856,15,35,55,GOOD,GOOD,ANOMALOUS,weather,PRE_EVENT_RAMP_WARNING_LEARNED,EVENT_MODE_ON,Increase ramp sensitivity; keep nowcast on event mode until actual stabilizes.,REFRESH
2025-01-05T15:25:00,15:25,ONLINE_SOL_2025_0105_RAMP_UP,SOL_PAVAGADA,PAV_S3_B02,5min,Real-time nowcast / control-room forecast,persistence + ramp-rate correction + SCADA quality gate,16.412,25.646,21.934,29.358,-9.234,10.967,16.667,-5.483,7.424,0.8246,10,35,55,GOOD,GOOD,ANOMALOUS,weather,PRE_EVENT_RAMP_WARNING_LEARNED,EVENT_MODE_ON,Increase ramp sensitivity; keep nowcast on event mode until actual stabilizes.,REFRESH
2025-01-05T15:30:00,15:30,ONLINE_SOL_2025_0105_RAMP_UP,SOL_PAVAGADA,PAV_S3_B02,5min,Real-time nowcast / control-room forecast,persistence + ramp-rate correction + SCADA quality gate,16.598,27.322,23.61,31.034,-10.724,13.714,0.0,-6.857,7.424,0.8535,5,35,55,GOOD,GOOD,ANOMALOUS,weather,PRE_EVENT_RAMP_WARNING_LEARNED,EVENT_MODE_ON,Increase ramp sensitivity; keep nowcast on event mode until actual stabilizes.,REFRESH
2025-01-05T15:35:00,15:35,ONLINE_SOL_2025_0105_RAMP_UP,SOL_PAVAGADA,PAV_S3_B02,5min,Real-time nowcast / control-room forecast,persistence + ramp-rate correction + SCADA quality gate,16.959,28.72,25.008,32.432,-11.761,16.529,0.0,-8.265,7.424,0.8741,0,35,82,GOOD,GOOD,ANOMALOUS,weather,ACTUAL_RAMP_CONFIRMED,EVENT_MODE_ON,Increase ramp sensitivity; keep nowcast on event mode until actual stabilizes.,REFRESH
2025-01-05T15:40:00,15:40,ONLINE_SOL_2025_0105_RAMP_UP,SOL_PAVAGADA,PAV_S3_B02,5min,Real-time nowcast / control-room forecast,persistence + ramp-rate correction + SCADA quality gate,17.551,29.722,26.01,33.434,-12.17,19.103,0.0,-9.552,7.424,0.8887,0,35,82,GOOD,GOOD,ANOMALOUS,weather,ACTUAL_RAMP_CONFIRMED,EVENT_MODE_ON,Increase ramp sensitivity; keep nowcast on event mode until actual stabilizes.,REFRESH
2025-01-05T15:45:00,15:45,ONLINE_SOL_2025_0105_RAMP_UP,SOL_PAVAGADA,PAV_S3_B02,5min,Real-time nowcast / control-room forecast,persistence + ramp-rate correction + SCADA quality gate,18.42,30.308,26.596,34.02,-11.887,21.105,0.0,-10.552,7.424,0.8987,0,35,82,GOOD,GOOD,ANOMALOUS,weather,ACTUAL_RAMP_CONFIRMED,EVENT_MODE_ON,Increase ramp sensitivity; keep nowcast on event mode until actual stabilizes.,REFRESH
2025-01-05T15:50:00,15:50,ONLINE_SOL_2025_0105_RAMP_UP,SOL_PAVAGADA,PAV_S3_B02,5min,Real-time nowcast / control-room forecast,persistence + ramp-rate correction + SCADA quality gate,19.578,30.526,26.814,34.238,-10.948,22.242,0.0,-11.121,7.424,0.9056,0,35,82,GOOD,GOOD,ANOMALOUS,weather,ACTUAL_RAMP_CONFIRMED,EVENT_MODE_ON,Increase ramp sensitivity; keep nowcast on event mode until actual stabilizes.,REFRESH
2025-01-05T15:55:00,15:55,ONLINE_SOL_2025_0105_RAMP_UP,SOL_PAVAGADA,PAV_S3_B02,5min,Real-time nowcast / control-room forecast,persistence + ramp-rate correction + SCADA quality gate,20.966,30.454,26.742,34.166,-9.488,22.326,0.0,-11.163,7.424,0.9103,0,35,82,GOOD,GOOD,ANOMALOUS,weather,ACTUAL_RAMP_CONFIRMED,EVENT_MODE_ON,Increase ramp sensitivity; keep nowcast on event mode until actual stabilizes.,REFRESH
2025-01-05T16:00:00,16:00,ONLINE_SOL_2025_0105_RAMP_UP,SOL_PAVAGADA,PAV_S3_B02,5min,Real-time nowcast / control-room forecast,persistence + ramp-rate correction + SCADA quality gate,22.448,30.167,26.455,33.879,-7.72,21.325,0.0,-10.662,7.424,0.9135,0,35,82,GOOD,GOOD,ANOMALOUS,weather,ACTUAL_RAMP_CONFIRMED,EVENT_MODE_ON,Increase ramp sensitivity; keep nowcast on event mode until actual stabilizes.,REFRESH
2025-01-05T16:05:00,16:05,ONLINE_SOL_2025_0105_RAMP_UP,SOL_PAVAGADA,PAV_S3_B02,5min,Real-time nowcast / control-room forecast,persistence + ramp-rate correction + SCADA quality gate,23.836,29.73,26.018,33.442,-5.894,19.369,0.0,-9.685,7.424,0.9156,0,35,82,GOOD,GOOD,ANOMALOUS,weather,ACTUAL_RAMP_CONFIRMED,EVENT_MODE_ON,Increase ramp sensitivity; keep nowcast on event mode until actual stabilizes.,REFRESH
2025-01-05T16:10:00,16:10,ONLINE_SOL_2025_0105_RAMP_UP,SOL_PAVAGADA,PAV_S3_B02,5min,Real-time nowcast / control-room forecast,persistence + ramp-rate correction + SCADA quality gate,24.958,29.189,25.477,32.901,-4.231,16.723,0.0,-8.361,7.424,0.9171,0,35,82,GOOD,GOOD,ANOMALOUS,weather,ACTUAL_RAMP_CONFIRMED,EVENT_MODE_ON,Increase ramp sensitivity; keep nowcast on event mode until actual stabilizes.,REFRESH
2025-01-05T16:15:00,16:15,ONLINE_SOL_2025_0105_RAMP_UP,SOL_PAVAGADA,PAV_S3_B02,5min,Real-time nowcast / control-room forecast,persistence + ramp-rate correction + SCADA quality gate,25.711,28.576,24.864,32.288,-2.866,13.716,16.667,-6.858,7.424,0.918,0,35,82,GOOD,GOOD,ANOMALOUS,weather,ACTUAL_RAMP_CONFIRMED,EVENT_MODE_ON,Increase ramp sensitivity; keep nowcast on event mode until actual stabilizes.,REFRESH
2025-01-05T16:20:00,16:20,ONLINE_SOL_2025_0105_RAMP_UP,SOL_PAVAGADA,PAV_S3_B02,5min,Real-time nowcast / control-room forecast,persistence + ramp-rate correction + SCADA quality gate,26.079,27.914,24.202,31.626,-1.835,10.678,33.333,-5.339,7.424,0.9187,0,35,82,GOOD,GOOD,ANOMALOUS,weather,ACTUAL_RAMP_CONFIRMED,EVENT_MODE_ON,Increase ramp sensitivity; keep nowcast on event mode until actual stabilizes.,REFRESH
2025-01-05T16:25:00,16:25,ONLINE_SOL_2025_0105_RAMP_UP,SOL_PAVAGADA,PAV_S3_B02,5min,Real-time nowcast / control-room forecast,persistence + ramp-rate correction + SCADA quality gate,26.108,27.215,23.503,30.927,-1.107,7.884,50.0,-3.942,7.424,0.9191,0,35,82,GOOD,GOOD,ANOMALOUS,weather,ACTUAL_RAMP_CONFIRMED,EVENT_MODE_ON,Increase ramp sensitivity; keep nowcast on event mode until actual stabilizes.,REFRESH
2025-01-05T16:30:00,16:30,ONLINE_SOL_2025_0105_RAMP_UP,SOL_PAVAGADA,PAV_S3_B02,5min,Real-time nowcast / control-room forecast,persistence + ramp-rate correction + SCADA quality gate,25.869,26.49,22.778,30.202,-0.622,5.518,66.667,-2.759,7.424,0.9194,0,35,82,GOOD,GOOD,ANOMALOUS,weather,ACTUAL_RAMP_CONFIRMED,EVENT_MODE_ON,Increase ramp sensitivity; keep nowcast on event mode until actual stabilizes.,REFRESH
2025-01-05T16:35:00,16:35,ONLINE_SOL_2025_0105_RAMP_UP,SOL_PAVAGADA,PAV_S3_B02,5min,Real-time nowcast / control-room forecast,persistence + ramp-rate correction + SCADA quality gate,25.429,25.745,22.033,29.457,-0.316,3.659,83.333,-1.829,7.424,0.9196,0,35,82,GOOD,GOOD,ANOMALOUS,weather,ACTUAL_RAMP_CONFIRMED,EVENT_MODE_ON,Increase ramp sensitivity; keep nowcast on event mode until actual stabilizes.,REFRESH
2025-01-05T16:40:00,16:40,ONLINE_SOL_2025_0105_RAMP_UP,SOL_PAVAGADA,PAV_S3_B02,5min,Real-time nowcast / control-room forecast,persistence + ramp-rate correction + SCADA quality gate,24.848,24.983,21.271,28.695,-0.135,2.293,100.0,-1.147,7.424,0.9197,0,35,82,GOOD,GOOD,ANOMALOUS,weather,ACTUAL_RAMP_CONFIRMED,EVENT_MODE_ON,Increase ramp sensitivity; keep nowcast on event mode until actual stabilizes.,REFRESH
2025-01-05T16:45:00,16:45,ONLINE_SOL_2025_0105_RAMP_UP,SOL_PAVAGADA,PAV_S3_B02,5min,Real-time nowcast / control-room forecast,persistence + ramp-rate correction + SCADA quality gate,24.166,24.207,20.495,27.919,-0.04,1.352,100.0,-0.676,7.424,0.9198,0,35,82,GOOD,GOOD,ANOMALOUS,weather,ACTUAL_RAMP_CONFIRMED,EVENT_MODE_ON,Increase ramp sensitivity; keep nowcast on event mode until actual stabilizes.,REFRESH
2025-01-05T16:50:00,16:50,ONLINE_SOL_2025_0105_RAMP_UP,SOL_PAVAGADA,PAV_S3_B02,5min,Real-time nowcast / control-room forecast,persistence + ramp-rate correction + SCADA quality gate,23.415,23.418,19.706,27.13,-0.002,0.741,100.0,-0.37,7.424,0.9199,0,35,82,GOOD,GOOD,ANOMALOUS,weather,ACTUAL_RAMP_CONFIRMED,EVENT_MODE_ON,Increase ramp sensitivity; keep nowcast on event mode until actual stabilizes.,REFRESH
2025-01-05T16:55:00,16:55,ONLINE_SOL_2025_0105_RAMP_UP,SOL_PAVAGADA,PAV_S3_B02,5min,Real-time nowcast / control-room forecast,persistence + ramp-rate correction + SCADA quality gate,22.616,22.617,18.905,26.329,-0.002,0.372,100.0,-0.186,7.424,0.9199,0,35,82,GOOD,GOOD,ANOMALOUS,weather,ACTUAL_RAMP_CONFIRMED,EVENT_MODE_ON,Increase ramp sensitivity; keep nowcast on event mode until actual stabilizes.,REFRESH
2025-01-05T17:00:00,17:00,ONLINE_SOL_2025_0105_RAMP_UP,SOL_PAVAGADA,PAV_S3_B02,5min,Real-time nowcast / control-room forecast,persistence + ramp-rate correction + SCADA quality gate,21.781,21.806,18.094,25.518,-0.025,0.173,100.0,-0.087,7.424,0.9199,0,35,82,GOOD,GOOD,ANOMALOUS,weather,ACTUAL_RAMP_CONFIRMED,EVENT_MODE_ON,Increase ramp sensitivity; keep nowcast on event mode until actual stabilizes.,REFRESH
2025-01-05T17:05:00,17:05,ONLINE_SOL_2025_0105_RAMP_UP,SOL_PAVAGADA,PAV_S3_B02,5min,Real-time nowcast / control-room forecast,persistence + ramp-rate correction + SCADA quality gate,20.922,20.984,17.272,24.696,-0.063,0.089,100.0,-0.044,7.424,0.92,0,35,82,GOOD,GOOD,ANOMALOUS,weather,ACTUAL_RAMP_CONFIRMED,EVENT_MODE_ON,Increase ramp sensitivity; keep nowcast on event mode until actual stabilizes.,REFRESH
2025-01-05T17:10:00,17:10,ONLINE_SOL_2025_0105_RAMP_UP,SOL_PAVAGADA,PAV_S3_B02,5min,Real-time nowcast / control-room forecast,persistence + ramp-rate correction + SCADA quality gate,20.045,20.153,16.441,23.865,-0.109,0.08,100.0,-0.04,7.424,0.92,0,35,82,GOOD,GOOD,ANOMALOUS,weather,ACTUAL_RAMP_CONFIRMED,EVENT_MODE_ON,Increase ramp sensitivity; keep nowcast on event mode until actual stabilizes.,REFRESH
2025-01-05T17:15:00,17:15,ONLINE_SOL_2025_0105_RAMP_UP,SOL_PAVAGADA,PAV_S3_B02,5min,Real-time nowcast / control-room forecast,persistence + ramp-rate correction + SCADA quality gate,19.154,19.313,16.753,21.873,-0.158,0.119,100.0,-0.06,5.12,0.92,0,0,82,GOOD,GOOD,NORMAL,normal,NORMAL_LEARNING,NO_ACTION,Continue normal nowcast update.,OK
2025-01-05T17:20:00,17:20,ONLINE_SOL_2025_0105_RAMP_UP,SOL_PAVAGADA,PAV_S3_B02,5min,Real-time nowcast / control-room forecast,persistence + ramp-rate correction + SCADA quality gate,18.255,18.463,15.903,21.023,-0.208,0.188,100.0,-0.094,5.12,0.92,0,0,82,GOOD,GOOD,NORMAL,normal,NORMAL_LEARNING,NO_ACTION,Continue normal nowcast update.,OK
2025-01-05T17:25:00,17:25,ONLINE_SOL_2025_0105_RAMP_UP,SOL_PAVAGADA,PAV_S3_B02,5min,Real-time nowcast / control-room forecast,persistence + ramp-rate correction + SCADA quality gate,17.35,17.605,15.045,20.165,-0.255,0.272,100.0,-0.136,5.12,0.92,0,0,82,GOOD,GOOD,NORMAL,normal,NORMAL_LEARNING,NO_ACTION,Continue normal nowcast update.,OK
2025-01-05T17:30:00,17:30,ONLINE_SOL_2025_0105_RAMP_UP,SOL_PAVAGADA,PAV_S3_B02,5min,Real-time nowcast / control-room forecast,persistence + ramp-rate correction + SCADA quality gate,16.44,16.738,14.178,19.298,-0.297,0.363,100.0,-0.182,5.12,0.92,0,0,82,GOOD,GOOD,NORMAL,normal,NORMAL_LEARNING,NO_ACTION,Continue normal nowcast update.,OK
2025-01-05T17:35:00,17:35,ONLINE_SOL_2025_0105_RAMP_UP,SOL_PAVAGADA,PAV_S3_B02,5min,Real-time nowcast / control-room forecast,persistence + ramp-rate correction + SCADA quality gate,15.529,15.862,13.302,18.422,-0.333,0.453,100.0,-0.227,5.12,0.92,0,0,82,GOOD,GOOD,NORMAL,normal,NORMAL_LEARNING,NO_ACTION,Continue normal nowcast update.,OK
2025-01-05T17:40:00,17:40,ONLINE_SOL_2025_0105_RAMP_UP,SOL_PAVAGADA,PAV_S3_B02,5min,Real-time nowcast / control-room forecast,persistence + ramp-rate correction + SCADA quality gate,14.617,14.979,12.419,17.539,-0.363,0.538,100.0,-0.269,5.12,0.92,0,0,82,GOOD,GOOD,NORMAL,normal,NORMAL_LEARNING,NO_ACTION,Continue normal nowcast update.,OK
2025-01-05T17:45:00,17:45,ONLINE_SOL_2025_0105_RAMP_UP,SOL_PAVAGADA,PAV_S3_B02,5min,Real-time nowcast / control-room forecast,persistence + ramp-rate correction + SCADA quality gate,13.705,14.089,11.529,16.649,-0.384,0.613,100.0,-0.307,5.12,0.92,0,0,82,GOOD,GOOD,NORMAL,normal,NORMAL_LEARNING,NO_ACTION,Continue normal nowcast update.,OK
2025-01-05T17:50:00,17:50,ONLINE_SOL_2025_0105_RAMP_UP,SOL_PAVAGADA,PAV_S3_B02,5min,Real-time nowcast / control-room forecast,persistence + ramp-rate correction + SCADA quality gate,12.794,13.19,10.63,15.75,-0.396,0.676,100.0,-0.338,5.12,0.92,0,0,82,GOOD,GOOD,NORMAL,normal,NORMAL_LEARNING,NO_ACTION,Continue normal nowcast update.,OK
2025-01-05T17:55:00,17:55,ONLINE_SOL_2025_0105_RAMP_UP,SOL_PAVAGADA,PAV_S3_B02,5min,Real-time nowcast / control-room forecast,persistence + ramp-rate correction + SCADA quality gate,11.885,12.285,9.725,14.845,-0.4,0.725,100.0,-0.362,5.12,0.92,0,0,82,GOOD,GOOD,NORMAL,normal,NORMAL_LEARNING,NO_ACTION,Continue normal nowcast update.,OK
2025-01-05T18:00:00,18:00,ONLINE_SOL_2025_0105_RAMP_UP,SOL_PAVAGADA,PAV_S3_B02,5min,Real-time nowcast / control-room forecast,persistence + ramp-rate correction + SCADA quality gate,10.977,11.373,8.813,13.933,-0.396,0.757,100.0,-0.379,5.12,0.92,0,0,82,GOOD,GOOD,NORMAL,normal,NORMAL_LEARNING,NO_ACTION,Continue normal nowcast update.,OK
2025-01-05T18:05:00,18:05,ONLINE_SOL_2025_0105_RAMP_UP,SOL_PAVAGADA,PAV_S3_B02,5min,Real-time nowcast / control-room forecast,persistence + ramp-rate correction + SCADA quality gate,10.07,10.454,7.894,13.014,-0.384,0.774,100.0,-0.387,5.12,0.92,0,0,82,GOOD,GOOD,NORMAL,normal,NORMAL_LEARNING,NO_ACTION,Continue normal nowcast update.,OK
2025-01-05T18:10:00,18:10,ONLINE_SOL_2025_0105_RAMP_UP,SOL_PAVAGADA,PAV_S3_B02,5min,Real-time nowcast / control-room forecast,persistence + ramp-rate correction + SCADA quality gate,9.165,9.529,6.969,12.089,-0.364,0.775,100.0,-0.387,5.12,0.92,0,0,82,GOOD,GOOD,NORMAL,normal,NORMAL_LEARNING,NO_ACTION,Continue normal nowcast update.,OK
2025-01-05T18:15:00,18:15,ONLINE_SOL_2025_0105_RAMP_UP,SOL_PAVAGADA,PAV_S3_B02,5min,Real-time nowcast / control-room forecast,persistence + ramp-rate correction + SCADA quality gate,8.261,8.598,6.038,11.158,-0.337,0.759,100.0,-0.38,5.12,0.92,0,0,82,GOOD,GOOD,NORMAL,normal,NORMAL_LEARNING,NO_ACTION,Continue normal nowcast update.,OK
2025-01-05T18:20:00,18:20,ONLINE_SOL_2025_0105_RAMP_UP,SOL_PAVAGADA,PAV_S3_B02,5min,Real-time nowcast / control-room forecast,persistence + ramp-rate correction + SCADA quality gate,7.356,7.661,5.101,10.221,-0.305,0.729,100.0,-0.364,5.12,0.92,0,0,82,GOOD,GOOD,NORMAL,normal,NORMAL_LEARNING,NO_ACTION,Continue normal nowcast update.,OK
2025-01-05T18:25:00,18:25,ONLINE_SOL_2025_0105_RAMP_UP,SOL_PAVAGADA,PAV_S3_B02,5min,Real-time nowcast / control-room forecast,persistence + ramp-rate correction + SCADA quality gate,6.45,6.719,4.159,9.279,-0.269,0.685,100.0,-0.342,5.12,0.92,0,0,82,GOOD,GOOD,NORMAL,normal,NORMAL_LEARNING,NO_ACTION,Continue normal nowcast update.,OK
2025-01-05T18:30:00,18:30,ONLINE_SOL_2025_0105_RAMP_UP,SOL_PAVAGADA,PAV_S3_B02,5min,Real-time nowcast / control-room forecast,persistence + ramp-rate correction + SCADA quality gate,5.543,5.772,3.212,8.332,-0.229,0.629,100.0,-0.315,5.12,0.92,0,0,82,GOOD,GOOD,NORMAL,normal,NORMAL_LEARNING,NO_ACTION,Continue normal nowcast update.,OK
2025-01-05T18:35:00,18:35,ONLINE_SOL_2025_0105_RAMP_UP,SOL_PAVAGADA,PAV_S3_B02,5min,Real-time nowcast / control-room forecast,persistence + ramp-rate correction + SCADA quality gate,4.632,4.82,2.26,7.38,-0.188,0.564,100.0,-0.282,5.12,0.92,0,0,82,GOOD,GOOD,NORMAL,normal,NORMAL_LEARNING,NO_ACTION,Continue normal nowcast update.,OK
2025-01-05T18:40:00,18:40,ONLINE_SOL_2025_0105_RAMP_UP,SOL_PAVAGADA,PAV_S3_B02,5min,Real-time nowcast / control-room forecast,persistence + ramp-rate correction + SCADA quality gate,3.718,3.864,1.304,6.424,-0.146,0.491,100.0,-0.246,5.12,0.92,0,0,82,GOOD,GOOD,NORMAL,normal,NORMAL_LEARNING,NO_ACTION,Continue normal nowcast update.,OK
2025-01-05T18:45:00,18:45,ONLINE_SOL_2025_0105_RAMP_UP,SOL_PAVAGADA,PAV_S3_B02,5min,Real-time nowcast / control-room forecast,persistence + ramp-rate correction + SCADA quality gate,2.798,2.903,0.343,5.463,-0.105,0.414,100.0,-0.207,5.12,0.92,0,0,82,GOOD,GOOD,NORMAL,normal,NORMAL_LEARNING,NO_ACTION,Continue normal nowcast update.,OK
2025-01-05T18:50:00,18:50,ONLINE_SOL_2025_0105_RAMP_UP,SOL_PAVAGADA,PAV_S3_B02,5min,Real-time nowcast / control-room forecast,persistence + ramp-rate correction + SCADA quality gate,1.872,1.939,0,4.499,-0.066,0.334,100.0,-0.167,4.499,0.92,0,0,82,GOOD,GOOD,NORMAL,normal,NORMAL_LEARNING,NO_ACTION,Continue normal nowcast update.,OK
2025-01-05T18:55:00,18:55,ONLINE_SOL_2025_0105_RAMP_UP,SOL_PAVAGADA,PAV_S3_B02,5min,Real-time nowcast / control-room forecast,persistence + ramp-rate correction + SCADA quality gate,0.94,0.971,0,3.531,-0.031,0.255,100.0,-0.128,3.531,0.92,0,0,82,GOOD,GOOD,NORMAL,normal,NORMAL_LEARNING,NO_ACTION,Continue normal nowcast update.,OK
2025-01-05T19:00:00,19:00,ONLINE_SOL_2025_0105_RAMP_UP,SOL_PAVAGADA,PAV_S3_B02,5min,Real-time nowcast / control-room forecast,persistence + ramp-rate correction + SCADA quality gate,0.0,0.0,0,2.56,-0.0,0.179,100.0,-0.089,2.56,0.92,0,0,82,GOOD,GOOD,NORMAL,normal,NORMAL_LEARNING,NO_ACTION,Continue normal nowcast update.,OK
2025-01-05T05:00:00,05:00,ONLINE_SOL_2025_0105_RAMP_UP,SOL_PAVAGADA,PAV_S3_B02,15min,Intra-hour dispatch correction,persistence + physical blend + residual correction,0.0,0.0,0,3.52,0.0,0.0,100.0,0.0,3.52,0.12,0,0,0,GOOD,GOOD,NORMAL,normal,NORMAL_LEARNING,NO_ACTION,Continue intra-hour monitoring.,OK
2025-01-05T05:05:00,05:05,ONLINE_SOL_2025_0105_RAMP_UP,SOL_PAVAGADA,PAV_S3_B02,15min,Intra-hour dispatch correction,persistence + physical blend + residual correction,0.44,0.428,0,3.948,0.012,0.012,100.0,0.006,3.948,0.12,0,0,0,GOOD,GOOD,NORMAL,normal,NORMAL_LEARNING,NO_ACTION,Continue intra-hour monitoring.,OK
2025-01-05T05:10:00,05:10,ONLINE_SOL_2025_0105_RAMP_UP,SOL_PAVAGADA,PAV_S3_B02,15min,Intra-hour dispatch correction,persistence + physical blend + residual correction,0.878,0.855,0,4.375,0.023,0.024,100.0,0.012,4.375,0.12,0,0,0,GOOD,GOOD,NORMAL,normal,NORMAL_LEARNING,NO_ACTION,Continue intra-hour monitoring.,OK
2025-01-05T05:15:00,05:15,ONLINE_SOL_2025_0105_RAMP_UP,SOL_PAVAGADA,PAV_S3_B02,15min,Intra-hour dispatch correction,persistence + physical blend + residual correction,1.313,1.28,0,4.8,0.032,0.034,100.0,0.017,4.8,0.12,0,0,0,GOOD,GOOD,NORMAL,normal,NORMAL_LEARNING,NO_ACTION,Continue intra-hour monitoring.,OK
2025-01-05T05:20:00,05:20,ONLINE_SOL_2025_0105_RAMP_UP,SOL_PAVAGADA,PAV_S3_B02,15min,Intra-hour dispatch correction,persistence + physical blend + residual correction,1.743,1.704,0,5.224,0.039,0.043,100.0,0.021,5.224,0.12,0,0,0,GOOD,GOOD,NORMAL,normal,NORMAL_LEARNING,NO_ACTION,Continue intra-hour monitoring.,OK
2025-01-05T05:25:00,05:25,ONLINE_SOL_2025_0105_RAMP_UP,SOL_PAVAGADA,PAV_S3_B02,15min,Intra-hour dispatch correction,persistence + physical blend + residual correction,2.169,2.126,0,5.646,0.043,0.05,100.0,0.025,5.646,0.12,0,0,0,GOOD,GOOD,NORMAL,normal,NORMAL_LEARNING,NO_ACTION,Continue intra-hour monitoring.,OK
2025-01-05T05:30:00,05:30,ONLINE_SOL_2025_0105_RAMP_UP,SOL_PAVAGADA,PAV_S3_B02,15min,Intra-hour dispatch correction,persistence + physical blend + residual correction,2.59,2.545,0,6.065,0.044,0.056,100.0,0.028,6.065,0.12,0,0,0,GOOD,GOOD,NORMAL,normal,NORMAL_LEARNING,NO_ACTION,Continue intra-hour monitoring.,OK
2025-01-05T05:35:00,05:35,ONLINE_SOL_2025_0105_RAMP_UP,SOL_PAVAGADA,PAV_S3_B02,15min,Intra-hour dispatch correction,persistence + physical blend + residual correction,3.006,2.963,0,6.483,0.043,0.059,100.0,0.03,6.483,0.12,0,0,0,GOOD,GOOD,NORMAL,normal,NORMAL_LEARNING,NO_ACTION,Continue intra-hour monitoring.,OK
2025-01-05T05:40:00,05:40,ONLINE_SOL_2025_0105_RAMP_UP,SOL_PAVAGADA,PAV_S3_B02,15min,Intra-hour dispatch correction,persistence + physical blend + residual correction,3.416,3.379,0,6.899,0.037,0.061,100.0,0.031,6.899,0.12,0,0,0,GOOD,GOOD,NORMAL,normal,NORMAL_LEARNING,NO_ACTION,Continue intra-hour monitoring.,OK
2025-01-05T05:45:00,05:45,ONLINE_SOL_2025_0105_RAMP_UP,SOL_PAVAGADA,PAV_S3_B02,15min,Intra-hour dispatch correction,persistence + physical blend + residual correction,3.821,3.792,0.272,7.312,0.029,0.061,100.0,0.03,7.04,0.12,0,0,0,GOOD,GOOD,NORMAL,normal,NORMAL_LEARNING,NO_ACTION,Continue intra-hour monitoring.,OK
2025-01-05T05:50:00,05:50,ONLINE_SOL_2025_0105_RAMP_UP,SOL_PAVAGADA,PAV_S3_B02,15min,Intra-hour dispatch correction,persistence + physical blend + residual correction,4.22,4.202,0.682,7.722,0.018,0.058,100.0,0.029,7.04,0.12,0,0,0,GOOD,GOOD,NORMAL,normal,NORMAL_LEARNING,NO_ACTION,Continue intra-hour monitoring.,OK
2025-01-05T05:55:00,05:55,ONLINE_SOL_2025_0105_RAMP_UP,SOL_PAVAGADA,PAV_S3_B02,15min,Intra-hour dispatch correction,persistence + physical blend + residual correction,4.614,4.61,1.09,8.13,0.004,0.054,100.0,0.027,7.04,0.12,0,0,0,GOOD,GOOD,NORMAL,normal,NORMAL_LEARNING,NO_ACTION,Continue intra-hour monitoring.,OK
2025-01-05T06:00:00,06:00,ONLINE_SOL_2025_0105_RAMP_UP,SOL_PAVAGADA,PAV_S3_B02,15min,Intra-hour dispatch correction,persistence + physical blend + residual correction,5.003,5.015,1.495,8.535,-0.013,0.056,100.0,0.026,7.04,0.12,0,0,0,GOOD,GOOD,NORMAL,normal,NORMAL_LEARNING,NO_ACTION,Continue intra-hour monitoring.,OK
2025-01-05T06:05:00,06:05,ONLINE_SOL_2025_0105_RAMP_UP,SOL_PAVAGADA,PAV_S3_B02,15min,Intra-hour dispatch correction,persistence + physical blend + residual correction,5.386,5.418,1.898,8.938,-0.031,0.059,100.0,0.022,7.04,0.12,0,0,0,GOOD,GOOD,NORMAL,normal,NORMAL_LEARNING,NO_ACTION,Continue intra-hour monitoring.,OK
2025-01-05T06:10:00,06:10,ONLINE_SOL_2025_0105_RAMP_UP,SOL_PAVAGADA,PAV_S3_B02,15min,Intra-hour dispatch correction,persistence + physical blend + residual correction,5.766,5.817,2.297,9.337,-0.051,0.064,100.0,0.016,7.04,0.12,0,0,0,GOOD,GOOD,NORMAL,normal,NORMAL_LEARNING,NO_ACTION,Continue intra-hour monitoring.,OK
2025-01-05T06:15:00,06:15,ONLINE_SOL_2025_0105_RAMP_UP,SOL_PAVAGADA,PAV_S3_B02,15min,Intra-hour dispatch correction,persistence + physical blend + residual correction,6.141,6.213,2.693,9.733,-0.072,0.071,100.0,0.008,7.04,0.12,0,0,0,GOOD,GOOD,NORMAL,normal,NORMAL_LEARNING,NO_ACTION,Continue intra-hour monitoring.,OK
2025-01-05T06:20:00,06:20,ONLINE_SOL_2025_0105_RAMP_UP,SOL_PAVAGADA,PAV_S3_B02,15min,Intra-hour dispatch correction,persistence + physical blend + residual correction,6.514,6.606,3.086,10.126,-0.092,0.08,100.0,-0.003,7.04,0.12,0,0,0,GOOD,GOOD,NORMAL,normal,NORMAL_LEARNING,NO_ACTION,Continue intra-hour monitoring.,OK
2025-01-05T06:25:00,06:25,ONLINE_SOL_2025_0105_RAMP_UP,SOL_PAVAGADA,PAV_S3_B02,15min,Intra-hour dispatch correction,persistence + physical blend + residual correction,6.883,6.995,3.475,10.515,-0.113,0.091,100.0,-0.016,7.04,0.12,0,0,0,GOOD,GOOD,NORMAL,normal,NORMAL_LEARNING,NO_ACTION,Continue intra-hour monitoring.,OK
2025-01-05T06:30:00,06:30,ONLINE_SOL_2025_0105_RAMP_UP,SOL_PAVAGADA,PAV_S3_B02,15min,Intra-hour dispatch correction,persistence + physical blend + residual correction,7.25,7.381,3.861,10.901,-0.131,0.106,100.0,-0.031,7.04,0.12,0,0,0,GOOD,GOOD,NORMAL,normal,NORMAL_LEARNING,NO_ACTION,Continue intra-hour monitoring.,OK
2025-01-05T06:35:00,06:35,ONLINE_SOL_2025_0105_RAMP_UP,SOL_PAVAGADA,PAV_S3_B02,15min,Intra-hour dispatch correction,persistence + physical blend + residual correction,7.615,7.764,4.244,11.284,-0.148,0.123,100.0,-0.047,7.04,0.12,0,0,0,GOOD,GOOD,NORMAL,normal,NORMAL_LEARNING,NO_ACTION,Continue intra-hour monitoring.,OK
2025-01-05T06:40:00,06:40,ONLINE_SOL_2025_0105_RAMP_UP,SOL_PAVAGADA,PAV_S3_B02,15min,Intra-hour dispatch correction,persistence + physical blend + residual correction,7.98,8.142,4.622,11.662,-0.163,0.144,100.0,-0.064,7.04,0.12,0,0,0,GOOD,GOOD,NORMAL,normal,NORMAL_LEARNING,NO_ACTION,Continue intra-hour monitoring.,OK
2025-01-05T06:45:00,06:45,ONLINE_SOL_2025_0105_RAMP_UP,SOL_PAVAGADA,PAV_S3_B02,15min,Intra-hour dispatch correction,persistence + physical blend + residual correction,8.344,8.517,4.997,12.037,-0.174,0.168,100.0,-0.081,7.04,0.12,0,0,0,GOOD,GOOD,NORMAL,normal,NORMAL_LEARNING,NO_ACTION,Continue intra-hour monitoring.,OK
2025-01-05T06:50:00,06:50,ONLINE_SOL_2025_0105_RAMP_UP,SOL_PAVAGADA,PAV_S3_B02,15min,Intra-hour dispatch correction,persistence + physical blend + residual correction,8.707,8.888,5.368,12.408,-0.181,0.195,100.0,-0.097,7.04,0.12,0,0,0,GOOD,GOOD,NORMAL,normal,NORMAL_LEARNING,NO_ACTION,Continue intra-hour monitoring.,OK
2025-01-05T06:55:00,06:55,ONLINE_SOL_2025_0105_RAMP_UP,SOL_PAVAGADA,PAV_S3_B02,15min,Intra-hour dispatch correction,persistence + physical blend + residual correction,9.072,9.255,5.735,12.775,-0.183,0.225,100.0,-0.113,7.04,0.12,0,0,0,GOOD,GOOD,NORMAL,normal,NORMAL_LEARNING,NO_ACTION,Continue intra-hour monitoring.,OK
2025-01-05T07:00:00,07:00,ONLINE_SOL_2025_0105_RAMP_UP,SOL_PAVAGADA,PAV_S3_B02,15min,Intra-hour dispatch correction,persistence + physical blend + residual correction,9.436,9.617,6.097,13.137,-0.181,0.253,100.0,-0.127,7.04,0.12,0,0,0,GOOD,GOOD,NORMAL,normal,NORMAL_LEARNING,NO_ACTION,Continue intra-hour monitoring.,OK
2025-01-05T07:05:00,07:05,ONLINE_SOL_2025_0105_RAMP_UP,SOL_PAVAGADA,PAV_S3_B02,15min,Intra-hour dispatch correction,persistence + physical blend + residual correction,9.802,9.976,6.456,13.496,-0.174,0.277,100.0,-0.138,7.04,0.12,0,0,0,GOOD,GOOD,NORMAL,normal,NORMAL_LEARNING,NO_ACTION,Continue intra-hour monitoring.,OK
2025-01-05T07:10:00,07:10,ONLINE_SOL_2025_0105_RAMP_UP,SOL_PAVAGADA,PAV_S3_B02,15min,Intra-hour dispatch correction,persistence + physical blend + residual correction,10.169,10.33,6.81,13.85,-0.161,0.295,100.0,-0.148,7.04,0.12,0,0,0,GOOD,GOOD,NORMAL,normal,NORMAL_LEARNING,NO_ACTION,Continue intra-hour monitoring.,OK
2025-01-05T07:15:00,07:15,ONLINE_SOL_2025_0105_RAMP_UP,SOL_PAVAGADA,PAV_S3_B02,15min,Intra-hour dispatch correction,persistence + physical blend + residual correction,10.537,10.679,7.159,14.199,-0.143,0.307,100.0,-0.154,7.04,0.12,0,0,0,GOOD,GOOD,NORMAL,normal,NORMAL_LEARNING,NO_ACTION,Continue intra-hour monitoring.,OK
2025-01-05T07:20:00,07:20,ONLINE_SOL_2025_0105_RAMP_UP,SOL_PAVAGADA,PAV_S3_B02,15min,Intra-hour dispatch correction,persistence + physical blend + residual correction,10.905,11.025,7.505,14.545,-0.119,0.312,100.0,-0.156,7.04,0.12,0,0,0,GOOD,GOOD,NORMAL,normal,NORMAL_LEARNING,NO_ACTION,Continue intra-hour monitoring.,OK
2025-01-05T07:25:00,07:25,ONLINE_SOL_2025_0105_RAMP_UP,SOL_PAVAGADA,PAV_S3_B02,15min,Intra-hour dispatch correction,persistence + physical blend + residual correction,11.274,11.365,7.845,14.885,-0.091,0.308,100.0,-0.154,7.04,0.12,0,0,0,GOOD,GOOD,NORMAL,normal,NORMAL_LEARNING,NO_ACTION,Continue intra-hour monitoring.,OK
2025-01-05T07:30:00,07:30,ONLINE_SOL_2025_0105_RAMP_UP,SOL_PAVAGADA,PAV_S3_B02,15min,Intra-hour dispatch correction,persistence + physical blend + residual correction,11.643,11.701,8.181,15.221,-0.058,0.296,100.0,-0.148,7.04,0.12,0,0,0,GOOD,GOOD,NORMAL,normal,NORMAL_LEARNING,NO_ACTION,Continue intra-hour monitoring.,OK
2025-01-05T07:35:00,07:35,ONLINE_SOL_2025_0105_RAMP_UP,SOL_PAVAGADA,PAV_S3_B02,15min,Intra-hour dispatch correction,persistence + physical blend + residual correction,12.011,12.032,8.512,15.552,-0.02,0.274,100.0,-0.137,7.04,0.12,0,0,0,GOOD,GOOD,NORMAL,normal,NORMAL_LEARNING,NO_ACTION,Continue intra-hour monitoring.,OK
2025-01-05T07:40:00,07:40,ONLINE_SOL_2025_0105_RAMP_UP,SOL_PAVAGADA,PAV_S3_B02,15min,Intra-hour dispatch correction,persistence + physical blend + residual correction,12.379,12.358,8.838,15.878,0.021,0.251,100.0,-0.122,7.04,0.12,0,0,0,GOOD,GOOD,NORMAL,normal,NORMAL_LEARNING,NO_ACTION,Continue intra-hour monitoring.,OK
2025-01-05T07:45:00,07:45,ONLINE_SOL_2025_0105_RAMP_UP,SOL_PAVAGADA,PAV_S3_B02,15min,Intra-hour dispatch correction,persistence + physical blend + residual correction,12.744,12.679,9.159,16.199,0.065,0.233,100.0,-0.102,7.04,0.12,0,0,0,GOOD,GOOD,NORMAL,normal,NORMAL_LEARNING,NO_ACTION,Continue intra-hour monitoring.,OK
2025-01-05T07:50:00,07:50,ONLINE_SOL_2025_0105_RAMP_UP,SOL_PAVAGADA,PAV_S3_B02,15min,Intra-hour dispatch correction,persistence + physical blend + residual correction,13.106,12.995,9.475,16.515,0.111,0.221,100.0,-0.078,7.04,0.12,0,0,0,GOOD,GOOD,NORMAL,normal,NORMAL_LEARNING,NO_ACTION,Continue intra-hour monitoring.,OK
2025-01-05T07:55:00,07:55,ONLINE_SOL_2025_0105_RAMP_UP,SOL_PAVAGADA,PAV_S3_B02,15min,Intra-hour dispatch correction,persistence + physical blend + residual correction,13.465,13.306,9.786,16.826,0.159,0.217,100.0,-0.049,7.04,0.12,0,0,0,GOOD,GOOD,NORMAL,normal,NORMAL_LEARNING,NO_ACTION,Continue intra-hour monitoring.,OK
2025-01-05T08:00:00,08:00,ONLINE_SOL_2025_0105_RAMP_UP,SOL_PAVAGADA,PAV_S3_B02,15min,Intra-hour dispatch correction,persistence + physical blend + residual correction,13.818,13.611,10.091,17.131,0.207,0.221,100.0,-0.017,7.04,0.12,0,0,0,GOOD,GOOD,NORMAL,normal,NORMAL_LEARNING,NO_ACTION,Continue intra-hour monitoring.,OK
2025-01-05T08:05:00,08:05,ONLINE_SOL_2025_0105_RAMP_UP,SOL_PAVAGADA,PAV_S3_B02,15min,Intra-hour dispatch correction,persistence + physical blend + residual correction,14.166,13.912,10.392,17.432,0.254,0.235,100.0,0.019,7.04,0.12,0,0,0,GOOD,GOOD,NORMAL,normal,NORMAL_LEARNING,NO_ACTION,Continue intra-hour monitoring.,OK
2025-01-05T08:10:00,08:10,ONLINE_SOL_2025_0105_RAMP_UP,SOL_PAVAGADA,PAV_S3_B02,15min,Intra-hour dispatch correction,persistence + physical blend + residual correction,14.506,14.207,10.687,17.727,0.299,0.258,100.0,0.057,7.04,0.12,0,0,0,GOOD,GOOD,NORMAL,normal,NORMAL_LEARNING,NO_ACTION,Continue intra-hour monitoring.,OK
2025-01-05T08:15:00,08:15,ONLINE_SOL_2025_0105_RAMP_UP,SOL_PAVAGADA,PAV_S3_B02,15min,Intra-hour dispatch correction,persistence + physical blend + residual correction,14.839,14.497,10.977,18.017,0.342,0.291,100.0,0.098,7.04,0.12,0,0,0,GOOD,GOOD,NORMAL,normal,NORMAL_LEARNING,NO_ACTION,Continue intra-hour monitoring.,OK
2025-01-05T08:20:00,08:20,ONLINE_SOL_2025_0105_RAMP_UP,SOL_PAVAGADA,PAV_S3_B02,15min,Intra-hour dispatch correction,persistence + physical blend + residual correction,15.162,14.781,11.261,18.301,0.381,0.335,100.0,0.139,7.04,0.12,0,0,0,GOOD,GOOD,NORMAL,normal,NORMAL_LEARNING,NO_ACTION,Continue intra-hour monitoring.,OK
2025-01-05T08:25:00,08:25,ONLINE_SOL_2025_0105_RAMP_UP,SOL_PAVAGADA,PAV_S3_B02,15min,Intra-hour dispatch correction,persistence + physical blend + residual correction,15.476,15.059,11.539,18.579,0.416,0.389,100.0,0.182,7.04,0.12,0,0,0,GOOD,GOOD,NORMAL,normal,NORMAL_LEARNING,NO_ACTION,Continue intra-hour monitoring.,OK
2025-01-05T08:30:00,08:30,ONLINE_SOL_2025_0105_RAMP_UP,SOL_PAVAGADA,PAV_S3_B02,15min,Intra-hour dispatch correction,persistence + physical blend + residual correction,15.778,15.332,11.812,18.852,0.445,0.454,100.0,0.223,7.04,0.12,0,0,0,GOOD,GOOD,NORMAL,normal,NORMAL_LEARNING,NO_ACTION,Continue intra-hour monitoring.,OK
2025-01-05T08:35:00,08:35,ONLINE_SOL_2025_0105_RAMP_UP,SOL_PAVAGADA,PAV_S3_B02,15min,Intra-hour dispatch correction,persistence + physical blend + residual correction,16.068,15.6,12.08,19.12,0.468,0.528,100.0,0.264,7.04,0.12,0,0,0,GOOD,GOOD,NORMAL,normal,NORMAL_LEARNING,NO_ACTION,Continue intra-hour monitoring.,OK
2025-01-05T08:40:00,08:40,ONLINE_SOL_2025_0105_RAMP_UP,SOL_PAVAGADA,PAV_S3_B02,15min,Intra-hour dispatch correction,persistence + physical blend + residual correction,16.346,15.861,12.341,19.381,0.484,0.605,100.0,0.303,7.04,0.12,0,0,0,GOOD,GOOD,NORMAL,normal,NORMAL_LEARNING,NO_ACTION,Continue intra-hour monitoring.,OK
2025-01-05T08:45:00,08:45,ONLINE_SOL_2025_0105_RAMP_UP,SOL_PAVAGADA,PAV_S3_B02,15min,Intra-hour dispatch correction,persistence + physical blend + residual correction,16.61,16.117,12.597,19.637,0.493,0.677,100.0,0.338,7.04,0.12,0,0,0,GOOD,GOOD,NORMAL,normal,NORMAL_LEARNING,NO_ACTION,Continue intra-hour monitoring.,OK
2025-01-05T08:50:00,08:50,ONLINE_SOL_2025_0105_RAMP_UP,SOL_PAVAGADA,PAV_S3_B02,15min,Intra-hour dispatch correction,persistence + physical blend + residual correction,16.861,16.367,12.847,19.887,0.494,0.741,100.0,0.37,7.04,0.12,0,0,0,GOOD,GOOD,NORMAL,normal,NORMAL_LEARNING,NO_ACTION,Continue intra-hour monitoring.,OK
2025-01-05T08:55:00,08:55,ONLINE_SOL_2025_0105_RAMP_UP,SOL_PAVAGADA,PAV_S3_B02,15min,Intra-hour dispatch correction,persistence + physical blend + residual correction,17.098,16.611,13.091,20.131,0.487,0.795,100.0,0.398,7.04,0.12,0,0,0,GOOD,GOOD,NORMAL,normal,NORMAL_LEARNING,NO_ACTION,Continue intra-hour monitoring.,OK
2025-01-05T09:00:00,09:00,ONLINE_SOL_2025_0105_RAMP_UP,SOL_PAVAGADA,PAV_S3_B02,15min,Intra-hour dispatch correction,persistence + physical blend + residual correction,17.321,16.85,13.33,20.37,0.472,0.839,100.0,0.42,7.04,0.12,0,0,0,GOOD,GOOD,NORMAL,normal,NORMAL_LEARNING,NO_ACTION,Continue intra-hour monitoring.,OK
2025-01-05T09:05:00,09:05,ONLINE_SOL_2025_0105_RAMP_UP,SOL_PAVAGADA,PAV_S3_B02,15min,Intra-hour dispatch correction,persistence + physical blend + residual correction,17.53,17.082,13.562,20.602,0.449,0.872,100.0,0.436,7.04,0.12,0,0,0,GOOD,GOOD,NORMAL,normal,NORMAL_LEARNING,NO_ACTION,Continue intra-hour monitoring.,OK
2025-01-05T09:10:00,09:10,ONLINE_SOL_2025_0105_RAMP_UP,SOL_PAVAGADA,PAV_S3_B02,15min,Intra-hour dispatch correction,persistence + physical blend + residual correction,17.726,17.308,13.788,20.828,0.418,0.891,100.0,0.446,7.04,0.12,0,0,0,GOOD,GOOD,NORMAL,normal,NORMAL_LEARNING,NO_ACTION,Continue intra-hour monitoring.,OK
2025-01-05T09:15:00,09:15,ONLINE_SOL_2025_0105_RAMP_UP,SOL_PAVAGADA,PAV_S3_B02,15min,Intra-hour dispatch correction,persistence + physical blend + residual correction,17.908,17.528,14.008,21.048,0.38,0.898,100.0,0.449,7.04,0.12,0,0,0,GOOD,GOOD,NORMAL,normal,NORMAL_LEARNING,NO_ACTION,Continue intra-hour monitoring.,OK
2025-01-05T09:20:00,09:20,ONLINE_SOL_2025_0105_RAMP_UP,SOL_PAVAGADA,PAV_S3_B02,15min,Intra-hour dispatch correction,persistence + physical blend + residual correction,18.078,17.742,14.222,21.262,0.336,0.89,100.0,0.445,7.04,0.12,0,0,0,GOOD,GOOD,NORMAL,normal,NORMAL_LEARNING,NO_ACTION,Continue intra-hour monitoring.,OK
2025-01-05T09:25:00,09:25,ONLINE_SOL_2025_0105_RAMP_UP,SOL_PAVAGADA,PAV_S3_B02,15min,Intra-hour dispatch correction,persistence + physical blend + residual correction,18.235,17.95,14.43,21.47,0.286,0.868,100.0,0.434,7.04,0.12,0,0,0,GOOD,GOOD,NORMAL,normal,NORMAL_LEARNING,NO_ACTION,Continue intra-hour monitoring.,OK
2025-01-05T09:30:00,09:30,ONLINE_SOL_2025_0105_RAMP_UP,SOL_PAVAGADA,PAV_S3_B02,15min,Intra-hour dispatch correction,persistence + physical blend + residual correction,18.382,18.151,14.631,21.671,0.231,0.833,100.0,0.416,7.04,0.12,0,0,0,GOOD,GOOD,NORMAL,normal,NORMAL_LEARNING,NO_ACTION,Continue intra-hour monitoring.,OK
2025-01-05T09:35:00,09:35,ONLINE_SOL_2025_0105_RAMP_UP,SOL_PAVAGADA,PAV_S3_B02,15min,Intra-hour dispatch correction,persistence + physical blend + residual correction,18.518,18.346,14.826,21.866,0.172,0.783,100.0,0.392,7.04,0.12,0,0,0,GOOD,GOOD,NORMAL,normal,NORMAL_LEARNING,NO_ACTION,Continue intra-hour monitoring.,OK
2025-01-05T09:40:00,09:40,ONLINE_SOL_2025_0105_RAMP_UP,SOL_PAVAGADA,PAV_S3_B02,15min,Intra-hour dispatch correction,persistence + physical blend + residual correction,18.645,18.535,15.015,22.055,0.11,0.721,100.0,0.36,7.04,0.12,0,0,0,GOOD,GOOD,NORMAL,normal,NORMAL_LEARNING,NO_ACTION,Continue intra-hour monitoring.,OK
2025-01-05T09:45:00,09:45,ONLINE_SOL_2025_0105_RAMP_UP,SOL_PAVAGADA,PAV_S3_B02,15min,Intra-hour dispatch correction,persistence + physical blend + residual correction,18.764,18.718,15.198,22.238,0.046,0.646,100.0,0.323,7.04,0.12,0,0,0,GOOD,GOOD,NORMAL,normal,NORMAL_LEARNING,NO_ACTION,Continue intra-hour monitoring.,OK
2025-01-05T09:50:00,09:50,ONLINE_SOL_2025_0105_RAMP_UP,SOL_PAVAGADA,PAV_S3_B02,15min,Intra-hour dispatch correction,persistence + physical blend + residual correction,18.877,18.894,15.374,22.414,-0.017,0.567,100.0,0.281,7.04,0.12,0,0,0,GOOD,GOOD,NORMAL,normal,NORMAL_LEARNING,NO_ACTION,Continue intra-hour monitoring.,OK
2025-01-05T09:55:00,09:55,ONLINE_SOL_2025_0105_RAMP_UP,SOL_PAVAGADA,PAV_S3_B02,15min,Intra-hour dispatch correction,persistence + physical blend + residual correction,18.984,19.064,15.544,22.584,-0.08,0.499,100.0,0.233,7.04,0.12,0,0,0,GOOD,GOOD,NORMAL,normal,NORMAL_LEARNING,NO_ACTION,Continue intra-hour monitoring.,OK
2025-01-05T10:00:00,10:00,ONLINE_SOL_2025_0105_RAMP_UP,SOL_PAVAGADA,PAV_S3_B02,15min,Intra-hour dispatch correction,persistence + physical blend + residual correction,19.087,19.228,15.708,22.748,-0.141,0.444,100.0,0.182,7.04,0.12,0,0,0,GOOD,GOOD,NORMAL,normal,NORMAL_LEARNING,NO_ACTION,Continue intra-hour monitoring.,OK
2025-01-05T10:05:00,10:05,ONLINE_SOL_2025_0105_RAMP_UP,SOL_PAVAGADA,PAV_S3_B02,15min,Intra-hour dispatch correction,persistence + physical blend + residual correction,19.187,19.385,15.865,22.905,-0.198,0.402,100.0,0.129,7.04,0.12,0,0,0,GOOD,GOOD,NORMAL,normal,NORMAL_LEARNING,NO_ACTION,Continue intra-hour monitoring.,OK
2025-01-05T10:10:00,10:10,ONLINE_SOL_2025_0105_RAMP_UP,SOL_PAVAGADA,PAV_S3_B02,15min,Intra-hour dispatch correction,persistence + physical blend + residual correction,19.285,19.535,16.015,23.055,-0.25,0.374,100.0,0.073,7.04,0.12,0,0,0,GOOD,GOOD,NORMAL,normal,NORMAL_LEARNING,NO_ACTION,Continue intra-hour monitoring.,OK
2025-01-05T10:15:00,10:15,ONLINE_SOL_2025_0105_RAMP_UP,SOL_PAVAGADA,PAV_S3_B02,15min,Intra-hour dispatch correction,persistence + physical blend + residual correction,19.382,19.679,16.159,23.199,-0.297,0.36,100.0,0.016,7.04,0.12,0,0,0,GOOD,GOOD,NORMAL,normal,NORMAL_LEARNING,NO_ACTION,Continue intra-hour monitoring.,OK
2025-01-05T10:20:00,10:20,ONLINE_SOL_2025_0105_RAMP_UP,SOL_PAVAGADA,PAV_S3_B02,15min,Intra-hour dispatch correction,persistence + physical blend + residual correction,19.48,19.817,16.297,23.337,-0.337,0.361,100.0,-0.04,7.04,0.12,0,0,0,GOOD,GOOD,NORMAL,normal,NORMAL_LEARNING,NO_ACTION,Continue intra-hour monitoring.,OK
2025-01-05T10:25:00,10:25,ONLINE_SOL_2025_0105_RAMP_UP,SOL_PAVAGADA,PAV_S3_B02,15min,Intra-hour dispatch correction,persistence + physical blend + residual correction,19.578,19.948,16.428,23.468,-0.369,0.375,100.0,-0.094,7.04,0.12,0,0,0,GOOD,GOOD,NORMAL,normal,NORMAL_LEARNING,NO_ACTION,Continue intra-hour monitoring.,OK
2025-01-05T10:30:00,10:30,ONLINE_SOL_2025_0105_RAMP_UP,SOL_PAVAGADA,PAV_S3_B02,15min,Intra-hour dispatch correction,persistence + physical blend + residual correction,19.678,20.072,16.552,23.592,-0.393,0.402,100.0,-0.146,7.04,0.12,0,0,0,GOOD,GOOD,NORMAL,normal,NORMAL_LEARNING,NO_ACTION,Continue intra-hour monitoring.,OK
2025-01-05T10:35:00,10:35,ONLINE_SOL_2025_0105_RAMP_UP,SOL_PAVAGADA,PAV_S3_B02,15min,Intra-hour dispatch correction,persistence + physical blend + residual correction,19.781,20.19,16.67,23.71,-0.409,0.441,100.0,-0.195,7.04,0.12,0,0,0,GOOD,GOOD,NORMAL,normal,NORMAL_LEARNING,NO_ACTION,Continue intra-hour monitoring.,OK
2025-01-05T10:40:00,10:40,ONLINE_SOL_2025_0105_RAMP_UP,SOL_PAVAGADA,PAV_S3_B02,15min,Intra-hour dispatch correction,persistence + physical blend + residual correction,19.887,20.301,16.781,23.821,-0.414,0.492,100.0,-0.238,7.04,0.12,0,0,0,GOOD,GOOD,NORMAL,normal,NORMAL_LEARNING,NO_ACTION,Continue intra-hour monitoring.,OK
2025-01-05T10:45:00,10:45,ONLINE_SOL_2025_0105_RAMP_UP,SOL_PAVAGADA,PAV_S3_B02,15min,Intra-hour dispatch correction,persistence + physical blend + residual correction,19.995,20.405,16.885,23.925,-0.41,0.553,100.0,-0.276,7.04,0.12,0,0,0,GOOD,GOOD,NORMAL,normal,NORMAL_LEARNING,NO_ACTION,Continue intra-hour monitoring.,OK
2025-01-05T10:50:00,10:50,ONLINE_SOL_2025_0105_RAMP_UP,SOL_PAVAGADA,PAV_S3_B02,15min,Intra-hour dispatch correction,persistence + physical blend + residual correction,20.106,20.503,16.983,24.023,-0.397,0.616,100.0,-0.308,7.04,0.12,0,0,0,GOOD,GOOD,NORMAL,normal,NORMAL_LEARNING,NO_ACTION,Continue intra-hour monitoring.,OK
2025-01-05T10:55:00,10:55,ONLINE_SOL_2025_0105_RAMP_UP,SOL_PAVAGADA,PAV_S3_B02,15min,Intra-hour dispatch correction,persistence + physical blend + residual correction,20.22,20.594,17.074,24.114,-0.374,0.665,100.0,-0.332,7.04,0.12,0,0,0,GOOD,GOOD,NORMAL,normal,NORMAL_LEARNING,NO_ACTION,Continue intra-hour monitoring.,OK
2025-01-05T11:00:00,11:00,ONLINE_SOL_2025_0105_RAMP_UP,SOL_PAVAGADA,PAV_S3_B02,15min,Intra-hour dispatch correction,persistence + physical blend + residual correction,20.337,20.679,17.159,24.199,-0.342,0.698,100.0,-0.349,7.04,0.12,0,0,0,GOOD,GOOD,NORMAL,normal,NORMAL_LEARNING,NO_ACTION,Continue intra-hour monitoring.,OK
2025-01-05T11:05:00,11:05,ONLINE_SOL_2025_0105_RAMP_UP,SOL_PAVAGADA,PAV_S3_B02,15min,Intra-hour dispatch correction,persistence + physical blend + residual correction,20.455,20.756,17.236,24.276,-0.301,0.716,100.0,-0.358,7.04,0.12,0,0,0,GOOD,GOOD,NORMAL,normal,NORMAL_LEARNING,NO_ACTION,Continue intra-hour monitoring.,OK
2025-01-05T11:10:00,11:10,ONLINE_SOL_2025_0105_RAMP_UP,SOL_PAVAGADA,PAV_S3_B02,15min,Intra-hour dispatch correction,persistence + physical blend + residual correction,20.575,20.827,17.307,24.347,-0.253,0.716,100.0,-0.358,7.04,0.12,0,0,0,GOOD,GOOD,NORMAL,normal,NORMAL_LEARNING,NO_ACTION,Continue intra-hour monitoring.,OK
2025-01-05T11:15:00,11:15,ONLINE_SOL_2025_0105_RAMP_UP,SOL_PAVAGADA,PAV_S3_B02,15min,Intra-hour dispatch correction,persistence + physical blend + residual correction,20.695,20.892,17.372,24.412,-0.197,0.699,100.0,-0.35,7.04,0.12,0,0,0,GOOD,GOOD,NORMAL,normal,NORMAL_LEARNING,NO_ACTION,Continue intra-hour monitoring.,OK
2025-01-05T11:20:00,11:20,ONLINE_SOL_2025_0105_RAMP_UP,SOL_PAVAGADA,PAV_S3_B02,15min,Intra-hour dispatch correction,persistence + physical blend + residual correction,20.814,20.949,17.429,24.469,-0.136,0.666,100.0,-0.333,7.04,0.12,0,0,0,GOOD,GOOD,NORMAL,normal,NORMAL_LEARNING,NO_ACTION,Continue intra-hour monitoring.,OK
2025-01-05T11:25:00,11:25,ONLINE_SOL_2025_0105_RAMP_UP,SOL_PAVAGADA,PAV_S3_B02,15min,Intra-hour dispatch correction,persistence + physical blend + residual correction,20.931,21.0,17.48,24.52,-0.07,0.616,100.0,-0.308,7.04,0.12,0,0,0,GOOD,GOOD,NORMAL,normal,NORMAL_LEARNING,NO_ACTION,Continue intra-hour monitoring.,OK
2025-01-05T11:30:00,11:30,ONLINE_SOL_2025_0105_RAMP_UP,SOL_PAVAGADA,PAV_S3_B02,15min,Intra-hour dispatch correction,persistence + physical blend + residual correction,21.044,21.044,17.524,24.564,0.0,0.55,100.0,-0.275,7.04,0.12,0,0,0,GOOD,GOOD,NORMAL,normal,NORMAL_LEARNING,NO_ACTION,Continue intra-hour monitoring.,OK
2025-01-05T11:35:00,11:35,ONLINE_SOL_2025_0105_RAMP_UP,SOL_PAVAGADA,PAV_S3_B02,15min,Intra-hour dispatch correction,persistence + physical blend + residual correction,21.154,21.081,17.561,24.601,0.072,0.494,100.0,-0.235,7.04,0.12,0,0,0,GOOD,GOOD,NORMAL,normal,NORMAL_LEARNING,NO_ACTION,Continue intra-hour monitoring.,OK
2025-01-05T11:40:00,11:40,ONLINE_SOL_2025_0105_RAMP_UP,SOL_PAVAGADA,PAV_S3_B02,15min,Intra-hour dispatch correction,persistence + physical blend + residual correction,21.257,21.112,17.592,24.632,0.145,0.449,100.0,-0.188,7.04,0.12,0,0,0,GOOD,GOOD,NORMAL,normal,NORMAL_LEARNING,NO_ACTION,Continue intra-hour monitoring.,OK
2025-01-05T11:45:00,11:45,ONLINE_SOL_2025_0105_RAMP_UP,SOL_PAVAGADA,PAV_S3_B02,15min,Intra-hour dispatch correction,persistence + physical blend + residual correction,21.353,21.136,17.616,24.656,0.217,0.417,100.0,-0.136,7.04,0.12,0,0,0,GOOD,GOOD,NORMAL,normal,NORMAL_LEARNING,NO_ACTION,Continue intra-hour monitoring.,OK
2025-01-05T11:50:00,11:50,ONLINE_SOL_2025_0105_RAMP_UP,SOL_PAVAGADA,PAV_S3_B02,15min,Intra-hour dispatch correction,persistence + physical blend + residual correction,21.44,21.153,17.633,24.673,0.288,0.399,100.0,-0.079,7.04,0.12,0,0,0,GOOD,GOOD,NORMAL,normal,NORMAL_LEARNING,NO_ACTION,Continue intra-hour monitoring.,OK
2025-01-05T11:55:00,11:55,ONLINE_SOL_2025_0105_RAMP_UP,SOL_PAVAGADA,PAV_S3_B02,15min,Intra-hour dispatch correction,persistence + physical blend + residual correction,21.518,21.163,17.643,24.683,0.355,0.396,100.0,-0.018,7.04,0.12,0,0,0,GOOD,GOOD,NORMAL,normal,NORMAL_LEARNING,NO_ACTION,Continue intra-hour monitoring.,OK
2025-01-05T12:00:00,12:00,ONLINE_SOL_2025_0105_RAMP_UP,SOL_PAVAGADA,PAV_S3_B02,15min,Intra-hour dispatch correction,persistence + physical blend + residual correction,21.584,21.166,17.646,24.686,0.417,0.408,100.0,0.045,7.04,0.12,0,0,0,GOOD,GOOD,NORMAL,normal,NORMAL_LEARNING,NO_ACTION,Continue intra-hour monitoring.,OK
2025-01-05T12:05:00,12:05,ONLINE_SOL_2025_0105_RAMP_UP,SOL_PAVAGADA,PAV_S3_B02,15min,Intra-hour dispatch correction,persistence + physical blend + residual correction,21.637,21.163,17.643,24.683,0.474,0.437,100.0,0.109,7.04,0.12,0,0,0,GOOD,GOOD,NORMAL,normal,NORMAL_LEARNING,NO_ACTION,Continue intra-hour monitoring.,OK
2025-01-05T12:10:00,12:10,ONLINE_SOL_2025_0105_RAMP_UP,SOL_PAVAGADA,PAV_S3_B02,15min,Intra-hour dispatch correction,persistence + physical blend + residual correction,21.677,21.153,17.633,24.673,0.524,0.482,100.0,0.174,7.04,0.12,0,0,0,GOOD,GOOD,NORMAL,normal,NORMAL_LEARNING,NO_ACTION,Continue intra-hour monitoring.,OK
2025-01-05T12:15:00,12:15,ONLINE_SOL_2025_0105_RAMP_UP,SOL_PAVAGADA,PAV_S3_B02,15min,Intra-hour dispatch correction,persistence + physical blend + residual correction,21.702,21.136,17.616,24.656,0.566,0.544,100.0,0.238,7.04,0.12,0,0,0,GOOD,GOOD,NORMAL,normal,NORMAL_LEARNING,NO_ACTION,Continue intra-hour monitoring.,OK
2025-01-05T12:20:00,12:20,ONLINE_SOL_2025_0105_RAMP_UP,SOL_PAVAGADA,PAV_S3_B02,15min,Intra-hour dispatch correction,persistence + physical blend + residual correction,21.711,21.112,17.592,24.632,0.599,0.621,100.0,0.299,7.04,0.12,0,0,0,GOOD,GOOD,NORMAL,normal,NORMAL_LEARNING,NO_ACTION,Continue intra-hour monitoring.,OK
2025-01-05T12:25:00,12:25,ONLINE_SOL_2025_0105_RAMP_UP,SOL_PAVAGADA,PAV_S3_B02,15min,Intra-hour dispatch correction,persistence + physical blend + residual correction,21.705,21.081,17.561,24.601,0.624,0.714,100.0,0.357,7.04,0.12,0,0,0,GOOD,GOOD,NORMAL,normal,NORMAL_LEARNING,NO_ACTION,Continue intra-hour monitoring.,OK
2025-01-05T12:30:00,12:30,ONLINE_SOL_2025_0105_RAMP_UP,SOL_PAVAGADA,PAV_S3_B02,15min,Intra-hour dispatch correction,persistence + physical blend + residual correction,21.682,21.044,17.524,24.564,0.638,0.82,100.0,0.41,7.04,0.12,0,0,0,GOOD,GOOD,NORMAL,normal,NORMAL_LEARNING,NO_ACTION,Continue intra-hour monitoring.,OK
2025-01-05T12:35:00,12:35,ONLINE_SOL_2025_0105_RAMP_UP,SOL_PAVAGADA,PAV_S3_B02,15min,Intra-hour dispatch correction,persistence + physical blend + residual correction,21.643,21.0,17.48,24.52,0.643,0.915,100.0,0.457,7.04,0.12,0,0,0,GOOD,GOOD,NORMAL,normal,NORMAL_LEARNING,NO_ACTION,Continue intra-hour monitoring.,OK
2025-01-05T12:40:00,12:40,ONLINE_SOL_2025_0105_RAMP_UP,SOL_PAVAGADA,PAV_S3_B02,15min,Intra-hour dispatch correction,persistence + physical blend + residual correction,21.587,20.949,17.429,24.469,0.637,0.997,100.0,0.499,7.04,0.12,0,0,0,GOOD,GOOD,NORMAL,normal,NORMAL_LEARNING,NO_ACTION,Continue intra-hour monitoring.,OK
2025-01-05T12:45:00,12:45,ONLINE_SOL_2025_0105_RAMP_UP,SOL_PAVAGADA,PAV_S3_B02,15min,Intra-hour dispatch correction,persistence + physical blend + residual correction,21.514,20.892,17.372,24.412,0.622,1.065,100.0,0.532,7.04,0.12,0,0,0,GOOD,GOOD,NORMAL,normal,NORMAL_LEARNING,NO_ACTION,Continue intra-hour monitoring.,OK
2025-01-05T12:50:00,12:50,ONLINE_SOL_2025_0105_RAMP_UP,SOL_PAVAGADA,PAV_S3_B02,15min,Intra-hour dispatch correction,persistence + physical blend + residual correction,21.425,20.828,17.308,24.348,0.598,1.116,100.0,0.558,7.04,0.12,0,0,0,GOOD,GOOD,NORMAL,normal,NORMAL_LEARNING,NO_ACTION,Continue intra-hour monitoring.,OK
2025-01-05T12:55:00,12:55,ONLINE_SOL_2025_0105_RAMP_UP,SOL_PAVAGADA,PAV_S3_B02,15min,Intra-hour dispatch correction,persistence + physical blend + residual correction,21.32,20.756,17.236,24.276,0.564,1.151,100.0,0.576,7.04,0.12,0,0,0,GOOD,GOOD,NORMAL,normal,NORMAL_LEARNING,NO_ACTION,Continue intra-hour monitoring.,OK
2025-01-05T13:00:00,13:00,ONLINE_SOL_2025_0105_RAMP_UP,SOL_PAVAGADA,PAV_S3_B02,15min,Intra-hour dispatch correction,persistence + physical blend + residual correction,21.201,20.679,17.159,24.199,0.522,1.168,100.0,0.584,7.04,0.1201,0,0,0,GOOD,GOOD,NORMAL,normal,NORMAL_LEARNING,NO_ACTION,Continue intra-hour monitoring.,OK
2025-01-05T13:05:00,13:05,ONLINE_SOL_2025_0105_RAMP_UP,SOL_PAVAGADA,PAV_S3_B02,15min,Intra-hour dispatch correction,persistence + physical blend + residual correction,21.067,20.594,17.074,24.114,0.473,1.168,100.0,0.584,7.04,0.1201,0,0,0,GOOD,GOOD,NORMAL,normal,NORMAL_LEARNING,NO_ACTION,Continue intra-hour monitoring.,OK
2025-01-05T13:10:00,13:10,ONLINE_SOL_2025_0105_RAMP_UP,SOL_PAVAGADA,PAV_S3_B02,15min,Intra-hour dispatch correction,persistence + physical blend + residual correction,20.92,20.503,16.983,24.023,0.417,1.15,100.0,0.575,7.04,0.1201,0,0,0,GOOD,GOOD,NORMAL,normal,NORMAL_LEARNING,NO_ACTION,Continue intra-hour monitoring.,OK
2025-01-05T13:15:00,13:15,ONLINE_SOL_2025_0105_RAMP_UP,SOL_PAVAGADA,PAV_S3_B02,15min,Intra-hour dispatch correction,persistence + physical blend + residual correction,20.761,20.406,16.886,23.926,0.356,1.115,100.0,0.558,7.04,0.1202,0,0,0,GOOD,GOOD,NORMAL,normal,NORMAL_LEARNING,NO_ACTION,Continue intra-hour monitoring.,OK
2025-01-05T13:20:00,13:20,ONLINE_SOL_2025_0105_RAMP_UP,SOL_PAVAGADA,PAV_S3_B02,15min,Intra-hour dispatch correction,persistence + physical blend + residual correction,20.591,20.301,16.781,23.821,0.29,1.064,100.0,0.532,7.04,0.1203,0,0,0,GOOD,GOOD,NORMAL,normal,NORMAL_LEARNING,NO_ACTION,Continue intra-hour monitoring.,OK
2025-01-05T13:25:00,13:25,ONLINE_SOL_2025_0105_RAMP_UP,SOL_PAVAGADA,PAV_S3_B02,15min,Intra-hour dispatch correction,persistence + physical blend + residual correction,20.412,20.19,16.67,23.71,0.222,0.997,100.0,0.498,7.04,0.1204,0,0,0,GOOD,GOOD,NORMAL,normal,NORMAL_LEARNING,NO_ACTION,Continue intra-hour monitoring.,OK
2025-01-05T13:30:00,13:30,ONLINE_SOL_2025_0105_RAMP_UP,SOL_PAVAGADA,PAV_S3_B02,15min,Intra-hour dispatch correction,persistence + physical blend + residual correction,20.225,20.073,16.553,23.593,0.152,0.916,100.0,0.458,7.04,0.1206,0,0,0,GOOD,GOOD,NORMAL,normal,NORMAL_LEARNING,NO_ACTION,Continue intra-hour monitoring.,OK
2025-01-05T13:35:00,13:35,ONLINE_SOL_2025_0105_RAMP_UP,SOL_PAVAGADA,PAV_S3_B02,15min,Intra-hour dispatch correction,persistence + physical blend + residual correction,20.031,19.949,16.429,23.469,0.082,0.823,100.0,0.411,7.04,0.1209,0,0,0,GOOD,GOOD,NORMAL,normal,NORMAL_LEARNING,NO_ACTION,Continue intra-hour monitoring.,OK
2025-01-05T13:40:00,13:40,ONLINE_SOL_2025_0105_RAMP_UP,SOL_PAVAGADA,PAV_S3_B02,15min,Intra-hour dispatch correction,persistence + physical blend + residual correction,19.832,19.819,16.299,23.339,0.013,0.719,100.0,0.359,7.04,0.1213,0,0,0,GOOD,GOOD,NORMAL,normal,NORMAL_LEARNING,NO_ACTION,Continue intra-hour monitoring.,OK
2025-01-05T13:45:00,13:45,ONLINE_SOL_2025_0105_RAMP_UP,SOL_PAVAGADA,PAV_S3_B02,15min,Intra-hour dispatch correction,persistence + physical blend + residual correction,19.628,19.682,16.162,23.202,-0.054,0.624,100.0,0.303,7.04,0.122,0,0,0,GOOD,GOOD,NORMAL,normal,NORMAL_LEARNING,NO_ACTION,Continue intra-hour monitoring.,OK
2025-01-05T13:50:00,13:50,ONLINE_SOL_2025_0105_RAMP_UP,SOL_PAVAGADA,PAV_S3_B02,15min,Intra-hour dispatch correction,persistence + physical blend + residual correction,19.422,19.54,16.02,23.06,-0.118,0.544,100.0,0.243,7.04,0.1229,0,0,0,GOOD,GOOD,NORMAL,normal,NORMAL_LEARNING,NO_ACTION,Continue intra-hour monitoring.,OK
2025-01-05T13:55:00,13:55,ONLINE_SOL_2025_0105_RAMP_UP,SOL_PAVAGADA,PAV_S3_B02,15min,Intra-hour dispatch correction,persistence + physical blend + residual correction,19.214,19.392,15.872,22.912,-0.178,0.479,100.0,0.182,7.04,0.1244,0,0,0,GOOD,GOOD,NORMAL,normal,NORMAL_LEARNING,NO_ACTION,Continue intra-hour monitoring.,OK
2025-01-05T14:00:00,14:00,ONLINE_SOL_2025_0105_RAMP_UP,SOL_PAVAGADA,PAV_S3_B02,15min,Intra-hour dispatch correction,persistence + physical blend + residual correction,19.006,19.239,15.719,22.759,-0.233,0.431,100.0,0.119,7.04,0.1265,0,0,0,GOOD,GOOD,NORMAL,normal,NORMAL_LEARNING,NO_ACTION,Continue intra-hour monitoring.,OK
2025-01-05T14:05:00,14:05,ONLINE_SOL_2025_0105_RAMP_UP,SOL_PAVAGADA,PAV_S3_B02,15min,Intra-hour dispatch correction,persistence + physical blend + residual correction,18.798,19.082,15.562,22.602,-0.284,0.4,100.0,0.056,7.04,0.1297,0,0,0,GOOD,GOOD,NORMAL,normal,NORMAL_LEARNING,NO_ACTION,Continue intra-hour monitoring.,OK
2025-01-05T14:10:00,14:10,ONLINE_SOL_2025_0105_RAMP_UP,SOL_PAVAGADA,PAV_S3_B02,15min,Intra-hour dispatch correction,persistence + physical blend + residual correction,18.591,18.921,15.401,22.441,-0.33,0.385,100.0,-0.007,7.04,0.1344,0,0,0,GOOD,GOOD,NORMAL,normal,NORMAL_LEARNING,NO_ACTION,Continue intra-hour monitoring.,OK
2025-01-05T14:15:00,14:15,ONLINE_SOL_2025_0105_RAMP_UP,SOL_PAVAGADA,PAV_S3_B02,15min,Intra-hour dispatch correction,persistence + physical blend + residual correction,18.386,18.76,15.24,22.28,-0.374,0.388,100.0,-0.067,7.04,0.1413,0,0,0,GOOD,GOOD,NORMAL,normal,NORMAL_LEARNING,NO_ACTION,Continue intra-hour monitoring.,OK
2025-01-05T14:20:00,14:20,ONLINE_SOL_2025_0105_RAMP_UP,SOL_PAVAGADA,PAV_S3_B02,15min,Intra-hour dispatch correction,persistence + physical blend + residual correction,18.184,18.6,15.08,22.12,-0.417,0.409,100.0,-0.126,7.04,0.1513,0,0,0,GOOD,GOOD,NORMAL,normal,NORMAL_LEARNING,NO_ACTION,Continue intra-hour monitoring.,OK
2025-01-05T14:25:00,14:25,ONLINE_SOL_2025_0105_RAMP_UP,SOL_PAVAGADA,PAV_S3_B02,15min,Intra-hour dispatch correction,persistence + physical blend + residual correction,17.984,18.447,14.927,21.967,-0.463,0.45,100.0,-0.183,7.04,0.1659,0,0,0,GOOD,GOOD,NORMAL,normal,NORMAL_LEARNING,NO_ACTION,Continue intra-hour monitoring.,OK
2025-01-05T14:30:00,14:30,ONLINE_SOL_2025_0105_RAMP_UP,SOL_PAVAGADA,PAV_S3_B02,15min,Intra-hour dispatch correction,persistence + physical blend + residual correction,17.788,18.307,14.787,21.827,-0.519,0.511,100.0,-0.239,7.04,0.1865,0,0,0,GOOD,GOOD,NORMAL,normal,NORMAL_LEARNING,NO_ACTION,Continue intra-hour monitoring.,OK
2025-01-05T14:35:00,14:35,ONLINE_SOL_2025_0105_RAMP_UP,SOL_PAVAGADA,PAV_S3_B02,15min,Intra-hour dispatch correction,persistence + physical blend + residual correction,17.595,18.191,14.671,21.711,-0.595,0.596,100.0,-0.296,7.04,0.2154,0,0,0,GOOD,GOOD,NORMAL,normal,NORMAL_LEARNING,NO_ACTION,Continue intra-hour monitoring.,OK
2025-01-05T14:40:00,14:40,ONLINE_SOL_2025_0105_RAMP_UP,SOL_PAVAGADA,PAV_S3_B02,15min,Intra-hour dispatch correction,persistence + physical blend + residual correction,17.407,18.113,14.593,21.633,-0.706,0.712,100.0,-0.356,7.04,0.2544,0,0,0,GOOD,GOOD,NORMAL,normal,NORMAL_LEARNING,NO_ACTION,Continue intra-hour monitoring.,OK
2025-01-05T14:45:00,14:45,ONLINE_SOL_2025_0105_RAMP_UP,SOL_PAVAGADA,PAV_S3_B02,15min,Intra-hour dispatch correction,persistence + physical blend + residual correction,17.223,18.098,14.578,21.618,-0.875,0.849,100.0,-0.424,7.04,0.3052,0,0,0,GOOD,GOOD,NORMAL,normal,NORMAL_LEARNING,NO_ACTION,Continue intra-hour monitoring.,OK
2025-01-05T14:50:00,14:50,ONLINE_SOL_2025_0105_RAMP_UP,SOL_PAVAGADA,PAV_S3_B02,15min,Intra-hour dispatch correction,persistence + physical blend + residual correction,17.045,18.177,14.657,21.697,-1.132,1.018,100.0,-0.509,7.04,0.368,0,0,0,GOOD,GOOD,NORMAL,normal,NORMAL_LEARNING,NO_ACTION,Continue intra-hour monitoring.,OK
2025-01-05T14:55:00,14:55,ONLINE_SOL_2025_0105_RAMP_UP,SOL_PAVAGADA,PAV_S3_B02,15min,Intra-hour dispatch correction,persistence + physical blend + residual correction,16.875,18.397,14.877,21.917,-1.521,1.242,100.0,-0.621,7.04,0.441,0,0,0,GOOD,GOOD,NORMAL,normal,NORMAL_LEARNING,NO_ACTION,Continue intra-hour monitoring.,OK
2025-01-05T15:00:00,15:00,ONLINE_SOL_2025_0105_RAMP_UP,SOL_PAVAGADA,PAV_S3_B02,15min,Intra-hour dispatch correction,persistence + physical blend + residual correction,16.716,18.813,15.293,22.333,-2.097,1.552,100.0,-0.776,7.04,0.52,0,0,55,GOOD,GOOD,NORMAL,normal,NORMAL_LEARNING,NO_ACTION,Continue intra-hour monitoring.,OK
2025-01-05T15:05:00,15:05,ONLINE_SOL_2025_0105_RAMP_UP,SOL_PAVAGADA,PAV_S3_B02,15min,Intra-hour dispatch correction,persistence + physical blend + residual correction,16.573,19.491,15.971,23.011,-2.918,1.991,100.0,-0.996,7.04,0.599,0,0,55,GOOD,GOOD,NORMAL,normal,NORMAL_LEARNING,NO_ACTION,Continue intra-hour monitoring.,OK
2025-01-05T15:10:00,15:10,ONLINE_SOL_2025_0105_RAMP_UP,SOL_PAVAGADA,PAV_S3_B02,15min,Intra-hour dispatch correction,persistence + physical blend + residual correction,16.455,20.486,16.966,24.006,-4.031,2.608,91.667,-1.304,7.04,0.672,25,0,55,GOOD,GOOD,NORMAL,normal,PRE_EVENT_RAMP_WARNING_LEARNED,NO_ACTION,Continue intra-hour monitoring.,OK
2025-01-05T15:15:00,15:15,ONLINE_SOL_2025_0105_RAMP_UP,SOL_PAVAGADA,PAV_S3_B02,15min,Intra-hour dispatch correction,persistence + physical blend + residual correction,16.374,21.811,18.291,25.331,-5.437,3.452,83.333,-1.726,7.04,0.7348,20,0,55,GOOD,GOOD,NORMAL,normal,PRE_EVENT_RAMP_WARNING_LEARNED,NO_ACTION,Continue intra-hour monitoring.,OK
2025-01-05T15:20:00,15:20,ONLINE_SOL_2025_0105_RAMP_UP,SOL_PAVAGADA,PAV_S3_B02,15min,Intra-hour dispatch correction,persistence + physical blend + residual correction,16.35,23.41,18.306,28.514,-7.06,4.559,75.0,-2.28,10.208,0.7856,15,35,55,GOOD,GOOD,ANOMALOUS,weather,PRE_EVENT_RAMP_WARNING_LEARNED,WIDEN_AND_UPDATE,Widen intra-hour uncertainty and update dispatch-block residual.,WATCH
2025-01-05T15:25:00,15:25,ONLINE_SOL_2025_0105_RAMP_UP,SOL_PAVAGADA,PAV_S3_B02,15min,Intra-hour dispatch correction,persistence + physical blend + residual correction,16.412,25.133,20.029,30.237,-8.722,5.936,66.667,-2.968,10.208,0.8246,10,35,55,GOOD,GOOD,ANOMALOUS,weather,PRE_EVENT_RAMP_WARNING_LEARNED,WIDEN_AND_UPDATE,Widen intra-hour uncertainty and update dispatch-block residual.,WATCH
2025-01-05T15:30:00,15:30,ONLINE_SOL_2025_0105_RAMP_UP,SOL_PAVAGADA,PAV_S3_B02,15min,Intra-hour dispatch correction,persistence + physical blend + residual correction,16.598,26.776,21.672,31.88,-10.178,7.545,58.333,-3.773,10.208,0.8535,5,35,55,GOOD,GOOD,ANOMALOUS,weather,PRE_EVENT_RAMP_WARNING_LEARNED,WIDEN_AND_UPDATE,Widen intra-hour uncertainty and update dispatch-block residual.,WATCH
2025-01-05T15:35:00,15:35,ONLINE_SOL_2025_0105_RAMP_UP,SOL_PAVAGADA,PAV_S3_B02,15min,Intra-hour dispatch correction,persistence + physical blend + residual correction,16.959,28.145,23.041,33.249,-11.186,9.311,50.0,-4.655,10.208,0.8741,0,35,82,GOOD,GOOD,ANOMALOUS,weather,ACTUAL_RAMP_CONFIRMED,WIDEN_AND_UPDATE,Widen intra-hour uncertainty and update dispatch-block residual.,WATCH
2025-01-05T15:40:00,15:40,ONLINE_SOL_2025_0105_RAMP_UP,SOL_PAVAGADA,PAV_S3_B02,15min,Intra-hour dispatch correction,persistence + physical blend + residual correction,17.551,29.127,24.023,34.231,-11.576,11.122,41.667,-5.561,10.208,0.8887,0,35,82,GOOD,GOOD,ANOMALOUS,weather,ACTUAL_RAMP_CONFIRMED,WIDEN_AND_UPDATE,Widen intra-hour uncertainty and update dispatch-block residual.,WATCH
2025-01-05T15:45:00,15:45,ONLINE_SOL_2025_0105_RAMP_UP,SOL_PAVAGADA,PAV_S3_B02,15min,Intra-hour dispatch correction,persistence + physical blend + residual correction,18.42,29.701,24.597,34.805,-11.281,12.857,33.333,-6.428,10.208,0.8987,0,35,82,GOOD,GOOD,ANOMALOUS,weather,ACTUAL_RAMP_CONFIRMED,WIDEN_AND_UPDATE,Widen intra-hour uncertainty and update dispatch-block residual.,WATCH
2025-01-05T15:50:00,15:50,ONLINE_SOL_2025_0105_RAMP_UP,SOL_PAVAGADA,PAV_S3_B02,15min,Intra-hour dispatch correction,persistence + physical blend + residual correction,19.578,29.915,24.811,35.019,-10.338,14.391,25.0,-7.195,10.208,0.9056,0,35,82,GOOD,GOOD,ANOMALOUS,weather,ACTUAL_RAMP_CONFIRMED,WIDEN_AND_UPDATE,Widen intra-hour uncertainty and update dispatch-block residual.,WATCH
2025-01-05T15:55:00,15:55,ONLINE_SOL_2025_0105_RAMP_UP,SOL_PAVAGADA,PAV_S3_B02,15min,Intra-hour dispatch correction,persistence + physical blend + residual correction,20.966,29.845,24.741,34.949,-8.879,15.617,16.667,-7.809,10.208,0.9103,0,35,82,GOOD,GOOD,ANOMALOUS,weather,ACTUAL_RAMP_CONFIRMED,WIDEN_AND_UPDATE,Widen intra-hour uncertainty and update dispatch-block residual.,WATCH
2025-01-05T16:00:00,16:00,ONLINE_SOL_2025_0105_RAMP_UP,SOL_PAVAGADA,PAV_S3_B02,15min,Intra-hour dispatch correction,persistence + physical blend + residual correction,22.448,29.564,24.46,34.668,-7.116,16.454,8.333,-8.227,10.208,0.9135,0,35,82,GOOD,GOOD,ANOMALOUS,weather,ACTUAL_RAMP_CONFIRMED,WIDEN_AND_UPDATE,Widen intra-hour uncertainty and update dispatch-block residual.,WATCH
2025-01-05T16:05:00,16:05,ONLINE_SOL_2025_0105_RAMP_UP,SOL_PAVAGADA,PAV_S3_B02,15min,Intra-hour dispatch correction,persistence + physical blend + residual correction,23.836,29.136,24.032,34.24,-5.299,16.85,0.0,-8.425,10.208,0.9156,0,35,82,GOOD,GOOD,ANOMALOUS,weather,ACTUAL_RAMP_CONFIRMED,WIDEN_AND_UPDATE,Widen intra-hour uncertainty and update dispatch-block residual.,WATCH
2025-01-05T16:10:00,16:10,ONLINE_SOL_2025_0105_RAMP_UP,SOL_PAVAGADA,PAV_S3_B02,15min,Intra-hour dispatch correction,persistence + physical blend + residual correction,24.958,28.605,23.501,33.709,-3.648,16.787,8.333,-8.393,10.208,0.9171,0,35,82,GOOD,GOOD,ANOMALOUS,weather,ACTUAL_RAMP_CONFIRMED,WIDEN_AND_UPDATE,Widen intra-hour uncertainty and update dispatch-block residual.,WATCH
2025-01-05T16:15:00,16:15,ONLINE_SOL_2025_0105_RAMP_UP,SOL_PAVAGADA,PAV_S3_B02,15min,Intra-hour dispatch correction,persistence + physical blend + residual correction,25.711,28.005,22.901,33.109,-2.294,16.263,16.667,-8.131,10.208,0.918,0,35,82,GOOD,GOOD,ANOMALOUS,weather,ACTUAL_RAMP_CONFIRMED,WIDEN_AND_UPDATE,Widen intra-hour uncertainty and update dispatch-block residual.,WATCH
2025-01-05T16:20:00,16:20,ONLINE_SOL_2025_0105_RAMP_UP,SOL_PAVAGADA,PAV_S3_B02,15min,Intra-hour dispatch correction,persistence + physical blend + residual correction,26.079,27.355,22.251,32.459,-1.276,15.299,25.0,-7.649,10.208,0.9187,0,35,82,GOOD,GOOD,ANOMALOUS,weather,ACTUAL_RAMP_CONFIRMED,WIDEN_AND_UPDATE,Widen intra-hour uncertainty and update dispatch-block residual.,WATCH
2025-01-05T16:25:00,16:25,ONLINE_SOL_2025_0105_RAMP_UP,SOL_PAVAGADA,PAV_S3_B02,15min,Intra-hour dispatch correction,persistence + physical blend + residual correction,26.108,26.671,21.567,31.775,-0.563,13.939,33.333,-6.97,10.208,0.9191,0,35,82,GOOD,GOOD,ANOMALOUS,weather,ACTUAL_RAMP_CONFIRMED,WIDEN_AND_UPDATE,Widen intra-hour uncertainty and update dispatch-block residual.,WATCH
2025-01-05T16:30:00,16:30,ONLINE_SOL_2025_0105_RAMP_UP,SOL_PAVAGADA,PAV_S3_B02,15min,Intra-hour dispatch correction,persistence + physical blend + residual correction,25.869,25.961,20.857,31.065,-0.092,12.258,41.667,-6.129,10.208,0.9194,0,35,82,GOOD,GOOD,ANOMALOUS,weather,ACTUAL_RAMP_CONFIRMED,WIDEN_AND_UPDATE,Widen intra-hour uncertainty and update dispatch-block residual.,WATCH
2025-01-05T16:35:00,16:35,ONLINE_SOL_2025_0105_RAMP_UP,SOL_PAVAGADA,PAV_S3_B02,15min,Intra-hour dispatch correction,persistence + physical blend + residual correction,25.429,25.23,20.126,30.334,0.199,10.427,50.0,-5.18,10.208,0.9196,0,35,82,GOOD,GOOD,ANOMALOUS,weather,ACTUAL_RAMP_CONFIRMED,WIDEN_AND_UPDATE,Widen intra-hour uncertainty and update dispatch-block residual.,WATCH
2025-01-05T16:40:00,16:40,ONLINE_SOL_2025_0105_RAMP_UP,SOL_PAVAGADA,PAV_S3_B02,15min,Intra-hour dispatch correction,persistence + physical blend + residual correction,24.848,24.483,19.379,29.587,0.364,8.558,58.333,-4.185,10.208,0.9197,0,35,82,GOOD,GOOD,ANOMALOUS,weather,ACTUAL_RAMP_CONFIRMED,WIDEN_AND_UPDATE,Widen intra-hour uncertainty and update dispatch-block residual.,WATCH
2025-01-05T16:45:00,16:45,ONLINE_SOL_2025_0105_RAMP_UP,SOL_PAVAGADA,PAV_S3_B02,15min,Intra-hour dispatch correction,persistence + physical blend + residual correction,24.166,23.722,18.618,28.826,0.444,6.752,66.667,-3.208,10.208,0.9198,0,35,82,GOOD,GOOD,ANOMALOUS,weather,ACTUAL_RAMP_CONFIRMED,WIDEN_AND_UPDATE,Widen intra-hour uncertainty and update dispatch-block residual.,WATCH
2025-01-05T16:50:00,16:50,ONLINE_SOL_2025_0105_RAMP_UP,SOL_PAVAGADA,PAV_S3_B02,15min,Intra-hour dispatch correction,persistence + physical blend + residual correction,23.415,22.949,17.845,28.053,0.466,5.107,75.0,-2.308,10.208,0.9199,0,35,82,GOOD,GOOD,ANOMALOUS,weather,ACTUAL_RAMP_CONFIRMED,WIDEN_AND_UPDATE,Widen intra-hour uncertainty and update dispatch-block residual.,WATCH
2025-01-05T16:55:00,16:55,ONLINE_SOL_2025_0105_RAMP_UP,SOL_PAVAGADA,PAV_S3_B02,15min,Intra-hour dispatch correction,persistence + physical blend + residual correction,22.616,22.165,17.061,27.269,0.451,3.702,83.333,-1.53,10.208,0.9199,0,35,82,GOOD,GOOD,ANOMALOUS,weather,ACTUAL_RAMP_CONFIRMED,WIDEN_AND_UPDATE,Widen intra-hour uncertainty and update dispatch-block residual.,WATCH
2025-01-05T17:00:00,17:00,ONLINE_SOL_2025_0105_RAMP_UP,SOL_PAVAGADA,PAV_S3_B02,15min,Intra-hour dispatch correction,persistence + physical blend + residual correction,21.781,21.37,16.266,26.474,0.411,2.585,91.667,-0.903,10.208,0.9199,0,35,82,GOOD,GOOD,ANOMALOUS,weather,ACTUAL_RAMP_CONFIRMED,WIDEN_AND_UPDATE,Widen intra-hour uncertainty and update dispatch-block residual.,WATCH
2025-01-05T17:05:00,17:05,ONLINE_SOL_2025_0105_RAMP_UP,SOL_PAVAGADA,PAV_S3_B02,15min,Intra-hour dispatch correction,persistence + physical blend + residual correction,20.922,20.565,15.461,25.669,0.357,1.761,100.0,-0.432,10.208,0.92,0,35,82,GOOD,GOOD,ANOMALOUS,weather,ACTUAL_RAMP_CONFIRMED,WIDEN_AND_UPDATE,Widen intra-hour uncertainty and update dispatch-block residual.,WATCH
2025-01-05T17:10:00,17:10,ONLINE_SOL_2025_0105_RAMP_UP,SOL_PAVAGADA,PAV_S3_B02,15min,Intra-hour dispatch correction,persistence + physical blend + residual correction,20.045,19.75,14.646,24.854,0.294,1.202,100.0,-0.103,10.208,0.92,0,35,82,GOOD,GOOD,ANOMALOUS,weather,ACTUAL_RAMP_CONFIRMED,WIDEN_AND_UPDATE,Widen intra-hour uncertainty and update dispatch-block residual.,WATCH
2025-01-05T17:15:00,17:15,ONLINE_SOL_2025_0105_RAMP_UP,SOL_PAVAGADA,PAV_S3_B02,15min,Intra-hour dispatch correction,persistence + physical blend + residual correction,19.154,18.926,15.406,22.446,0.228,0.858,100.0,0.107,7.04,0.92,0,0,82,GOOD,GOOD,NORMAL,normal,NORMAL_LEARNING,NO_ACTION,Continue intra-hour monitoring.,OK
2025-01-05T17:20:00,17:20,ONLINE_SOL_2025_0105_RAMP_UP,SOL_PAVAGADA,PAV_S3_B02,15min,Intra-hour dispatch correction,persistence + physical blend + residual correction,18.255,18.094,14.574,21.614,0.162,0.672,100.0,0.227,7.04,0.92,0,0,82,GOOD,GOOD,NORMAL,normal,NORMAL_LEARNING,NO_ACTION,Continue intra-hour monitoring.,OK
2025-01-05T17:25:00,17:25,ONLINE_SOL_2025_0105_RAMP_UP,SOL_PAVAGADA,PAV_S3_B02,15min,Intra-hour dispatch correction,persistence + physical blend + residual correction,17.35,17.252,13.732,20.772,0.097,0.594,100.0,0.282,7.04,0.92,0,0,82,GOOD,GOOD,NORMAL,normal,NORMAL_LEARNING,NO_ACTION,Continue intra-hour monitoring.,OK
2025-01-05T17:30:00,17:30,ONLINE_SOL_2025_0105_RAMP_UP,SOL_PAVAGADA,PAV_S3_B02,15min,Intra-hour dispatch correction,persistence + physical blend + residual correction,16.44,16.403,12.883,19.923,0.038,0.585,100.0,0.293,7.04,0.92,0,0,82,GOOD,GOOD,NORMAL,normal,NORMAL_LEARNING,NO_ACTION,Continue intra-hour monitoring.,OK
2025-01-05T17:35:00,17:35,ONLINE_SOL_2025_0105_RAMP_UP,SOL_PAVAGADA,PAV_S3_B02,15min,Intra-hour dispatch correction,persistence + physical blend + residual correction,15.529,15.545,12.025,19.065,-0.016,0.555,100.0,0.275,7.04,0.92,0,0,82,GOOD,GOOD,NORMAL,normal,NORMAL_LEARNING,NO_ACTION,Continue intra-hour monitoring.,OK
2025-01-05T17:40:00,17:40,ONLINE_SOL_2025_0105_RAMP_UP,SOL_PAVAGADA,PAV_S3_B02,15min,Intra-hour dispatch correction,persistence + physical blend + residual correction,14.617,14.68,11.16,18.2,-0.063,0.505,100.0,0.239,7.04,0.92,0,0,82,GOOD,GOOD,NORMAL,normal,NORMAL_LEARNING,NO_ACTION,Continue intra-hour monitoring.,OK
2025-01-05T17:45:00,17:45,ONLINE_SOL_2025_0105_RAMP_UP,SOL_PAVAGADA,PAV_S3_B02,15min,Intra-hour dispatch correction,persistence + physical blend + residual correction,13.705,13.807,10.287,17.327,-0.102,0.448,100.0,0.194,7.04,0.92,0,0,82,GOOD,GOOD,NORMAL,normal,NORMAL_LEARNING,NO_ACTION,Continue intra-hour monitoring.,OK
2025-01-05T17:50:00,17:50,ONLINE_SOL_2025_0105_RAMP_UP,SOL_PAVAGADA,PAV_S3_B02,15min,Intra-hour dispatch correction,persistence + physical blend + residual correction,12.794,12.927,9.407,16.447,-0.133,0.392,100.0,0.144,7.04,0.92,0,0,82,GOOD,GOOD,NORMAL,normal,NORMAL_LEARNING,NO_ACTION,Continue intra-hour monitoring.,OK
2025-01-05T17:55:00,17:55,ONLINE_SOL_2025_0105_RAMP_UP,SOL_PAVAGADA,PAV_S3_B02,15min,Intra-hour dispatch correction,persistence + physical blend + residual correction,11.885,12.039,8.519,15.559,-0.155,0.343,100.0,0.093,7.04,0.92,0,0,82,GOOD,GOOD,NORMAL,normal,NORMAL_LEARNING,NO_ACTION,Continue intra-hour monitoring.,OK
2025-01-05T18:00:00,18:00,ONLINE_SOL_2025_0105_RAMP_UP,SOL_PAVAGADA,PAV_S3_B02,15min,Intra-hour dispatch correction,persistence + physical blend + residual correction,10.977,11.145,7.625,14.665,-0.169,0.302,100.0,0.045,7.04,0.92,0,0,82,GOOD,GOOD,NORMAL,normal,NORMAL_LEARNING,NO_ACTION,Continue intra-hour monitoring.,OK
2025-01-05T18:05:00,18:05,ONLINE_SOL_2025_0105_RAMP_UP,SOL_PAVAGADA,PAV_S3_B02,15min,Intra-hour dispatch correction,persistence + physical blend + residual correction,10.07,10.245,6.725,13.765,-0.174,0.272,100.0,0.001,7.04,0.92,0,0,82,GOOD,GOOD,NORMAL,normal,NORMAL_LEARNING,NO_ACTION,Continue intra-hour monitoring.,OK
2025-01-05T18:10:00,18:10,ONLINE_SOL_2025_0105_RAMP_UP,SOL_PAVAGADA,PAV_S3_B02,15min,Intra-hour dispatch correction,persistence + physical blend + residual correction,9.165,9.338,5.818,12.858,-0.173,0.252,100.0,-0.038,7.04,0.92,0,0,82,GOOD,GOOD,NORMAL,normal,NORMAL_LEARNING,NO_ACTION,Continue intra-hour monitoring.,OK
2025-01-05T18:15:00,18:15,ONLINE_SOL_2025_0105_RAMP_UP,SOL_PAVAGADA,PAV_S3_B02,15min,Intra-hour dispatch correction,persistence + physical blend + residual correction,8.261,8.426,4.906,11.946,-0.165,0.241,100.0,-0.071,7.04,0.92,0,0,82,GOOD,GOOD,NORMAL,normal,NORMAL_LEARNING,NO_ACTION,Continue intra-hour monitoring.,OK
2025-01-05T18:20:00,18:20,ONLINE_SOL_2025_0105_RAMP_UP,SOL_PAVAGADA,PAV_S3_B02,15min,Intra-hour dispatch correction,persistence + physical blend + residual correction,7.356,7.508,3.988,11.028,-0.152,0.239,100.0,-0.097,7.04,0.92,0,0,82,GOOD,GOOD,NORMAL,normal,NORMAL_LEARNING,NO_ACTION,Continue intra-hour monitoring.,OK
2025-01-05T18:25:00,18:25,ONLINE_SOL_2025_0105_RAMP_UP,SOL_PAVAGADA,PAV_S3_B02,15min,Intra-hour dispatch correction,persistence + physical blend + residual correction,6.45,6.585,3.065,10.105,-0.134,0.246,100.0,-0.117,7.04,0.92,0,0,82,GOOD,GOOD,NORMAL,normal,NORMAL_LEARNING,NO_ACTION,Continue intra-hour monitoring.,OK
2025-01-05T18:30:00,18:30,ONLINE_SOL_2025_0105_RAMP_UP,SOL_PAVAGADA,PAV_S3_B02,15min,Intra-hour dispatch correction,persistence + physical blend + residual correction,5.543,5.657,2.137,9.177,-0.114,0.258,100.0,-0.129,7.04,0.92,0,0,82,GOOD,GOOD,NORMAL,normal,NORMAL_LEARNING,NO_ACTION,Continue intra-hour monitoring.,OK
2025-01-05T18:35:00,18:35,ONLINE_SOL_2025_0105_RAMP_UP,SOL_PAVAGADA,PAV_S3_B02,15min,Intra-hour dispatch correction,persistence + physical blend + residual correction,4.632,4.724,1.204,8.244,-0.091,0.271,100.0,-0.135,7.04,0.92,0,0,82,GOOD,GOOD,NORMAL,normal,NORMAL_LEARNING,NO_ACTION,Continue intra-hour monitoring.,OK
2025-01-05T18:40:00,18:40,ONLINE_SOL_2025_0105_RAMP_UP,SOL_PAVAGADA,PAV_S3_B02,15min,Intra-hour dispatch correction,persistence + physical blend + residual correction,3.718,3.786,0.266,7.306,-0.069,0.272,100.0,-0.136,7.04,0.92,0,0,82,GOOD,GOOD,NORMAL,normal,NORMAL_LEARNING,NO_ACTION,Continue intra-hour monitoring.,OK
2025-01-05T18:45:00,18:45,ONLINE_SOL_2025_0105_RAMP_UP,SOL_PAVAGADA,PAV_S3_B02,15min,Intra-hour dispatch correction,persistence + physical blend + residual correction,2.798,2.845,0,6.365,-0.047,0.263,100.0,-0.131,6.365,0.92,0,0,82,GOOD,GOOD,NORMAL,normal,NORMAL_LEARNING,NO_ACTION,Continue intra-hour monitoring.,OK
2025-01-05T18:50:00,18:50,ONLINE_SOL_2025_0105_RAMP_UP,SOL_PAVAGADA,PAV_S3_B02,15min,Intra-hour dispatch correction,persistence + physical blend + residual correction,1.872,1.9,0,5.42,-0.028,0.245,100.0,-0.123,5.42,0.92,0,0,82,GOOD,GOOD,NORMAL,normal,NORMAL_LEARNING,NO_ACTION,Continue intra-hour monitoring.,OK
2025-01-05T18:55:00,18:55,ONLINE_SOL_2025_0105_RAMP_UP,SOL_PAVAGADA,PAV_S3_B02,15min,Intra-hour dispatch correction,persistence + physical blend + residual correction,0.94,0.952,0,4.472,-0.012,0.221,100.0,-0.111,4.472,0.92,0,0,82,GOOD,GOOD,NORMAL,normal,NORMAL_LEARNING,NO_ACTION,Continue intra-hour monitoring.,OK
2025-01-05T19:00:00,19:00,ONLINE_SOL_2025_0105_RAMP_UP,SOL_PAVAGADA,PAV_S3_B02,15min,Intra-hour dispatch correction,persistence + physical blend + residual correction,0.0,0.0,0,3.52,-0.0,0.193,100.0,-0.097,3.52,0.92,0,0,82,GOOD,GOOD,NORMAL,normal,NORMAL_LEARNING,NO_ACTION,Continue intra-hour monitoring.,OK
2025-01-05T05:00:00,05:00,ONLINE_SOL_2025_0105_RAMP_UP,SOL_PAVAGADA,PAV_S3_B02,2hour,Intraday forecast / reserve planning,physical weather-to-power + Gaussian residual,0.0,0.0,0,5.76,0.0,0.0,100.0,0.0,5.76,0.12,0,0,0,GOOD,GOOD,NORMAL,normal,NORMAL_LEARNING,NO_ACTION,Intraday model healthy.,OK
2025-01-05T05:05:00,05:05,ONLINE_SOL_2025_0105_RAMP_UP,SOL_PAVAGADA,PAV_S3_B02,2hour,Intraday forecast / reserve planning,physical weather-to-power + Gaussian residual,0.44,0.419,0,6.179,0.021,0.021,100.0,0.011,6.179,0.12,0,0,0,GOOD,GOOD,NORMAL,normal,NORMAL_LEARNING,NO_ACTION,Intraday model healthy.,OK
2025-01-05T05:10:00,05:10,ONLINE_SOL_2025_0105_RAMP_UP,SOL_PAVAGADA,PAV_S3_B02,2hour,Intraday forecast / reserve planning,physical weather-to-power + Gaussian residual,0.878,0.838,0,6.598,0.041,0.041,100.0,0.021,6.598,0.12,0,0,0,GOOD,GOOD,NORMAL,normal,NORMAL_LEARNING,NO_ACTION,Intraday model healthy.,OK
2025-01-05T05:15:00,05:15,ONLINE_SOL_2025_0105_RAMP_UP,SOL_PAVAGADA,PAV_S3_B02,2hour,Intraday forecast / reserve planning,physical weather-to-power + Gaussian residual,1.313,1.254,0,7.014,0.058,0.06,100.0,0.03,7.014,0.12,0,0,0,GOOD,GOOD,NORMAL,normal,NORMAL_LEARNING,NO_ACTION,Intraday model healthy.,OK
2025-01-05T05:20:00,05:20,ONLINE_SOL_2025_0105_RAMP_UP,SOL_PAVAGADA,PAV_S3_B02,2hour,Intraday forecast / reserve planning,physical weather-to-power + Gaussian residual,1.743,1.669,0,7.429,0.074,0.078,100.0,0.039,7.429,0.12,0,0,0,GOOD,GOOD,NORMAL,normal,NORMAL_LEARNING,NO_ACTION,Intraday model healthy.,OK
2025-01-05T05:25:00,05:25,ONLINE_SOL_2025_0105_RAMP_UP,SOL_PAVAGADA,PAV_S3_B02,2hour,Intraday forecast / reserve planning,physical weather-to-power + Gaussian residual,2.169,2.082,0,7.842,0.087,0.094,100.0,0.047,7.842,0.12,0,0,0,GOOD,GOOD,NORMAL,normal,NORMAL_LEARNING,NO_ACTION,Intraday model healthy.,OK
2025-01-05T05:30:00,05:30,ONLINE_SOL_2025_0105_RAMP_UP,SOL_PAVAGADA,PAV_S3_B02,2hour,Intraday forecast / reserve planning,physical weather-to-power + Gaussian residual,2.59,2.493,0,8.253,0.096,0.108,100.0,0.054,8.253,0.12,0,0,0,GOOD,GOOD,NORMAL,normal,NORMAL_LEARNING,NO_ACTION,Intraday model healthy.,OK
2025-01-05T05:35:00,05:35,ONLINE_SOL_2025_0105_RAMP_UP,SOL_PAVAGADA,PAV_S3_B02,2hour,Intraday forecast / reserve planning,physical weather-to-power + Gaussian residual,3.006,2.903,0,8.663,0.103,0.12,100.0,0.06,8.663,0.12,0,0,0,GOOD,GOOD,NORMAL,normal,NORMAL_LEARNING,NO_ACTION,Intraday model healthy.,OK
2025-01-05T05:40:00,05:40,ONLINE_SOL_2025_0105_RAMP_UP,SOL_PAVAGADA,PAV_S3_B02,2hour,Intraday forecast / reserve planning,physical weather-to-power + Gaussian residual,3.416,3.31,0,9.07,0.106,0.13,100.0,0.065,9.07,0.12,0,0,0,GOOD,GOOD,NORMAL,normal,NORMAL_LEARNING,NO_ACTION,Intraday model healthy.,OK
2025-01-05T05:45:00,05:45,ONLINE_SOL_2025_0105_RAMP_UP,SOL_PAVAGADA,PAV_S3_B02,2hour,Intraday forecast / reserve planning,physical weather-to-power + Gaussian residual,3.821,3.714,0,9.474,0.106,0.139,100.0,0.069,9.474,0.12,0,0,0,GOOD,GOOD,NORMAL,normal,NORMAL_LEARNING,NO_ACTION,Intraday model healthy.,OK
2025-01-05T05:50:00,05:50,ONLINE_SOL_2025_0105_RAMP_UP,SOL_PAVAGADA,PAV_S3_B02,2hour,Intraday forecast / reserve planning,physical weather-to-power + Gaussian residual,4.22,4.117,0,9.877,0.103,0.145,100.0,0.072,9.877,0.12,0,0,0,GOOD,GOOD,NORMAL,normal,NORMAL_LEARNING,NO_ACTION,Intraday model healthy.,OK
2025-01-05T05:55:00,05:55,ONLINE_SOL_2025_0105_RAMP_UP,SOL_PAVAGADA,PAV_S3_B02,2hour,Intraday forecast / reserve planning,physical weather-to-power + Gaussian residual,4.614,4.516,0,10.276,0.098,0.149,100.0,0.075,10.276,0.12,0,0,0,GOOD,GOOD,NORMAL,normal,NORMAL_LEARNING,NO_ACTION,Intraday model healthy.,OK
2025-01-05T06:00:00,06:00,ONLINE_SOL_2025_0105_RAMP_UP,SOL_PAVAGADA,PAV_S3_B02,2hour,Intraday forecast / reserve planning,physical weather-to-power + Gaussian residual,5.003,4.913,0,10.673,0.09,0.151,100.0,0.076,10.673,0.12,0,0,0,GOOD,GOOD,NORMAL,normal,NORMAL_LEARNING,NO_ACTION,Intraday model healthy.,OK
2025-01-05T06:05:00,06:05,ONLINE_SOL_2025_0105_RAMP_UP,SOL_PAVAGADA,PAV_S3_B02,2hour,Intraday forecast / reserve planning,physical weather-to-power + Gaussian residual,5.386,5.307,0,11.067,0.079,0.152,100.0,0.076,11.067,0.12,0,0,0,GOOD,GOOD,NORMAL,normal,NORMAL_LEARNING,NO_ACTION,Intraday model healthy.,OK
2025-01-05T06:10:00,06:10,ONLINE_SOL_2025_0105_RAMP_UP,SOL_PAVAGADA,PAV_S3_B02,2hour,Intraday forecast / reserve planning,physical weather-to-power + Gaussian residual,5.766,5.698,0,11.458,0.068,0.151,100.0,0.075,11.458,0.12,0,0,0,GOOD,GOOD,NORMAL,normal,NORMAL_LEARNING,NO_ACTION,Intraday model healthy.,OK
2025-01-05T06:15:00,06:15,ONLINE_SOL_2025_0105_RAMP_UP,SOL_PAVAGADA,PAV_S3_B02,2hour,Intraday forecast / reserve planning,physical weather-to-power + Gaussian residual,6.141,6.086,0.326,11.846,0.055,0.148,100.0,0.074,11.52,0.12,0,0,0,GOOD,GOOD,NORMAL,normal,NORMAL_LEARNING,NO_ACTION,Intraday model healthy.,OK
2025-01-05T06:20:00,06:20,ONLINE_SOL_2025_0105_RAMP_UP,SOL_PAVAGADA,PAV_S3_B02,2hour,Intraday forecast / reserve planning,physical weather-to-power + Gaussian residual,6.514,6.471,0.711,12.231,0.042,0.144,100.0,0.072,11.52,0.12,0,0,0,GOOD,GOOD,NORMAL,normal,NORMAL_LEARNING,NO_ACTION,Intraday model healthy.,OK
2025-01-05T06:25:00,06:25,ONLINE_SOL_2025_0105_RAMP_UP,SOL_PAVAGADA,PAV_S3_B02,2hour,Intraday forecast / reserve planning,physical weather-to-power + Gaussian residual,6.883,6.853,1.093,12.613,0.03,0.14,100.0,0.07,11.52,0.12,0,0,0,GOOD,GOOD,NORMAL,normal,NORMAL_LEARNING,NO_ACTION,Intraday model healthy.,OK
2025-01-05T06:30:00,06:30,ONLINE_SOL_2025_0105_RAMP_UP,SOL_PAVAGADA,PAV_S3_B02,2hour,Intraday forecast / reserve planning,physical weather-to-power + Gaussian residual,7.25,7.231,1.471,12.991,0.019,0.134,100.0,0.067,11.52,0.12,0,0,0,GOOD,GOOD,NORMAL,normal,NORMAL_LEARNING,NO_ACTION,Intraday model healthy.,OK
2025-01-05T06:35:00,06:35,ONLINE_SOL_2025_0105_RAMP_UP,SOL_PAVAGADA,PAV_S3_B02,2hour,Intraday forecast / reserve planning,physical weather-to-power + Gaussian residual,7.615,7.605,1.845,13.365,0.01,0.129,100.0,0.064,11.52,0.12,0,0,0,GOOD,GOOD,NORMAL,normal,NORMAL_LEARNING,NO_ACTION,Intraday model healthy.,OK
2025-01-05T06:40:00,06:40,ONLINE_SOL_2025_0105_RAMP_UP,SOL_PAVAGADA,PAV_S3_B02,2hour,Intraday forecast / reserve planning,physical weather-to-power + Gaussian residual,7.98,7.976,2.216,13.736,0.004,0.123,100.0,0.061,11.52,0.12,0,0,0,GOOD,GOOD,NORMAL,normal,NORMAL_LEARNING,NO_ACTION,Intraday model healthy.,OK
2025-01-05T06:45:00,06:45,ONLINE_SOL_2025_0105_RAMP_UP,SOL_PAVAGADA,PAV_S3_B02,2hour,Intraday forecast / reserve planning,physical weather-to-power + Gaussian residual,8.344,8.343,2.583,14.103,0.0,0.117,100.0,0.059,11.52,0.12,0,0,0,GOOD,GOOD,NORMAL,normal,NORMAL_LEARNING,NO_ACTION,Intraday model healthy.,OK
2025-01-05T06:50:00,06:50,ONLINE_SOL_2025_0105_RAMP_UP,SOL_PAVAGADA,PAV_S3_B02,2hour,Intraday forecast / reserve planning,physical weather-to-power + Gaussian residual,8.707,8.707,2.947,14.467,0.001,0.112,100.0,0.056,11.52,0.12,0,0,0,GOOD,GOOD,NORMAL,normal,NORMAL_LEARNING,NO_ACTION,Intraday model healthy.,OK
2025-01-05T06:55:00,06:55,ONLINE_SOL_2025_0105_RAMP_UP,SOL_PAVAGADA,PAV_S3_B02,2hour,Intraday forecast / reserve planning,physical weather-to-power + Gaussian residual,9.072,9.066,3.306,14.826,0.006,0.108,100.0,0.054,11.52,0.12,0,0,0,GOOD,GOOD,NORMAL,normal,NORMAL_LEARNING,NO_ACTION,Intraday model healthy.,OK
2025-01-05T07:00:00,07:00,ONLINE_SOL_2025_0105_RAMP_UP,SOL_PAVAGADA,PAV_S3_B02,2hour,Intraday forecast / reserve planning,physical weather-to-power + Gaussian residual,9.436,9.421,3.661,15.181,0.015,0.105,100.0,0.053,11.52,0.12,0,0,0,GOOD,GOOD,NORMAL,normal,NORMAL_LEARNING,NO_ACTION,Intraday model healthy.,OK
2025-01-05T07:05:00,07:05,ONLINE_SOL_2025_0105_RAMP_UP,SOL_PAVAGADA,PAV_S3_B02,2hour,Intraday forecast / reserve planning,physical weather-to-power + Gaussian residual,9.802,9.772,4.012,15.532,0.03,0.103,100.0,0.052,11.52,0.12,0,0,0,GOOD,GOOD,NORMAL,normal,NORMAL_LEARNING,NO_ACTION,Intraday model healthy.,OK
2025-01-05T07:10:00,07:10,ONLINE_SOL_2025_0105_RAMP_UP,SOL_PAVAGADA,PAV_S3_B02,2hour,Intraday forecast / reserve planning,physical weather-to-power + Gaussian residual,10.169,10.119,4.359,15.879,0.05,0.103,100.0,0.052,11.52,0.12,0,0,0,GOOD,GOOD,NORMAL,normal,NORMAL_LEARNING,NO_ACTION,Intraday model healthy.,OK
2025-01-05T07:15:00,07:15,ONLINE_SOL_2025_0105_RAMP_UP,SOL_PAVAGADA,PAV_S3_B02,2hour,Intraday forecast / reserve planning,physical weather-to-power + Gaussian residual,10.537,10.462,4.702,16.222,0.075,0.105,100.0,0.052,11.52,0.12,0,0,0,GOOD,GOOD,NORMAL,normal,NORMAL_LEARNING,NO_ACTION,Intraday model healthy.,OK
2025-01-05T07:20:00,07:20,ONLINE_SOL_2025_0105_RAMP_UP,SOL_PAVAGADA,PAV_S3_B02,2hour,Intraday forecast / reserve planning,physical weather-to-power + Gaussian residual,10.905,10.8,5.04,16.56,0.106,0.109,100.0,0.054,11.52,0.12,0,0,0,GOOD,GOOD,NORMAL,normal,NORMAL_LEARNING,NO_ACTION,Intraday model healthy.,OK
2025-01-05T07:25:00,07:25,ONLINE_SOL_2025_0105_RAMP_UP,SOL_PAVAGADA,PAV_S3_B02,2hour,Intraday forecast / reserve planning,physical weather-to-power + Gaussian residual,11.274,11.133,5.373,16.893,0.141,0.114,100.0,0.057,11.52,0.12,0,0,0,GOOD,GOOD,NORMAL,normal,NORMAL_LEARNING,NO_ACTION,Intraday model healthy.,OK
2025-01-05T07:30:00,07:30,ONLINE_SOL_2025_0105_RAMP_UP,SOL_PAVAGADA,PAV_S3_B02,2hour,Intraday forecast / reserve planning,physical weather-to-power + Gaussian residual,11.643,11.462,5.702,17.222,0.181,0.122,100.0,0.061,11.52,0.12,0,0,0,GOOD,GOOD,NORMAL,normal,NORMAL_LEARNING,NO_ACTION,Intraday model healthy.,OK
2025-01-05T07:35:00,07:35,ONLINE_SOL_2025_0105_RAMP_UP,SOL_PAVAGADA,PAV_S3_B02,2hour,Intraday forecast / reserve planning,physical weather-to-power + Gaussian residual,12.011,11.786,6.026,17.546,0.225,0.133,100.0,0.066,11.52,0.12,0,0,0,GOOD,GOOD,NORMAL,normal,NORMAL_LEARNING,NO_ACTION,Intraday model healthy.,OK
2025-01-05T07:40:00,07:40,ONLINE_SOL_2025_0105_RAMP_UP,SOL_PAVAGADA,PAV_S3_B02,2hour,Intraday forecast / reserve planning,physical weather-to-power + Gaussian residual,12.379,12.106,6.346,17.866,0.273,0.145,100.0,0.073,11.52,0.12,0,0,0,GOOD,GOOD,NORMAL,normal,NORMAL_LEARNING,NO_ACTION,Intraday model healthy.,OK
2025-01-05T07:45:00,07:45,ONLINE_SOL_2025_0105_RAMP_UP,SOL_PAVAGADA,PAV_S3_B02,2hour,Intraday forecast / reserve planning,physical weather-to-power + Gaussian residual,12.744,12.42,6.66,18.18,0.324,0.16,100.0,0.08,11.52,0.12,0,0,0,GOOD,GOOD,NORMAL,normal,NORMAL_LEARNING,NO_ACTION,Intraday model healthy.,OK
2025-01-05T07:50:00,07:50,ONLINE_SOL_2025_0105_RAMP_UP,SOL_PAVAGADA,PAV_S3_B02,2hour,Intraday forecast / reserve planning,physical weather-to-power + Gaussian residual,13.106,12.73,6.97,18.49,0.377,0.177,100.0,0.088,11.52,0.12,0,0,0,GOOD,GOOD,NORMAL,normal,NORMAL_LEARNING,NO_ACTION,Intraday model healthy.,OK
2025-01-05T07:55:00,07:55,ONLINE_SOL_2025_0105_RAMP_UP,SOL_PAVAGADA,PAV_S3_B02,2hour,Intraday forecast / reserve planning,physical weather-to-power + Gaussian residual,13.465,13.034,7.274,18.794,0.43,0.196,100.0,0.098,11.52,0.12,0,0,0,GOOD,GOOD,NORMAL,normal,NORMAL_LEARNING,NO_ACTION,Intraday model healthy.,OK
2025-01-05T08:00:00,08:00,ONLINE_SOL_2025_0105_RAMP_UP,SOL_PAVAGADA,PAV_S3_B02,2hour,Intraday forecast / reserve planning,physical weather-to-power + Gaussian residual,13.818,13.334,7.574,19.094,0.485,0.217,100.0,0.108,11.52,0.12,0,0,0,GOOD,GOOD,NORMAL,normal,NORMAL_LEARNING,NO_ACTION,Intraday model healthy.,OK
2025-01-05T08:05:00,08:05,ONLINE_SOL_2025_0105_RAMP_UP,SOL_PAVAGADA,PAV_S3_B02,2hour,Intraday forecast / reserve planning,physical weather-to-power + Gaussian residual,14.166,13.628,7.868,19.388,0.538,0.239,100.0,0.12,11.52,0.12,0,0,0,GOOD,GOOD,NORMAL,normal,NORMAL_LEARNING,NO_ACTION,Intraday model healthy.,OK
2025-01-05T08:10:00,08:10,ONLINE_SOL_2025_0105_RAMP_UP,SOL_PAVAGADA,PAV_S3_B02,2hour,Intraday forecast / reserve planning,physical weather-to-power + Gaussian residual,14.506,13.917,8.157,19.677,0.589,0.263,100.0,0.132,11.52,0.12,0,0,0,GOOD,GOOD,NORMAL,normal,NORMAL_LEARNING,NO_ACTION,Intraday model healthy.,OK
2025-01-05T08:15:00,08:15,ONLINE_SOL_2025_0105_RAMP_UP,SOL_PAVAGADA,PAV_S3_B02,2hour,Intraday forecast / reserve planning,physical weather-to-power + Gaussian residual,14.839,14.201,8.441,19.961,0.638,0.289,100.0,0.144,11.52,0.12,0,0,0,GOOD,GOOD,NORMAL,normal,NORMAL_LEARNING,NO_ACTION,Intraday model healthy.,OK
2025-01-05T08:20:00,08:20,ONLINE_SOL_2025_0105_RAMP_UP,SOL_PAVAGADA,PAV_S3_B02,2hour,Intraday forecast / reserve planning,physical weather-to-power + Gaussian residual,15.162,14.479,8.719,20.239,0.683,0.315,100.0,0.158,11.52,0.12,0,0,0,GOOD,GOOD,NORMAL,normal,NORMAL_LEARNING,NO_ACTION,Intraday model healthy.,OK
2025-01-05T08:25:00,08:25,ONLINE_SOL_2025_0105_RAMP_UP,SOL_PAVAGADA,PAV_S3_B02,2hour,Intraday forecast / reserve planning,physical weather-to-power + Gaussian residual,15.476,14.752,8.992,20.512,0.723,0.342,100.0,0.171,11.52,0.12,0,0,0,GOOD,GOOD,NORMAL,normal,NORMAL_LEARNING,NO_ACTION,Intraday model healthy.,OK
2025-01-05T08:30:00,08:30,ONLINE_SOL_2025_0105_RAMP_UP,SOL_PAVAGADA,PAV_S3_B02,2hour,Intraday forecast / reserve planning,physical weather-to-power + Gaussian residual,15.778,15.02,9.26,20.78,0.758,0.369,100.0,0.185,11.52,0.12,0,0,0,GOOD,GOOD,NORMAL,normal,NORMAL_LEARNING,NO_ACTION,Intraday model healthy.,OK
2025-01-05T08:35:00,08:35,ONLINE_SOL_2025_0105_RAMP_UP,SOL_PAVAGADA,PAV_S3_B02,2hour,Intraday forecast / reserve planning,physical weather-to-power + Gaussian residual,16.068,15.281,9.521,21.041,0.786,0.397,100.0,0.198,11.52,0.12,0,0,0,GOOD,GOOD,NORMAL,normal,NORMAL_LEARNING,NO_ACTION,Intraday model healthy.,OK
2025-01-05T08:40:00,08:40,ONLINE_SOL_2025_0105_RAMP_UP,SOL_PAVAGADA,PAV_S3_B02,2hour,Intraday forecast / reserve planning,physical weather-to-power + Gaussian residual,16.346,15.538,9.778,21.298,0.808,0.424,100.0,0.212,11.52,0.12,0,0,0,GOOD,GOOD,NORMAL,normal,NORMAL_LEARNING,NO_ACTION,Intraday model healthy.,OK
2025-01-05T08:45:00,08:45,ONLINE_SOL_2025_0105_RAMP_UP,SOL_PAVAGADA,PAV_S3_B02,2hour,Intraday forecast / reserve planning,physical weather-to-power + Gaussian residual,16.61,15.788,10.028,21.548,0.822,0.45,100.0,0.225,11.52,0.12,0,0,0,GOOD,GOOD,NORMAL,normal,NORMAL_LEARNING,NO_ACTION,Intraday model healthy.,OK
2025-01-05T08:50:00,08:50,ONLINE_SOL_2025_0105_RAMP_UP,SOL_PAVAGADA,PAV_S3_B02,2hour,Intraday forecast / reserve planning,physical weather-to-power + Gaussian residual,16.861,16.033,10.273,21.793,0.828,0.476,100.0,0.238,11.52,0.12,0,0,0,GOOD,GOOD,NORMAL,normal,NORMAL_LEARNING,NO_ACTION,Intraday model healthy.,OK
2025-01-05T08:55:00,08:55,ONLINE_SOL_2025_0105_RAMP_UP,SOL_PAVAGADA,PAV_S3_B02,2hour,Intraday forecast / reserve planning,physical weather-to-power + Gaussian residual,17.098,16.272,10.512,22.032,0.826,0.5,100.0,0.25,11.52,0.12,0,0,0,GOOD,GOOD,NORMAL,normal,NORMAL_LEARNING,NO_ACTION,Intraday model healthy.,OK
2025-01-05T09:00:00,09:00,ONLINE_SOL_2025_0105_RAMP_UP,SOL_PAVAGADA,PAV_S3_B02,2hour,Intraday forecast / reserve planning,physical weather-to-power + Gaussian residual,17.321,16.506,10.746,22.266,0.815,0.534,100.0,0.267,11.52,0.12,0,0,0,GOOD,GOOD,NORMAL,normal,NORMAL_LEARNING,NO_ACTION,Intraday model healthy.,OK
2025-01-05T09:05:00,09:05,ONLINE_SOL_2025_0105_RAMP_UP,SOL_PAVAGADA,PAV_S3_B02,2hour,Intraday forecast / reserve planning,physical weather-to-power + Gaussian residual,17.53,16.733,10.973,22.493,0.797,0.567,100.0,0.283,11.52,0.12,0,0,0,GOOD,GOOD,NORMAL,normal,NORMAL_LEARNING,NO_ACTION,Intraday model healthy.,OK
2025-01-05T09:10:00,09:10,ONLINE_SOL_2025_0105_RAMP_UP,SOL_PAVAGADA,PAV_S3_B02,2hour,Intraday forecast / reserve planning,physical weather-to-power + Gaussian residual,17.726,16.955,11.195,22.715,0.771,0.597,100.0,0.299,11.52,0.12,0,0,0,GOOD,GOOD,NORMAL,normal,NORMAL_LEARNING,NO_ACTION,Intraday model healthy.,OK
2025-01-05T09:15:00,09:15,ONLINE_SOL_2025_0105_RAMP_UP,SOL_PAVAGADA,PAV_S3_B02,2hour,Intraday forecast / reserve planning,physical weather-to-power + Gaussian residual,17.908,17.17,11.41,22.93,0.738,0.625,100.0,0.313,11.52,0.12,0,0,0,GOOD,GOOD,NORMAL,normal,NORMAL_LEARNING,NO_ACTION,Intraday model healthy.,OK
2025-01-05T09:20:00,09:20,ONLINE_SOL_2025_0105_RAMP_UP,SOL_PAVAGADA,PAV_S3_B02,2hour,Intraday forecast / reserve planning,physical weather-to-power + Gaussian residual,18.078,17.38,11.62,23.14,0.698,0.651,100.0,0.326,11.52,0.12,0,0,0,GOOD,GOOD,NORMAL,normal,NORMAL_LEARNING,NO_ACTION,Intraday model healthy.,OK
2025-01-05T09:25:00,09:25,ONLINE_SOL_2025_0105_RAMP_UP,SOL_PAVAGADA,PAV_S3_B02,2hour,Intraday forecast / reserve planning,physical weather-to-power + Gaussian residual,18.235,17.583,11.823,23.343,0.652,0.675,100.0,0.338,11.52,0.12,0,0,0,GOOD,GOOD,NORMAL,normal,NORMAL_LEARNING,NO_ACTION,Intraday model healthy.,OK
2025-01-05T09:30:00,09:30,ONLINE_SOL_2025_0105_RAMP_UP,SOL_PAVAGADA,PAV_S3_B02,2hour,Intraday forecast / reserve planning,physical weather-to-power + Gaussian residual,18.382,17.781,12.021,23.541,0.601,0.696,100.0,0.348,11.52,0.12,0,0,0,GOOD,GOOD,NORMAL,normal,NORMAL_LEARNING,NO_ACTION,Intraday model healthy.,OK
2025-01-05T09:35:00,09:35,ONLINE_SOL_2025_0105_RAMP_UP,SOL_PAVAGADA,PAV_S3_B02,2hour,Intraday forecast / reserve planning,physical weather-to-power + Gaussian residual,18.518,17.972,12.212,23.732,0.546,0.715,100.0,0.357,11.52,0.12,0,0,0,GOOD,GOOD,NORMAL,normal,NORMAL_LEARNING,NO_ACTION,Intraday model healthy.,OK
2025-01-05T09:40:00,09:40,ONLINE_SOL_2025_0105_RAMP_UP,SOL_PAVAGADA,PAV_S3_B02,2hour,Intraday forecast / reserve planning,physical weather-to-power + Gaussian residual,18.645,18.157,12.397,23.917,0.488,0.73,100.0,0.365,11.52,0.12,0,0,0,GOOD,GOOD,NORMAL,normal,NORMAL_LEARNING,NO_ACTION,Intraday model healthy.,OK
2025-01-05T09:45:00,09:45,ONLINE_SOL_2025_0105_RAMP_UP,SOL_PAVAGADA,PAV_S3_B02,2hour,Intraday forecast / reserve planning,physical weather-to-power + Gaussian residual,18.764,18.336,12.576,24.096,0.428,0.744,100.0,0.372,11.52,0.12,0,0,0,GOOD,GOOD,NORMAL,normal,NORMAL_LEARNING,NO_ACTION,Intraday model healthy.,OK
2025-01-05T09:50:00,09:50,ONLINE_SOL_2025_0105_RAMP_UP,SOL_PAVAGADA,PAV_S3_B02,2hour,Intraday forecast / reserve planning,physical weather-to-power + Gaussian residual,18.877,18.509,12.749,24.269,0.368,0.755,100.0,0.377,11.52,0.12,0,0,0,GOOD,GOOD,NORMAL,normal,NORMAL_LEARNING,NO_ACTION,Intraday model healthy.,OK
2025-01-05T09:55:00,09:55,ONLINE_SOL_2025_0105_RAMP_UP,SOL_PAVAGADA,PAV_S3_B02,2hour,Intraday forecast / reserve planning,physical weather-to-power + Gaussian residual,18.984,18.675,12.915,24.435,0.309,0.764,100.0,0.382,11.52,0.12,0,0,0,GOOD,GOOD,NORMAL,normal,NORMAL_LEARNING,NO_ACTION,Intraday model healthy.,OK
2025-01-05T10:00:00,10:00,ONLINE_SOL_2025_0105_RAMP_UP,SOL_PAVAGADA,PAV_S3_B02,2hour,Intraday forecast / reserve planning,physical weather-to-power + Gaussian residual,19.087,18.835,13.075,24.595,0.252,0.77,100.0,0.385,11.52,0.12,0,0,0,GOOD,GOOD,NORMAL,normal,NORMAL_LEARNING,NO_ACTION,Intraday model healthy.,OK
2025-01-05T10:05:00,10:05,ONLINE_SOL_2025_0105_RAMP_UP,SOL_PAVAGADA,PAV_S3_B02,2hour,Intraday forecast / reserve planning,physical weather-to-power + Gaussian residual,19.187,18.989,13.229,24.749,0.198,0.775,100.0,0.388,11.52,0.12,0,0,0,GOOD,GOOD,NORMAL,normal,NORMAL_LEARNING,NO_ACTION,Intraday model healthy.,OK
2025-01-05T10:10:00,10:10,ONLINE_SOL_2025_0105_RAMP_UP,SOL_PAVAGADA,PAV_S3_B02,2hour,Intraday forecast / reserve planning,physical weather-to-power + Gaussian residual,19.285,19.137,13.377,24.897,0.148,0.779,100.0,0.389,11.52,0.12,0,0,0,GOOD,GOOD,NORMAL,normal,NORMAL_LEARNING,NO_ACTION,Intraday model healthy.,OK
2025-01-05T10:15:00,10:15,ONLINE_SOL_2025_0105_RAMP_UP,SOL_PAVAGADA,PAV_S3_B02,2hour,Intraday forecast / reserve planning,physical weather-to-power + Gaussian residual,19.382,19.278,13.518,25.038,0.105,0.781,100.0,0.39,11.52,0.12,0,0,0,GOOD,GOOD,NORMAL,normal,NORMAL_LEARNING,NO_ACTION,Intraday model healthy.,OK
2025-01-05T10:20:00,10:20,ONLINE_SOL_2025_0105_RAMP_UP,SOL_PAVAGADA,PAV_S3_B02,2hour,Intraday forecast / reserve planning,physical weather-to-power + Gaussian residual,19.48,19.412,13.652,25.172,0.067,0.782,100.0,0.391,11.52,0.12,0,0,0,GOOD,GOOD,NORMAL,normal,NORMAL_LEARNING,NO_ACTION,Intraday model healthy.,OK
2025-01-05T10:25:00,10:25,ONLINE_SOL_2025_0105_RAMP_UP,SOL_PAVAGADA,PAV_S3_B02,2hour,Intraday forecast / reserve planning,physical weather-to-power + Gaussian residual,19.578,19.541,13.781,25.301,0.038,0.782,100.0,0.391,11.52,0.12,0,0,0,GOOD,GOOD,NORMAL,normal,NORMAL_LEARNING,NO_ACTION,Intraday model healthy.,OK
2025-01-05T10:30:00,10:30,ONLINE_SOL_2025_0105_RAMP_UP,SOL_PAVAGADA,PAV_S3_B02,2hour,Intraday forecast / reserve planning,physical weather-to-power + Gaussian residual,19.678,19.662,13.902,25.422,0.016,0.782,100.0,0.391,11.52,0.12,0,0,0,GOOD,GOOD,NORMAL,normal,NORMAL_LEARNING,NO_ACTION,Intraday model healthy.,OK
2025-01-05T10:35:00,10:35,ONLINE_SOL_2025_0105_RAMP_UP,SOL_PAVAGADA,PAV_S3_B02,2hour,Intraday forecast / reserve planning,physical weather-to-power + Gaussian residual,19.781,19.778,14.018,25.538,0.003,0.782,100.0,0.391,11.52,0.12,0,0,0,GOOD,GOOD,NORMAL,normal,NORMAL_LEARNING,NO_ACTION,Intraday model healthy.,OK
2025-01-05T10:40:00,10:40,ONLINE_SOL_2025_0105_RAMP_UP,SOL_PAVAGADA,PAV_S3_B02,2hour,Intraday forecast / reserve planning,physical weather-to-power + Gaussian residual,19.887,19.887,14.127,25.647,0.0,0.782,100.0,0.391,11.52,0.12,0,0,0,GOOD,GOOD,NORMAL,normal,NORMAL_LEARNING,NO_ACTION,Intraday model healthy.,OK
2025-01-05T10:45:00,10:45,ONLINE_SOL_2025_0105_RAMP_UP,SOL_PAVAGADA,PAV_S3_B02,2hour,Intraday forecast / reserve planning,physical weather-to-power + Gaussian residual,19.995,19.989,14.229,25.749,0.006,0.782,100.0,0.391,11.52,0.12,0,0,0,GOOD,GOOD,NORMAL,normal,NORMAL_LEARNING,NO_ACTION,Intraday model healthy.,OK
2025-01-05T10:50:00,10:50,ONLINE_SOL_2025_0105_RAMP_UP,SOL_PAVAGADA,PAV_S3_B02,2hour,Intraday forecast / reserve planning,physical weather-to-power + Gaussian residual,20.106,20.085,14.325,25.845,0.022,0.783,100.0,0.391,11.52,0.12,0,0,0,GOOD,GOOD,NORMAL,normal,NORMAL_LEARNING,NO_ACTION,Intraday model healthy.,OK
2025-01-05T10:55:00,10:55,ONLINE_SOL_2025_0105_RAMP_UP,SOL_PAVAGADA,PAV_S3_B02,2hour,Intraday forecast / reserve planning,physical weather-to-power + Gaussian residual,20.22,20.174,14.414,25.934,0.047,0.784,100.0,0.392,11.52,0.12,0,0,0,GOOD,GOOD,NORMAL,normal,NORMAL_LEARNING,NO_ACTION,Intraday model healthy.,OK
2025-01-05T11:00:00,11:00,ONLINE_SOL_2025_0105_RAMP_UP,SOL_PAVAGADA,PAV_S3_B02,2hour,Intraday forecast / reserve planning,physical weather-to-power + Gaussian residual,20.337,20.257,14.497,26.017,0.08,0.787,100.0,0.394,11.52,0.12,0,0,0,GOOD,GOOD,NORMAL,normal,NORMAL_LEARNING,NO_ACTION,Intraday model healthy.,OK
2025-01-05T11:05:00,11:05,ONLINE_SOL_2025_0105_RAMP_UP,SOL_PAVAGADA,PAV_S3_B02,2hour,Intraday forecast / reserve planning,physical weather-to-power + Gaussian residual,20.455,20.333,14.573,26.093,0.123,0.791,100.0,0.395,11.52,0.12,0,0,0,GOOD,GOOD,NORMAL,normal,NORMAL_LEARNING,NO_ACTION,Intraday model healthy.,OK
2025-01-05T11:10:00,11:10,ONLINE_SOL_2025_0105_RAMP_UP,SOL_PAVAGADA,PAV_S3_B02,2hour,Intraday forecast / reserve planning,physical weather-to-power + Gaussian residual,20.575,20.402,14.642,26.162,0.172,0.796,100.0,0.398,11.52,0.12,0,0,0,GOOD,GOOD,NORMAL,normal,NORMAL_LEARNING,NO_ACTION,Intraday model healthy.,OK
2025-01-05T11:15:00,11:15,ONLINE_SOL_2025_0105_RAMP_UP,SOL_PAVAGADA,PAV_S3_B02,2hour,Intraday forecast / reserve planning,physical weather-to-power + Gaussian residual,20.695,20.465,14.705,26.225,0.229,0.803,100.0,0.401,11.52,0.12,0,0,0,GOOD,GOOD,NORMAL,normal,NORMAL_LEARNING,NO_ACTION,Intraday model healthy.,OK
2025-01-05T11:20:00,11:20,ONLINE_SOL_2025_0105_RAMP_UP,SOL_PAVAGADA,PAV_S3_B02,2hour,Intraday forecast / reserve planning,physical weather-to-power + Gaussian residual,20.814,20.522,14.762,26.282,0.292,0.81,100.0,0.405,11.52,0.12,0,0,0,GOOD,GOOD,NORMAL,normal,NORMAL_LEARNING,NO_ACTION,Intraday model healthy.,OK
2025-01-05T11:25:00,11:25,ONLINE_SOL_2025_0105_RAMP_UP,SOL_PAVAGADA,PAV_S3_B02,2hour,Intraday forecast / reserve planning,physical weather-to-power + Gaussian residual,20.931,20.572,14.812,26.332,0.359,0.819,100.0,0.41,11.52,0.12,0,0,0,GOOD,GOOD,NORMAL,normal,NORMAL_LEARNING,NO_ACTION,Intraday model healthy.,OK
2025-01-05T11:30:00,11:30,ONLINE_SOL_2025_0105_RAMP_UP,SOL_PAVAGADA,PAV_S3_B02,2hour,Intraday forecast / reserve planning,physical weather-to-power + Gaussian residual,21.044,20.615,14.855,26.375,0.43,0.83,100.0,0.415,11.52,0.12,0,0,0,GOOD,GOOD,NORMAL,normal,NORMAL_LEARNING,NO_ACTION,Intraday model healthy.,OK
2025-01-05T11:35:00,11:35,ONLINE_SOL_2025_0105_RAMP_UP,SOL_PAVAGADA,PAV_S3_B02,2hour,Intraday forecast / reserve planning,physical weather-to-power + Gaussian residual,21.154,20.651,14.891,26.411,0.502,0.841,100.0,0.421,11.52,0.12,0,0,0,GOOD,GOOD,NORMAL,normal,NORMAL_LEARNING,NO_ACTION,Intraday model healthy.,OK
2025-01-05T11:40:00,11:40,ONLINE_SOL_2025_0105_RAMP_UP,SOL_PAVAGADA,PAV_S3_B02,2hour,Intraday forecast / reserve planning,physical weather-to-power + Gaussian residual,21.257,20.681,14.921,26.441,0.576,0.854,100.0,0.427,11.52,0.12,0,0,0,GOOD,GOOD,NORMAL,normal,NORMAL_LEARNING,NO_ACTION,Intraday model healthy.,OK
2025-01-05T11:45:00,11:45,ONLINE_SOL_2025_0105_RAMP_UP,SOL_PAVAGADA,PAV_S3_B02,2hour,Intraday forecast / reserve planning,physical weather-to-power + Gaussian residual,21.353,20.704,14.944,26.464,0.649,0.867,100.0,0.434,11.52,0.12,0,0,0,GOOD,GOOD,NORMAL,normal,NORMAL_LEARNING,NO_ACTION,Intraday model healthy.,OK
2025-01-05T11:50:00,11:50,ONLINE_SOL_2025_0105_RAMP_UP,SOL_PAVAGADA,PAV_S3_B02,2hour,Intraday forecast / reserve planning,physical weather-to-power + Gaussian residual,21.44,20.721,14.961,26.481,0.719,0.882,100.0,0.441,11.52,0.12,0,0,0,GOOD,GOOD,NORMAL,normal,NORMAL_LEARNING,NO_ACTION,Intraday model healthy.,OK
2025-01-05T11:55:00,11:55,ONLINE_SOL_2025_0105_RAMP_UP,SOL_PAVAGADA,PAV_S3_B02,2hour,Intraday forecast / reserve planning,physical weather-to-power + Gaussian residual,21.518,20.731,14.971,26.491,0.787,0.897,100.0,0.448,11.52,0.12,0,0,0,GOOD,GOOD,NORMAL,normal,NORMAL_LEARNING,NO_ACTION,Intraday model healthy.,OK
2025-01-05T12:00:00,12:00,ONLINE_SOL_2025_0105_RAMP_UP,SOL_PAVAGADA,PAV_S3_B02,2hour,Intraday forecast / reserve planning,physical weather-to-power + Gaussian residual,21.584,20.734,14.974,26.494,0.849,0.912,100.0,0.456,11.52,0.12,0,0,0,GOOD,GOOD,NORMAL,normal,NORMAL_LEARNING,NO_ACTION,Intraday model healthy.,OK
2025-01-05T12:05:00,12:05,ONLINE_SOL_2025_0105_RAMP_UP,SOL_PAVAGADA,PAV_S3_B02,2hour,Intraday forecast / reserve planning,physical weather-to-power + Gaussian residual,21.637,20.731,14.971,26.491,0.906,0.927,100.0,0.464,11.52,0.12,0,0,0,GOOD,GOOD,NORMAL,normal,NORMAL_LEARNING,NO_ACTION,Intraday model healthy.,OK
2025-01-05T12:10:00,12:10,ONLINE_SOL_2025_0105_RAMP_UP,SOL_PAVAGADA,PAV_S3_B02,2hour,Intraday forecast / reserve planning,physical weather-to-power + Gaussian residual,21.677,20.721,14.961,26.481,0.956,0.942,100.0,0.471,11.52,0.12,0,0,0,GOOD,GOOD,NORMAL,normal,NORMAL_LEARNING,NO_ACTION,Intraday model healthy.,OK
2025-01-05T12:15:00,12:15,ONLINE_SOL_2025_0105_RAMP_UP,SOL_PAVAGADA,PAV_S3_B02,2hour,Intraday forecast / reserve planning,physical weather-to-power + Gaussian residual,21.702,20.704,14.944,26.464,0.997,0.957,100.0,0.479,11.52,0.12,0,0,0,GOOD,GOOD,NORMAL,normal,NORMAL_LEARNING,NO_ACTION,Intraday model healthy.,OK
2025-01-05T12:20:00,12:20,ONLINE_SOL_2025_0105_RAMP_UP,SOL_PAVAGADA,PAV_S3_B02,2hour,Intraday forecast / reserve planning,physical weather-to-power + Gaussian residual,21.711,20.681,14.921,26.441,1.03,0.972,100.0,0.486,11.52,0.12,0,0,0,GOOD,GOOD,NORMAL,normal,NORMAL_LEARNING,NO_ACTION,Intraday model healthy.,OK
2025-01-05T12:25:00,12:25,ONLINE_SOL_2025_0105_RAMP_UP,SOL_PAVAGADA,PAV_S3_B02,2hour,Intraday forecast / reserve planning,physical weather-to-power + Gaussian residual,21.705,20.651,14.891,26.411,1.054,0.986,100.0,0.493,11.52,0.12,0,0,0,GOOD,GOOD,NORMAL,normal,NORMAL_LEARNING,NO_ACTION,Intraday model healthy.,OK
2025-01-05T12:30:00,12:30,ONLINE_SOL_2025_0105_RAMP_UP,SOL_PAVAGADA,PAV_S3_B02,2hour,Intraday forecast / reserve planning,physical weather-to-power + Gaussian residual,21.682,20.615,14.855,26.375,1.068,0.998,100.0,0.499,11.52,0.12,0,0,0,GOOD,GOOD,NORMAL,normal,NORMAL_LEARNING,NO_ACTION,Intraday model healthy.,OK
2025-01-05T12:35:00,12:35,ONLINE_SOL_2025_0105_RAMP_UP,SOL_PAVAGADA,PAV_S3_B02,2hour,Intraday forecast / reserve planning,physical weather-to-power + Gaussian residual,21.643,20.572,14.812,26.332,1.071,1.01,100.0,0.505,11.52,0.12,0,0,0,GOOD,GOOD,NORMAL,normal,NORMAL_LEARNING,NO_ACTION,Intraday model healthy.,OK
2025-01-05T12:40:00,12:40,ONLINE_SOL_2025_0105_RAMP_UP,SOL_PAVAGADA,PAV_S3_B02,2hour,Intraday forecast / reserve planning,physical weather-to-power + Gaussian residual,21.587,20.522,14.762,26.282,1.065,1.021,100.0,0.51,11.52,0.12,0,0,0,GOOD,GOOD,NORMAL,normal,NORMAL_LEARNING,NO_ACTION,Intraday model healthy.,OK
2025-01-05T12:45:00,12:45,ONLINE_SOL_2025_0105_RAMP_UP,SOL_PAVAGADA,PAV_S3_B02,2hour,Intraday forecast / reserve planning,physical weather-to-power + Gaussian residual,21.514,20.465,14.705,26.225,1.049,1.03,100.0,0.515,11.52,0.12,0,0,0,GOOD,GOOD,NORMAL,normal,NORMAL_LEARNING,NO_ACTION,Intraday model healthy.,OK
2025-01-05T12:50:00,12:50,ONLINE_SOL_2025_0105_RAMP_UP,SOL_PAVAGADA,PAV_S3_B02,2hour,Intraday forecast / reserve planning,physical weather-to-power + Gaussian residual,21.425,20.402,14.642,26.162,1.023,1.039,100.0,0.519,11.52,0.12,0,0,0,GOOD,GOOD,NORMAL,normal,NORMAL_LEARNING,NO_ACTION,Intraday model healthy.,OK
2025-01-05T12:55:00,12:55,ONLINE_SOL_2025_0105_RAMP_UP,SOL_PAVAGADA,PAV_S3_B02,2hour,Intraday forecast / reserve planning,physical weather-to-power + Gaussian residual,21.32,20.333,14.573,26.093,0.988,1.045,100.0,0.523,11.52,0.12,0,0,0,GOOD,GOOD,NORMAL,normal,NORMAL_LEARNING,NO_ACTION,Intraday model healthy.,OK
2025-01-05T13:00:00,13:00,ONLINE_SOL_2025_0105_RAMP_UP,SOL_PAVAGADA,PAV_S3_B02,2hour,Intraday forecast / reserve planning,physical weather-to-power + Gaussian residual,21.201,20.257,14.497,26.017,0.944,1.051,100.0,0.525,11.52,0.1201,0,0,0,GOOD,GOOD,NORMAL,normal,NORMAL_LEARNING,NO_ACTION,Intraday model healthy.,OK
2025-01-05T13:05:00,13:05,ONLINE_SOL_2025_0105_RAMP_UP,SOL_PAVAGADA,PAV_S3_B02,2hour,Intraday forecast / reserve planning,physical weather-to-power + Gaussian residual,21.067,20.174,14.414,25.934,0.893,1.055,100.0,0.527,11.52,0.1201,0,0,0,GOOD,GOOD,NORMAL,normal,NORMAL_LEARNING,NO_ACTION,Intraday model healthy.,OK
2025-01-05T13:10:00,13:10,ONLINE_SOL_2025_0105_RAMP_UP,SOL_PAVAGADA,PAV_S3_B02,2hour,Intraday forecast / reserve planning,physical weather-to-power + Gaussian residual,20.92,20.085,14.325,25.845,0.835,1.057,100.0,0.529,11.52,0.1201,0,0,0,GOOD,GOOD,NORMAL,normal,NORMAL_LEARNING,NO_ACTION,Intraday model healthy.,OK
2025-01-05T13:15:00,13:15,ONLINE_SOL_2025_0105_RAMP_UP,SOL_PAVAGADA,PAV_S3_B02,2hour,Intraday forecast / reserve planning,physical weather-to-power + Gaussian residual,20.761,19.989,14.229,25.749,0.772,1.059,100.0,0.529,11.52,0.1202,0,0,0,GOOD,GOOD,NORMAL,normal,NORMAL_LEARNING,NO_ACTION,Intraday model healthy.,OK
2025-01-05T13:20:00,13:20,ONLINE_SOL_2025_0105_RAMP_UP,SOL_PAVAGADA,PAV_S3_B02,2hour,Intraday forecast / reserve planning,physical weather-to-power + Gaussian residual,20.591,19.887,14.127,25.647,0.705,1.059,100.0,0.53,11.52,0.1203,0,0,0,GOOD,GOOD,NORMAL,normal,NORMAL_LEARNING,NO_ACTION,Intraday model healthy.,OK
2025-01-05T13:25:00,13:25,ONLINE_SOL_2025_0105_RAMP_UP,SOL_PAVAGADA,PAV_S3_B02,2hour,Intraday forecast / reserve planning,physical weather-to-power + Gaussian residual,20.412,19.778,14.018,25.538,0.634,1.058,100.0,0.529,11.52,0.1204,0,0,0,GOOD,GOOD,NORMAL,normal,NORMAL_LEARNING,NO_ACTION,Intraday model healthy.,OK
2025-01-05T13:30:00,13:30,ONLINE_SOL_2025_0105_RAMP_UP,SOL_PAVAGADA,PAV_S3_B02,2hour,Intraday forecast / reserve planning,physical weather-to-power + Gaussian residual,20.225,19.663,13.903,25.423,0.562,1.057,100.0,0.528,11.52,0.1206,0,0,0,GOOD,GOOD,NORMAL,normal,NORMAL_LEARNING,NO_ACTION,Intraday model healthy.,OK
2025-01-05T13:35:00,13:35,ONLINE_SOL_2025_0105_RAMP_UP,SOL_PAVAGADA,PAV_S3_B02,2hour,Intraday forecast / reserve planning,physical weather-to-power + Gaussian residual,20.031,19.542,13.782,25.302,0.489,1.054,100.0,0.527,11.52,0.1209,0,0,0,GOOD,GOOD,NORMAL,normal,NORMAL_LEARNING,NO_ACTION,Intraday model healthy.,OK
2025-01-05T13:40:00,13:40,ONLINE_SOL_2025_0105_RAMP_UP,SOL_PAVAGADA,PAV_S3_B02,2hour,Intraday forecast / reserve planning,physical weather-to-power + Gaussian residual,19.832,19.414,13.654,25.174,0.418,1.051,100.0,0.526,11.52,0.1213,0,0,0,GOOD,GOOD,NORMAL,normal,NORMAL_LEARNING,NO_ACTION,Intraday model healthy.,OK
2025-01-05T13:45:00,13:45,ONLINE_SOL_2025_0105_RAMP_UP,SOL_PAVAGADA,PAV_S3_B02,2hour,Intraday forecast / reserve planning,physical weather-to-power + Gaussian residual,19.628,19.281,13.521,25.041,0.348,1.048,100.0,0.524,11.52,0.122,0,0,0,GOOD,GOOD,NORMAL,normal,NORMAL_LEARNING,NO_ACTION,Intraday model healthy.,OK
2025-01-05T13:50:00,13:50,ONLINE_SOL_2025_0105_RAMP_UP,SOL_PAVAGADA,PAV_S3_B02,2hour,Intraday forecast / reserve planning,physical weather-to-power + Gaussian residual,19.422,19.141,13.381,24.901,0.281,1.044,100.0,0.522,11.52,0.1229,0,0,0,GOOD,GOOD,NORMAL,normal,NORMAL_LEARNING,NO_ACTION,Intraday model healthy.,OK
2025-01-05T13:55:00,13:55,ONLINE_SOL_2025_0105_RAMP_UP,SOL_PAVAGADA,PAV_S3_B02,2hour,Intraday forecast / reserve planning,physical weather-to-power + Gaussian residual,19.214,18.996,13.236,24.756,0.218,1.041,100.0,0.52,11.52,0.1244,0,0,0,GOOD,GOOD,NORMAL,normal,NORMAL_LEARNING,NO_ACTION,Intraday model healthy.,OK
2025-01-05T14:00:00,14:00,ONLINE_SOL_2025_0105_RAMP_UP,SOL_PAVAGADA,PAV_S3_B02,2hour,Intraday forecast / reserve planning,physical weather-to-power + Gaussian residual,19.006,18.846,13.086,24.606,0.16,1.037,100.0,0.518,11.52,0.1265,0,0,0,GOOD,GOOD,NORMAL,normal,NORMAL_LEARNING,NO_ACTION,Intraday model healthy.,OK
2025-01-05T14:05:00,14:05,ONLINE_SOL_2025_0105_RAMP_UP,SOL_PAVAGADA,PAV_S3_B02,2hour,Intraday forecast / reserve planning,physical weather-to-power + Gaussian residual,18.798,18.692,12.932,24.452,0.106,1.033,100.0,0.516,11.52,0.1297,0,0,0,GOOD,GOOD,NORMAL,normal,NORMAL_LEARNING,NO_ACTION,Intraday model healthy.,OK
2025-01-05T14:10:00,14:10,ONLINE_SOL_2025_0105_RAMP_UP,SOL_PAVAGADA,PAV_S3_B02,2hour,Intraday forecast / reserve planning,physical weather-to-power + Gaussian residual,18.591,18.535,12.775,24.295,0.056,1.029,100.0,0.515,11.52,0.1344,0,0,0,GOOD,GOOD,NORMAL,normal,NORMAL_LEARNING,NO_ACTION,Intraday model healthy.,OK
2025-01-05T14:15:00,14:15,ONLINE_SOL_2025_0105_RAMP_UP,SOL_PAVAGADA,PAV_S3_B02,2hour,Intraday forecast / reserve planning,physical weather-to-power + Gaussian residual,18.386,18.377,12.617,24.137,0.009,1.025,100.0,0.513,11.52,0.1413,0,0,0,GOOD,GOOD,NORMAL,normal,NORMAL_LEARNING,NO_ACTION,Intraday model healthy.,OK
2025-01-05T14:20:00,14:20,ONLINE_SOL_2025_0105_RAMP_UP,SOL_PAVAGADA,PAV_S3_B02,2hour,Intraday forecast / reserve planning,physical weather-to-power + Gaussian residual,18.184,18.221,12.461,23.981,-0.037,1.024,100.0,0.51,11.52,0.1513,0,0,0,GOOD,GOOD,NORMAL,normal,NORMAL_LEARNING,NO_ACTION,Intraday model healthy.,OK
2025-01-05T14:25:00,14:25,ONLINE_SOL_2025_0105_RAMP_UP,SOL_PAVAGADA,PAV_S3_B02,2hour,Intraday forecast / reserve planning,physical weather-to-power + Gaussian residual,17.984,18.071,12.311,23.831,-0.087,1.026,100.0,0.508,11.52,0.1659,0,0,0,GOOD,GOOD,NORMAL,normal,NORMAL_LEARNING,NO_ACTION,Intraday model healthy.,OK
2025-01-05T14:30:00,14:30,ONLINE_SOL_2025_0105_RAMP_UP,SOL_PAVAGADA,PAV_S3_B02,2hour,Intraday forecast / reserve planning,physical weather-to-power + Gaussian residual,17.788,17.934,12.174,23.694,-0.146,1.031,100.0,0.504,11.52,0.1865,0,0,0,GOOD,GOOD,NORMAL,normal,NORMAL_LEARNING,NO_ACTION,Intraday model healthy.,OK
2025-01-05T14:35:00,14:35,ONLINE_SOL_2025_0105_RAMP_UP,SOL_PAVAGADA,PAV_S3_B02,2hour,Intraday forecast / reserve planning,physical weather-to-power + Gaussian residual,17.595,17.819,12.059,23.579,-0.224,1.04,100.0,0.5,11.52,0.2154,0,0,0,GOOD,GOOD,NORMAL,normal,NORMAL_LEARNING,NO_ACTION,Intraday model healthy.,OK
2025-01-05T14:40:00,14:40,ONLINE_SOL_2025_0105_RAMP_UP,SOL_PAVAGADA,PAV_S3_B02,2hour,Intraday forecast / reserve planning,physical weather-to-power + Gaussian residual,17.407,17.744,11.984,23.504,-0.337,1.054,100.0,0.493,11.52,0.2544,0,0,0,GOOD,GOOD,NORMAL,normal,NORMAL_LEARNING,NO_ACTION,Intraday model healthy.,OK
2025-01-05T14:45:00,14:45,ONLINE_SOL_2025_0105_RAMP_UP,SOL_PAVAGADA,PAV_S3_B02,2hour,Intraday forecast / reserve planning,physical weather-to-power + Gaussian residual,17.223,17.728,11.968,23.488,-0.505,1.075,100.0,0.482,11.52,0.3052,0,0,0,GOOD,GOOD,NORMAL,normal,NORMAL_LEARNING,NO_ACTION,Intraday model healthy.,OK
2025-01-05T14:50:00,14:50,ONLINE_SOL_2025_0105_RAMP_UP,SOL_PAVAGADA,PAV_S3_B02,2hour,Intraday forecast / reserve planning,physical weather-to-power + Gaussian residual,17.045,17.806,12.046,23.566,-0.761,1.106,100.0,0.466,11.52,0.368,0,0,0,GOOD,GOOD,NORMAL,normal,NORMAL_LEARNING,NO_ACTION,Intraday model healthy.,OK
2025-01-05T14:55:00,14:55,ONLINE_SOL_2025_0105_RAMP_UP,SOL_PAVAGADA,PAV_S3_B02,2hour,Intraday forecast / reserve planning,physical weather-to-power + Gaussian residual,16.875,18.021,12.261,23.781,-1.146,1.152,100.0,0.441,11.52,0.441,0,0,0,GOOD,GOOD,NORMAL,normal,NORMAL_LEARNING,NO_ACTION,Intraday model healthy.,OK
2025-01-05T15:00:00,15:00,ONLINE_SOL_2025_0105_RAMP_UP,SOL_PAVAGADA,PAV_S3_B02,2hour,Intraday forecast / reserve planning,physical weather-to-power + Gaussian residual,16.716,18.429,12.669,24.189,-1.713,1.22,100.0,0.403,11.52,0.52,0,0,55,GOOD,GOOD,NORMAL,normal,NORMAL_LEARNING,NO_ACTION,Intraday model healthy.,OK
2025-01-05T15:05:00,15:05,ONLINE_SOL_2025_0105_RAMP_UP,SOL_PAVAGADA,PAV_S3_B02,2hour,Intraday forecast / reserve planning,physical weather-to-power + Gaussian residual,16.573,19.094,13.334,24.854,-2.52,1.32,100.0,0.348,11.52,0.599,0,0,55,GOOD,GOOD,NORMAL,normal,NORMAL_LEARNING,NO_ACTION,Intraday model healthy.,OK
2025-01-05T15:10:00,15:10,ONLINE_SOL_2025_0105_RAMP_UP,SOL_PAVAGADA,PAV_S3_B02,2hour,Intraday forecast / reserve planning,physical weather-to-power + Gaussian residual,16.455,20.068,14.308,25.828,-3.613,1.463,100.0,0.27,11.52,0.672,25,0,55,GOOD,GOOD,NORMAL,normal,PRE_EVENT_RAMP_WARNING_LEARNED,NO_ACTION,Intraday model healthy.,OK
2025-01-05T15:15:00,15:15,ONLINE_SOL_2025_0105_RAMP_UP,SOL_PAVAGADA,PAV_S3_B02,2hour,Intraday forecast / reserve planning,physical weather-to-power + Gaussian residual,16.374,21.366,15.606,27.126,-4.992,1.662,100.0,0.161,11.52,0.7348,20,0,55,GOOD,GOOD,NORMAL,normal,PRE_EVENT_RAMP_WARNING_LEARNED,NO_ACTION,Intraday model healthy.,OK
2025-01-05T15:20:00,15:20,ONLINE_SOL_2025_0105_RAMP_UP,SOL_PAVAGADA,PAV_S3_B02,2hour,Intraday forecast / reserve planning,physical weather-to-power + Gaussian residual,16.35,22.932,14.58,31.284,-6.582,1.924,100.0,0.018,16.704,0.7856,15,35,55,GOOD,GOOD,ANOMALOUS,weather,PRE_EVENT_RAMP_WARNING_LEARNED,NO_ACTION,Intraday model healthy.,OK
2025-01-05T15:25:00,15:25,ONLINE_SOL_2025_0105_RAMP_UP,SOL_PAVAGADA,PAV_S3_B02,2hour,Intraday forecast / reserve planning,physical weather-to-power + Gaussian residual,16.412,24.62,16.268,32.972,-8.209,2.251,100.0,-0.161,16.704,0.8246,10,35,55,GOOD,GOOD,ANOMALOUS,weather,PRE_EVENT_RAMP_WARNING_LEARNED,NO_ACTION,Intraday model healthy.,OK
2025-01-05T15:30:00,15:30,ONLINE_SOL_2025_0105_RAMP_UP,SOL_PAVAGADA,PAV_S3_B02,2hour,Intraday forecast / reserve planning,physical weather-to-power + Gaussian residual,16.598,26.229,17.877,34.581,-9.631,2.634,97.917,-0.371,16.704,0.8535,5,35,55,GOOD,GOOD,ANOMALOUS,weather,PRE_EVENT_RAMP_WARNING_LEARNED,NO_ACTION,Intraday model healthy.,OK
2025-01-05T15:35:00,15:35,ONLINE_SOL_2025_0105_RAMP_UP,SOL_PAVAGADA,PAV_S3_B02,2hour,Intraday forecast / reserve planning,physical weather-to-power + Gaussian residual,16.959,27.571,19.219,35.923,-10.612,3.055,95.833,-0.602,16.704,0.8741,0,35,82,GOOD,GOOD,ANOMALOUS,weather,ACTUAL_RAMP_CONFIRMED,NO_ACTION,Intraday model healthy.,OK
2025-01-05T15:40:00,15:40,ONLINE_SOL_2025_0105_RAMP_UP,SOL_PAVAGADA,PAV_S3_B02,2hour,Intraday forecast / reserve planning,physical weather-to-power + Gaussian residual,17.551,28.533,20.181,36.885,-10.982,3.489,93.75,-0.843,16.704,0.8887,0,35,82,GOOD,GOOD,ANOMALOUS,weather,ACTUAL_RAMP_CONFIRMED,NO_ACTION,Intraday model healthy.,OK
2025-01-05T15:45:00,15:45,ONLINE_SOL_2025_0105_RAMP_UP,SOL_PAVAGADA,PAV_S3_B02,2hour,Intraday forecast / reserve planning,physical weather-to-power + Gaussian residual,18.42,29.095,20.743,37.447,-10.675,3.907,91.667,-1.079,16.704,0.8987,0,35,82,GOOD,GOOD,ANOMALOUS,weather,ACTUAL_RAMP_CONFIRMED,NO_ACTION,Intraday model healthy.,OK
2025-01-05T15:50:00,15:50,ONLINE_SOL_2025_0105_RAMP_UP,SOL_PAVAGADA,PAV_S3_B02,2hour,Intraday forecast / reserve planning,physical weather-to-power + Gaussian residual,19.578,29.305,20.953,37.657,-9.727,4.282,89.583,-1.296,16.704,0.9056,0,35,82,GOOD,GOOD,ANOMALOUS,weather,ACTUAL_RAMP_CONFIRMED,NO_ACTION,Intraday model healthy.,OK
2025-01-05T15:55:00,15:55,ONLINE_SOL_2025_0105_RAMP_UP,SOL_PAVAGADA,PAV_S3_B02,2hour,Intraday forecast / reserve planning,physical weather-to-power + Gaussian residual,20.966,29.235,20.883,37.587,-8.27,4.594,89.583,-1.485,16.704,0.9103,0,35,82,GOOD,GOOD,ANOMALOUS,weather,ACTUAL_RAMP_CONFIRMED,NO_ACTION,Intraday model healthy.,OK
2025-01-05T16:00:00,16:00,ONLINE_SOL_2025_0105_RAMP_UP,SOL_PAVAGADA,PAV_S3_B02,2hour,Intraday forecast / reserve planning,physical weather-to-power + Gaussian residual,22.448,28.961,20.609,37.313,-6.513,4.83,89.583,-1.638,16.704,0.9135,0,35,82,GOOD,GOOD,ANOMALOUS,weather,ACTUAL_RAMP_CONFIRMED,NO_ACTION,Intraday model healthy.,OK
2025-01-05T16:05:00,16:05,ONLINE_SOL_2025_0105_RAMP_UP,SOL_PAVAGADA,PAV_S3_B02,2hour,Intraday forecast / reserve planning,physical weather-to-power + Gaussian residual,23.836,28.541,20.189,36.893,-4.705,4.988,89.583,-1.755,16.704,0.9156,0,35,82,GOOD,GOOD,ANOMALOUS,weather,ACTUAL_RAMP_CONFIRMED,NO_ACTION,Intraday model healthy.,OK
2025-01-05T16:10:00,16:10,ONLINE_SOL_2025_0105_RAMP_UP,SOL_PAVAGADA,PAV_S3_B02,2hour,Intraday forecast / reserve planning,physical weather-to-power + Gaussian residual,24.958,28.022,19.67,36.374,-3.064,5.076,89.583,-1.839,16.704,0.9171,0,35,82,GOOD,GOOD,ANOMALOUS,weather,ACTUAL_RAMP_CONFIRMED,NO_ACTION,Intraday model healthy.,OK
2025-01-05T16:15:00,16:15,ONLINE_SOL_2025_0105_RAMP_UP,SOL_PAVAGADA,PAV_S3_B02,2hour,Intraday forecast / reserve planning,physical weather-to-power + Gaussian residual,25.711,27.433,19.081,35.785,-1.723,5.106,89.583,-1.896,16.704,0.918,0,35,82,GOOD,GOOD,ANOMALOUS,weather,ACTUAL_RAMP_CONFIRMED,NO_ACTION,Intraday model healthy.,OK
2025-01-05T16:20:00,16:20,ONLINE_SOL_2025_0105_RAMP_UP,SOL_PAVAGADA,PAV_S3_B02,2hour,Intraday forecast / reserve planning,physical weather-to-power + Gaussian residual,26.079,26.797,18.445,35.149,-0.718,5.093,89.583,-1.932,16.704,0.9187,0,35,82,GOOD,GOOD,ANOMALOUS,weather,ACTUAL_RAMP_CONFIRMED,NO_ACTION,Intraday model healthy.,OK
2025-01-05T16:25:00,16:25,ONLINE_SOL_2025_0105_RAMP_UP,SOL_PAVAGADA,PAV_S3_B02,2hour,Intraday forecast / reserve planning,physical weather-to-power + Gaussian residual,26.108,26.127,17.775,34.479,-0.018,5.05,89.583,-1.955,16.704,0.9191,0,35,82,GOOD,GOOD,ANOMALOUS,weather,ACTUAL_RAMP_CONFIRMED,NO_ACTION,Intraday model healthy.,OK
2025-01-05T16:30:00,16:30,ONLINE_SOL_2025_0105_RAMP_UP,SOL_PAVAGADA,PAV_S3_B02,2hour,Intraday forecast / reserve planning,physical weather-to-power + Gaussian residual,25.869,25.431,17.079,33.783,0.438,5.024,89.583,-1.968,16.704,0.9194,0,35,82,GOOD,GOOD,ANOMALOUS,weather,ACTUAL_RAMP_CONFIRMED,NO_ACTION,Intraday model healthy.,OK
2025-01-05T16:35:00,16:35,ONLINE_SOL_2025_0105_RAMP_UP,SOL_PAVAGADA,PAV_S3_B02,2hour,Intraday forecast / reserve planning,physical weather-to-power + Gaussian residual,25.429,24.715,16.363,33.067,0.714,5.009,89.583,-1.975,16.704,0.9196,0,35,82,GOOD,GOOD,ANOMALOUS,weather,ACTUAL_RAMP_CONFIRMED,NO_ACTION,Intraday model healthy.,OK
2025-01-05T16:40:00,16:40,ONLINE_SOL_2025_0105_RAMP_UP,SOL_PAVAGADA,PAV_S3_B02,2hour,Intraday forecast / reserve planning,physical weather-to-power + Gaussian residual,24.848,23.984,15.632,32.336,0.864,5.001,89.583,-1.979,16.704,0.9197,0,35,82,GOOD,GOOD,ANOMALOUS,weather,ACTUAL_RAMP_CONFIRMED,NO_ACTION,Intraday model healthy.,OK
2025-01-05T16:45:00,16:45,ONLINE_SOL_2025_0105_RAMP_UP,SOL_PAVAGADA,PAV_S3_B02,2hour,Intraday forecast / reserve planning,physical weather-to-power + Gaussian residual,24.166,23.238,14.886,31.59,0.928,4.996,89.583,-1.982,16.704,0.9198,0,35,82,GOOD,GOOD,ANOMALOUS,weather,ACTUAL_RAMP_CONFIRMED,NO_ACTION,Intraday model healthy.,OK
2025-01-05T16:50:00,16:50,ONLINE_SOL_2025_0105_RAMP_UP,SOL_PAVAGADA,PAV_S3_B02,2hour,Intraday forecast / reserve planning,physical weather-to-power + Gaussian residual,23.415,22.481,14.129,30.833,0.934,4.992,89.583,-1.984,16.704,0.9199,0,35,82,GOOD,GOOD,ANOMALOUS,weather,ACTUAL_RAMP_CONFIRMED,NO_ACTION,Intraday model healthy.,OK
2025-01-05T16:55:00,16:55,ONLINE_SOL_2025_0105_RAMP_UP,SOL_PAVAGADA,PAV_S3_B02,2hour,Intraday forecast / reserve planning,physical weather-to-power + Gaussian residual,22.616,21.712,13.36,30.064,0.903,4.988,89.583,-1.985,16.704,0.9199,0,35,82,GOOD,GOOD,ANOMALOUS,weather,ACTUAL_RAMP_CONFIRMED,NO_ACTION,Intraday model healthy.,OK
2025-01-05T17:00:00,17:00,ONLINE_SOL_2025_0105_RAMP_UP,SOL_PAVAGADA,PAV_S3_B02,2hour,Intraday forecast / reserve planning,physical weather-to-power + Gaussian residual,21.781,20.934,12.582,29.286,0.847,4.984,89.583,-1.987,16.704,0.9199,0,35,82,GOOD,GOOD,ANOMALOUS,weather,ACTUAL_RAMP_CONFIRMED,NO_ACTION,Intraday model healthy.,OK
2025-01-05T17:05:00,17:05,ONLINE_SOL_2025_0105_RAMP_UP,SOL_PAVAGADA,PAV_S3_B02,2hour,Intraday forecast / reserve planning,physical weather-to-power + Gaussian residual,20.922,20.145,11.793,28.497,0.777,4.98,89.583,-1.99,16.704,0.92,0,35,82,GOOD,GOOD,ANOMALOUS,weather,ACTUAL_RAMP_CONFIRMED,NO_ACTION,Intraday model healthy.,OK
2025-01-05T17:10:00,17:10,ONLINE_SOL_2025_0105_RAMP_UP,SOL_PAVAGADA,PAV_S3_B02,2hour,Intraday forecast / reserve planning,physical weather-to-power + Gaussian residual,20.045,19.347,10.995,27.699,0.697,4.974,89.583,-1.993,16.704,0.92,0,35,82,GOOD,GOOD,ANOMALOUS,weather,ACTUAL_RAMP_CONFIRMED,NO_ACTION,Intraday model healthy.,OK
2025-01-05T17:15:00,17:15,ONLINE_SOL_2025_0105_RAMP_UP,SOL_PAVAGADA,PAV_S3_B02,2hour,Intraday forecast / reserve planning,physical weather-to-power + Gaussian residual,19.154,18.54,12.78,24.3,0.614,4.967,89.583,-1.996,11.52,0.92,0,0,82,GOOD,GOOD,NORMAL,normal,NORMAL_LEARNING,NO_ACTION,Intraday model healthy.,OK
2025-01-05T17:20:00,17:20,ONLINE_SOL_2025_0105_RAMP_UP,SOL_PAVAGADA,PAV_S3_B02,2hour,Intraday forecast / reserve planning,physical weather-to-power + Gaussian residual,18.255,17.724,11.964,23.484,0.531,4.96,89.583,-2.0,11.52,0.92,0,0,82,GOOD,GOOD,NORMAL,normal,NORMAL_LEARNING,NO_ACTION,Intraday model healthy.,OK
2025-01-05T17:25:00,17:25,ONLINE_SOL_2025_0105_RAMP_UP,SOL_PAVAGADA,PAV_S3_B02,2hour,Intraday forecast / reserve planning,physical weather-to-power + Gaussian residual,17.35,16.9,11.14,22.66,0.449,4.952,89.583,-2.003,11.52,0.92,0,0,82,GOOD,GOOD,NORMAL,normal,NORMAL_LEARNING,NO_ACTION,Intraday model healthy.,OK
2025-01-05T17:30:00,17:30,ONLINE_SOL_2025_0105_RAMP_UP,SOL_PAVAGADA,PAV_S3_B02,2hour,Intraday forecast / reserve planning,physical weather-to-power + Gaussian residual,16.44,16.068,10.308,21.828,0.372,4.944,89.583,-2.007,11.52,0.92,0,0,82,GOOD,GOOD,NORMAL,normal,NORMAL_LEARNING,NO_ACTION,Intraday model healthy.,OK
2025-01-05T17:35:00,17:35,ONLINE_SOL_2025_0105_RAMP_UP,SOL_PAVAGADA,PAV_S3_B02,2hour,Intraday forecast / reserve planning,physical weather-to-power + Gaussian residual,15.529,15.228,9.468,20.988,0.301,4.936,89.583,-2.011,11.52,0.92,0,0,82,GOOD,GOOD,NORMAL,normal,NORMAL_LEARNING,NO_ACTION,Intraday model healthy.,OK
2025-01-05T17:40:00,17:40,ONLINE_SOL_2025_0105_RAMP_UP,SOL_PAVAGADA,PAV_S3_B02,2hour,Intraday forecast / reserve planning,physical weather-to-power + Gaussian residual,14.617,14.38,8.62,20.14,0.237,4.929,89.583,-2.015,11.52,0.92,0,0,82,GOOD,GOOD,NORMAL,normal,NORMAL_LEARNING,NO_ACTION,Intraday model healthy.,OK
2025-01-05T17:45:00,17:45,ONLINE_SOL_2025_0105_RAMP_UP,SOL_PAVAGADA,PAV_S3_B02,2hour,Intraday forecast / reserve planning,physical weather-to-power + Gaussian residual,13.705,13.525,7.765,19.285,0.18,4.922,89.583,-2.019,11.52,0.92,0,0,82,GOOD,GOOD,NORMAL,normal,NORMAL_LEARNING,NO_ACTION,Intraday model healthy.,OK
2025-01-05T17:50:00,17:50,ONLINE_SOL_2025_0105_RAMP_UP,SOL_PAVAGADA,PAV_S3_B02,2hour,Intraday forecast / reserve planning,physical weather-to-power + Gaussian residual,12.794,12.663,6.903,18.423,0.131,4.916,89.583,-2.022,11.52,0.92,0,0,82,GOOD,GOOD,NORMAL,normal,NORMAL_LEARNING,NO_ACTION,Intraday model healthy.,OK
2025-01-05T17:55:00,17:55,ONLINE_SOL_2025_0105_RAMP_UP,SOL_PAVAGADA,PAV_S3_B02,2hour,Intraday forecast / reserve planning,physical weather-to-power + Gaussian residual,11.885,11.794,6.034,17.554,0.091,4.91,89.583,-2.024,11.52,0.92,0,0,82,GOOD,GOOD,NORMAL,normal,NORMAL_LEARNING,NO_ACTION,Intraday model healthy.,OK
2025-01-05T18:00:00,18:00,ONLINE_SOL_2025_0105_RAMP_UP,SOL_PAVAGADA,PAV_S3_B02,2hour,Intraday forecast / reserve planning,physical weather-to-power + Gaussian residual,10.977,10.918,5.158,16.678,0.059,4.906,89.583,-2.026,11.52,0.92,0,0,82,GOOD,GOOD,NORMAL,normal,NORMAL_LEARNING,NO_ACTION,Intraday model healthy.,OK
2025-01-05T18:05:00,18:05,ONLINE_SOL_2025_0105_RAMP_UP,SOL_PAVAGADA,PAV_S3_B02,2hour,Intraday forecast / reserve planning,physical weather-to-power + Gaussian residual,10.07,10.036,4.276,15.796,0.035,4.903,89.583,-2.028,11.52,0.92,0,0,82,GOOD,GOOD,NORMAL,normal,NORMAL_LEARNING,NO_ACTION,Intraday model healthy.,OK
2025-01-05T18:10:00,18:10,ONLINE_SOL_2025_0105_RAMP_UP,SOL_PAVAGADA,PAV_S3_B02,2hour,Intraday forecast / reserve planning,physical weather-to-power + Gaussian residual,9.165,9.148,3.388,14.908,0.017,4.902,89.583,-2.029,11.52,0.92,0,0,82,GOOD,GOOD,NORMAL,normal,NORMAL_LEARNING,NO_ACTION,Intraday model healthy.,OK
2025-01-05T18:15:00,18:15,ONLINE_SOL_2025_0105_RAMP_UP,SOL_PAVAGADA,PAV_S3_B02,2hour,Intraday forecast / reserve planning,physical weather-to-power + Gaussian residual,8.261,8.254,2.494,14.014,0.007,4.902,89.583,-2.029,11.52,0.92,0,0,82,GOOD,GOOD,NORMAL,normal,NORMAL_LEARNING,NO_ACTION,Intraday model healthy.,OK
2025-01-05T18:20:00,18:20,ONLINE_SOL_2025_0105_RAMP_UP,SOL_PAVAGADA,PAV_S3_B02,2hour,Intraday forecast / reserve planning,physical weather-to-power + Gaussian residual,7.356,7.355,1.595,13.115,0.001,4.9,89.583,-2.028,11.52,0.92,0,0,82,GOOD,GOOD,NORMAL,normal,NORMAL_LEARNING,NO_ACTION,Intraday model healthy.,OK
2025-01-05T18:25:00,18:25,ONLINE_SOL_2025_0105_RAMP_UP,SOL_PAVAGADA,PAV_S3_B02,2hour,Intraday forecast / reserve planning,physical weather-to-power + Gaussian residual,6.45,6.45,0.69,12.21,0.0,4.896,89.583,-2.026,11.52,0.92,0,0,82,GOOD,GOOD,NORMAL,normal,NORMAL_LEARNING,NO_ACTION,Intraday model healthy.,OK
2025-01-05T18:30:00,18:30,ONLINE_SOL_2025_0105_RAMP_UP,SOL_PAVAGADA,PAV_S3_B02,2hour,Intraday forecast / reserve planning,physical weather-to-power + Gaussian residual,5.543,5.541,0,11.301,0.002,4.89,89.583,-2.023,11.301,0.92,0,0,82,GOOD,GOOD,NORMAL,normal,NORMAL_LEARNING,NO_ACTION,Intraday model healthy.,OK
2025-01-05T18:35:00,18:35,ONLINE_SOL_2025_0105_RAMP_UP,SOL_PAVAGADA,PAV_S3_B02,2hour,Intraday forecast / reserve planning,physical weather-to-power + Gaussian residual,4.632,4.627,0,10.387,0.005,4.881,89.583,-2.018,10.387,0.92,0,0,82,GOOD,GOOD,NORMAL,normal,NORMAL_LEARNING,NO_ACTION,Intraday model healthy.,OK
2025-01-05T18:40:00,18:40,ONLINE_SOL_2025_0105_RAMP_UP,SOL_PAVAGADA,PAV_S3_B02,2hour,Intraday forecast / reserve planning,physical weather-to-power + Gaussian residual,3.718,3.709,0,9.469,0.009,4.868,89.583,-2.011,9.469,0.92,0,0,82,GOOD,GOOD,NORMAL,normal,NORMAL_LEARNING,NO_ACTION,Intraday model healthy.,OK
2025-01-05T18:45:00,18:45,ONLINE_SOL_2025_0105_RAMP_UP,SOL_PAVAGADA,PAV_S3_B02,2hour,Intraday forecast / reserve planning,physical weather-to-power + Gaussian residual,2.798,2.787,0,8.547,0.011,4.847,89.583,-2.0,8.547,0.92,0,0,82,GOOD,GOOD,NORMAL,normal,NORMAL_LEARNING,NO_ACTION,Intraday model healthy.,OK
2025-01-05T18:50:00,18:50,ONLINE_SOL_2025_0105_RAMP_UP,SOL_PAVAGADA,PAV_S3_B02,2hour,Intraday forecast / reserve planning,physical weather-to-power + Gaussian residual,1.872,1.861,0,7.621,0.011,4.816,89.583,-1.984,7.621,0.92,0,0,82,GOOD,GOOD,NORMAL,normal,NORMAL_LEARNING,NO_ACTION,Intraday model healthy.,OK
2025-01-05T18:55:00,18:55,ONLINE_SOL_2025_0105_RAMP_UP,SOL_PAVAGADA,PAV_S3_B02,2hour,Intraday forecast / reserve planning,physical weather-to-power + Gaussian residual,0.94,0.932,0,6.692,0.008,4.768,89.583,-1.96,6.692,0.92,0,0,82,GOOD,GOOD,NORMAL,normal,NORMAL_LEARNING,NO_ACTION,Intraday model healthy.,OK
2025-01-05T19:00:00,19:00,ONLINE_SOL_2025_0105_RAMP_UP,SOL_PAVAGADA,PAV_S3_B02,2hour,Intraday forecast / reserve planning,physical weather-to-power + Gaussian residual,0.0,0.0,0,5.76,0.0,4.697,89.583,-1.925,5.76,0.92,0,0,82,GOOD,GOOD,NORMAL,normal,NORMAL_LEARNING,NO_ACTION,Intraday model healthy.,OK
2025-01-05T05:00:00,05:00,ONLINE_SOL_2025_0105_RAMP_UP,SOL_PAVAGADA,PAV_S3_B02,40hour,Day-ahead probabilistic forecast,NWP ensemble weather-to-power + calibration,0.0,0.0,0,9.28,0.0,0.0,100.0,0.0,9.28,0.12,0,0,0,GOOD,GOOD,NORMAL,normal,NORMAL_LEARNING,NO_ACTION,Day-ahead calibration acceptable.,OK
2025-01-05T05:05:00,05:05,ONLINE_SOL_2025_0105_RAMP_UP,SOL_PAVAGADA,PAV_S3_B02,40hour,Day-ahead probabilistic forecast,NWP ensemble weather-to-power + calibration,0.44,0.411,0,9.691,0.03,0.03,100.0,0.015,9.691,0.12,0,0,0,GOOD,GOOD,NORMAL,normal,NORMAL_LEARNING,NO_ACTION,Day-ahead calibration acceptable.,OK
2025-01-05T05:10:00,05:10,ONLINE_SOL_2025_0105_RAMP_UP,SOL_PAVAGADA,PAV_S3_B02,40hour,Day-ahead probabilistic forecast,NWP ensemble weather-to-power + calibration,0.878,0.82,0,10.1,0.058,0.059,100.0,0.029,10.1,0.12,0,0,0,GOOD,GOOD,NORMAL,normal,NORMAL_LEARNING,NO_ACTION,Day-ahead calibration acceptable.,OK
2025-01-05T05:15:00,05:15,ONLINE_SOL_2025_0105_RAMP_UP,SOL_PAVAGADA,PAV_S3_B02,40hour,Day-ahead probabilistic forecast,NWP ensemble weather-to-power + calibration,1.313,1.228,0,10.508,0.085,0.086,100.0,0.043,10.508,0.12,0,0,0,GOOD,GOOD,NORMAL,normal,NORMAL_LEARNING,NO_ACTION,Day-ahead calibration acceptable.,OK
2025-01-05T05:20:00,05:20,ONLINE_SOL_2025_0105_RAMP_UP,SOL_PAVAGADA,PAV_S3_B02,40hour,Day-ahead probabilistic forecast,NWP ensemble weather-to-power + calibration,1.743,1.634,0,10.914,0.109,0.112,100.0,0.056,10.914,0.12,0,0,0,GOOD,GOOD,NORMAL,normal,NORMAL_LEARNING,NO_ACTION,Day-ahead calibration acceptable.,OK
2025-01-05T05:25:00,05:25,ONLINE_SOL_2025_0105_RAMP_UP,SOL_PAVAGADA,PAV_S3_B02,40hour,Day-ahead probabilistic forecast,NWP ensemble weather-to-power + calibration,2.169,2.039,0,11.319,0.13,0.137,100.0,0.069,11.319,0.12,0,0,0,GOOD,GOOD,NORMAL,normal,NORMAL_LEARNING,NO_ACTION,Day-ahead calibration acceptable.,OK
2025-01-05T05:30:00,05:30,ONLINE_SOL_2025_0105_RAMP_UP,SOL_PAVAGADA,PAV_S3_B02,40hour,Day-ahead probabilistic forecast,NWP ensemble weather-to-power + calibration,2.59,2.442,0,11.722,0.148,0.16,100.0,0.08,11.722,0.12,0,0,0,GOOD,GOOD,NORMAL,normal,NORMAL_LEARNING,NO_ACTION,Day-ahead calibration acceptable.,OK
2025-01-05T05:35:00,05:35,ONLINE_SOL_2025_0105_RAMP_UP,SOL_PAVAGADA,PAV_S3_B02,40hour,Day-ahead probabilistic forecast,NWP ensemble weather-to-power + calibration,3.006,2.842,0,12.122,0.163,0.181,100.0,0.09,12.122,0.12,0,0,0,GOOD,GOOD,NORMAL,normal,NORMAL_LEARNING,NO_ACTION,Day-ahead calibration acceptable.,OK
2025-01-05T05:40:00,05:40,ONLINE_SOL_2025_0105_RAMP_UP,SOL_PAVAGADA,PAV_S3_B02,40hour,Day-ahead probabilistic forecast,NWP ensemble weather-to-power + calibration,3.416,3.241,0,12.521,0.175,0.2,100.0,0.1,12.521,0.12,0,0,0,GOOD,GOOD,NORMAL,normal,NORMAL_LEARNING,NO_ACTION,Day-ahead calibration acceptable.,OK
2025-01-05T05:45:00,05:45,ONLINE_SOL_2025_0105_RAMP_UP,SOL_PAVAGADA,PAV_S3_B02,40hour,Day-ahead probabilistic forecast,NWP ensemble weather-to-power + calibration,3.821,3.637,0,12.917,0.184,0.216,100.0,0.108,12.917,0.12,0,0,0,GOOD,GOOD,NORMAL,normal,NORMAL_LEARNING,NO_ACTION,Day-ahead calibration acceptable.,OK
2025-01-05T05:50:00,05:50,ONLINE_SOL_2025_0105_RAMP_UP,SOL_PAVAGADA,PAV_S3_B02,40hour,Day-ahead probabilistic forecast,NWP ensemble weather-to-power + calibration,4.22,4.031,0,13.311,0.189,0.231,100.0,0.116,13.311,0.12,0,0,0,GOOD,GOOD,NORMAL,normal,NORMAL_LEARNING,NO_ACTION,Day-ahead calibration acceptable.,OK
2025-01-05T05:55:00,05:55,ONLINE_SOL_2025_0105_RAMP_UP,SOL_PAVAGADA,PAV_S3_B02,40hour,Day-ahead probabilistic forecast,NWP ensemble weather-to-power + calibration,4.614,4.422,0,13.702,0.192,0.244,100.0,0.122,13.702,0.12,0,0,0,GOOD,GOOD,NORMAL,normal,NORMAL_LEARNING,NO_ACTION,Day-ahead calibration acceptable.,OK
2025-01-05T06:00:00,06:00,ONLINE_SOL_2025_0105_RAMP_UP,SOL_PAVAGADA,PAV_S3_B02,40hour,Day-ahead probabilistic forecast,NWP ensemble weather-to-power + calibration,5.003,4.811,0,14.091,0.192,0.255,100.0,0.127,14.091,0.12,0,0,0,GOOD,GOOD,NORMAL,normal,NORMAL_LEARNING,NO_ACTION,Day-ahead calibration acceptable.,OK
2025-01-05T06:05:00,06:05,ONLINE_SOL_2025_0105_RAMP_UP,SOL_PAVAGADA,PAV_S3_B02,40hour,Day-ahead probabilistic forecast,NWP ensemble weather-to-power + calibration,5.386,5.197,0,14.477,0.19,0.264,100.0,0.132,14.477,0.12,0,0,0,GOOD,GOOD,NORMAL,normal,NORMAL_LEARNING,NO_ACTION,Day-ahead calibration acceptable.,OK
2025-01-05T06:10:00,06:10,ONLINE_SOL_2025_0105_RAMP_UP,SOL_PAVAGADA,PAV_S3_B02,40hour,Day-ahead probabilistic forecast,NWP ensemble weather-to-power + calibration,5.766,5.58,0,14.86,0.186,0.271,100.0,0.135,14.86,0.12,0,0,0,GOOD,GOOD,NORMAL,normal,NORMAL_LEARNING,NO_ACTION,Day-ahead calibration acceptable.,OK
2025-01-05T06:15:00,06:15,ONLINE_SOL_2025_0105_RAMP_UP,SOL_PAVAGADA,PAV_S3_B02,40hour,Day-ahead probabilistic forecast,NWP ensemble weather-to-power + calibration,6.141,5.959,0,15.239,0.182,0.277,100.0,0.138,15.239,0.12,0,0,0,GOOD,GOOD,NORMAL,normal,NORMAL_LEARNING,NO_ACTION,Day-ahead calibration acceptable.,OK
2025-01-05T06:20:00,06:20,ONLINE_SOL_2025_0105_RAMP_UP,SOL_PAVAGADA,PAV_S3_B02,40hour,Day-ahead probabilistic forecast,NWP ensemble weather-to-power + calibration,6.514,6.336,0,15.616,0.177,0.281,100.0,0.141,15.616,0.12,0,0,0,GOOD,GOOD,NORMAL,normal,NORMAL_LEARNING,NO_ACTION,Day-ahead calibration acceptable.,OK
2025-01-05T06:25:00,06:25,ONLINE_SOL_2025_0105_RAMP_UP,SOL_PAVAGADA,PAV_S3_B02,40hour,Day-ahead probabilistic forecast,NWP ensemble weather-to-power + calibration,6.883,6.71,0,15.99,0.173,0.285,100.0,0.142,15.99,0.12,0,0,0,GOOD,GOOD,NORMAL,normal,NORMAL_LEARNING,NO_ACTION,Day-ahead calibration acceptable.,OK
2025-01-05T06:30:00,06:30,ONLINE_SOL_2025_0105_RAMP_UP,SOL_PAVAGADA,PAV_S3_B02,40hour,Day-ahead probabilistic forecast,NWP ensemble weather-to-power + calibration,7.25,7.08,0,16.36,0.17,0.288,100.0,0.144,16.36,0.12,0,0,0,GOOD,GOOD,NORMAL,normal,NORMAL_LEARNING,NO_ACTION,Day-ahead calibration acceptable.,OK
2025-01-05T06:35:00,06:35,ONLINE_SOL_2025_0105_RAMP_UP,SOL_PAVAGADA,PAV_S3_B02,40hour,Day-ahead probabilistic forecast,NWP ensemble weather-to-power + calibration,7.615,7.447,0,16.727,0.168,0.29,100.0,0.145,16.727,0.12,0,0,0,GOOD,GOOD,NORMAL,normal,NORMAL_LEARNING,NO_ACTION,Day-ahead calibration acceptable.,OK
2025-01-05T06:40:00,06:40,ONLINE_SOL_2025_0105_RAMP_UP,SOL_PAVAGADA,PAV_S3_B02,40hour,Day-ahead probabilistic forecast,NWP ensemble weather-to-power + calibration,7.98,7.81,0,17.09,0.17,0.293,100.0,0.146,17.09,0.12,0,0,0,GOOD,GOOD,NORMAL,normal,NORMAL_LEARNING,NO_ACTION,Day-ahead calibration acceptable.,OK
2025-01-05T06:45:00,06:45,ONLINE_SOL_2025_0105_RAMP_UP,SOL_PAVAGADA,PAV_S3_B02,40hour,Day-ahead probabilistic forecast,NWP ensemble weather-to-power + calibration,8.344,8.169,0,17.449,0.174,0.295,100.0,0.148,17.449,0.12,0,0,0,GOOD,GOOD,NORMAL,normal,NORMAL_LEARNING,NO_ACTION,Day-ahead calibration acceptable.,OK
2025-01-05T06:50:00,06:50,ONLINE_SOL_2025_0105_RAMP_UP,SOL_PAVAGADA,PAV_S3_B02,40hour,Day-ahead probabilistic forecast,NWP ensemble weather-to-power + calibration,8.707,8.525,0,17.805,0.182,0.298,100.0,0.149,17.805,0.12,0,0,0,GOOD,GOOD,NORMAL,normal,NORMAL_LEARNING,NO_ACTION,Day-ahead calibration acceptable.,OK
2025-01-05T06:55:00,06:55,ONLINE_SOL_2025_0105_RAMP_UP,SOL_PAVAGADA,PAV_S3_B02,40hour,Day-ahead probabilistic forecast,NWP ensemble weather-to-power + calibration,9.072,8.877,0,18.157,0.195,0.302,100.0,0.151,18.157,0.12,0,0,0,GOOD,GOOD,NORMAL,normal,NORMAL_LEARNING,NO_ACTION,Day-ahead calibration acceptable.,OK
2025-01-05T07:00:00,07:00,ONLINE_SOL_2025_0105_RAMP_UP,SOL_PAVAGADA,PAV_S3_B02,40hour,Day-ahead probabilistic forecast,NWP ensemble weather-to-power + calibration,9.436,9.225,0,18.505,0.212,0.307,100.0,0.153,18.505,0.12,0,0,0,GOOD,GOOD,NORMAL,normal,NORMAL_LEARNING,NO_ACTION,Day-ahead calibration acceptable.,OK
2025-01-05T07:05:00,07:05,ONLINE_SOL_2025_0105_RAMP_UP,SOL_PAVAGADA,PAV_S3_B02,40hour,Day-ahead probabilistic forecast,NWP ensemble weather-to-power + calibration,9.802,9.569,0.289,18.849,0.234,0.313,100.0,0.156,18.56,0.12,0,0,0,GOOD,GOOD,NORMAL,normal,NORMAL_LEARNING,NO_ACTION,Day-ahead calibration acceptable.,OK
2025-01-05T07:10:00,07:10,ONLINE_SOL_2025_0105_RAMP_UP,SOL_PAVAGADA,PAV_S3_B02,40hour,Day-ahead probabilistic forecast,NWP ensemble weather-to-power + calibration,10.169,9.908,0.628,19.188,0.261,0.321,100.0,0.16,18.56,0.12,0,0,0,GOOD,GOOD,NORMAL,normal,NORMAL_LEARNING,NO_ACTION,Day-ahead calibration acceptable.,OK
2025-01-05T07:15:00,07:15,ONLINE_SOL_2025_0105_RAMP_UP,SOL_PAVAGADA,PAV_S3_B02,40hour,Day-ahead probabilistic forecast,NWP ensemble weather-to-power + calibration,10.537,10.244,0.964,19.524,0.293,0.33,100.0,0.165,18.56,0.12,0,0,0,GOOD,GOOD,NORMAL,normal,NORMAL_LEARNING,NO_ACTION,Day-ahead calibration acceptable.,OK
2025-01-05T07:20:00,07:20,ONLINE_SOL_2025_0105_RAMP_UP,SOL_PAVAGADA,PAV_S3_B02,40hour,Day-ahead probabilistic forecast,NWP ensemble weather-to-power + calibration,10.905,10.575,1.295,19.855,0.331,0.342,100.0,0.171,18.56,0.12,0,0,0,GOOD,GOOD,NORMAL,normal,NORMAL_LEARNING,NO_ACTION,Day-ahead calibration acceptable.,OK
2025-01-05T07:25:00,07:25,ONLINE_SOL_2025_0105_RAMP_UP,SOL_PAVAGADA,PAV_S3_B02,40hour,Day-ahead probabilistic forecast,NWP ensemble weather-to-power + calibration,11.274,10.901,1.621,20.181,0.373,0.355,100.0,0.178,18.56,0.12,0,0,0,GOOD,GOOD,NORMAL,normal,NORMAL_LEARNING,NO_ACTION,Day-ahead calibration acceptable.,OK
2025-01-05T07:30:00,07:30,ONLINE_SOL_2025_0105_RAMP_UP,SOL_PAVAGADA,PAV_S3_B02,40hour,Day-ahead probabilistic forecast,NWP ensemble weather-to-power + calibration,11.643,11.223,1.943,20.503,0.42,0.371,100.0,0.185,18.56,0.12,0,0,0,GOOD,GOOD,NORMAL,normal,NORMAL_LEARNING,NO_ACTION,Day-ahead calibration acceptable.,OK
2025-01-05T07:35:00,07:35,ONLINE_SOL_2025_0105_RAMP_UP,SOL_PAVAGADA,PAV_S3_B02,40hour,Day-ahead probabilistic forecast,NWP ensemble weather-to-power + calibration,12.011,11.541,2.261,20.821,0.471,0.388,100.0,0.194,18.56,0.12,0,0,0,GOOD,GOOD,NORMAL,normal,NORMAL_LEARNING,NO_ACTION,Day-ahead calibration acceptable.,OK
2025-01-05T07:40:00,07:40,ONLINE_SOL_2025_0105_RAMP_UP,SOL_PAVAGADA,PAV_S3_B02,40hour,Day-ahead probabilistic forecast,NWP ensemble weather-to-power + calibration,12.379,11.853,2.573,21.133,0.525,0.409,100.0,0.204,18.56,0.12,0,0,0,GOOD,GOOD,NORMAL,normal,NORMAL_LEARNING,NO_ACTION,Day-ahead calibration acceptable.,OK
2025-01-05T07:45:00,07:45,ONLINE_SOL_2025_0105_RAMP_UP,SOL_PAVAGADA,PAV_S3_B02,40hour,Day-ahead probabilistic forecast,NWP ensemble weather-to-power + calibration,12.744,12.161,2.881,21.441,0.583,0.431,100.0,0.215,18.56,0.12,0,0,0,GOOD,GOOD,NORMAL,normal,NORMAL_LEARNING,NO_ACTION,Day-ahead calibration acceptable.,OK
2025-01-05T07:50:00,07:50,ONLINE_SOL_2025_0105_RAMP_UP,SOL_PAVAGADA,PAV_S3_B02,40hour,Day-ahead probabilistic forecast,NWP ensemble weather-to-power + calibration,13.106,12.464,3.184,21.744,0.642,0.455,100.0,0.228,18.56,0.12,0,0,0,GOOD,GOOD,NORMAL,normal,NORMAL_LEARNING,NO_ACTION,Day-ahead calibration acceptable.,OK
2025-01-05T07:55:00,07:55,ONLINE_SOL_2025_0105_RAMP_UP,SOL_PAVAGADA,PAV_S3_B02,40hour,Day-ahead probabilistic forecast,NWP ensemble weather-to-power + calibration,13.465,12.763,3.483,22.043,0.702,0.482,100.0,0.241,18.56,0.12,0,0,0,GOOD,GOOD,NORMAL,normal,NORMAL_LEARNING,NO_ACTION,Day-ahead calibration acceptable.,OK
2025-01-05T08:00:00,08:00,ONLINE_SOL_2025_0105_RAMP_UP,SOL_PAVAGADA,PAV_S3_B02,40hour,Day-ahead probabilistic forecast,NWP ensemble weather-to-power + calibration,13.818,13.056,3.776,22.336,0.762,0.51,100.0,0.255,18.56,0.12,0,0,0,GOOD,GOOD,NORMAL,normal,NORMAL_LEARNING,NO_ACTION,Day-ahead calibration acceptable.,OK
2025-01-05T08:05:00,08:05,ONLINE_SOL_2025_0105_RAMP_UP,SOL_PAVAGADA,PAV_S3_B02,40hour,Day-ahead probabilistic forecast,NWP ensemble weather-to-power + calibration,14.166,13.344,4.064,22.624,0.822,0.54,100.0,0.27,18.56,0.12,0,0,0,GOOD,GOOD,NORMAL,normal,NORMAL_LEARNING,NO_ACTION,Day-ahead calibration acceptable.,OK
2025-01-05T08:10:00,08:10,ONLINE_SOL_2025_0105_RAMP_UP,SOL_PAVAGADA,PAV_S3_B02,40hour,Day-ahead probabilistic forecast,NWP ensemble weather-to-power + calibration,14.506,13.627,4.347,22.907,0.879,0.571,100.0,0.285,18.56,0.12,0,0,0,GOOD,GOOD,NORMAL,normal,NORMAL_LEARNING,NO_ACTION,Day-ahead calibration acceptable.,OK
2025-01-05T08:15:00,08:15,ONLINE_SOL_2025_0105_RAMP_UP,SOL_PAVAGADA,PAV_S3_B02,40hour,Day-ahead probabilistic forecast,NWP ensemble weather-to-power + calibration,14.839,13.905,4.625,23.185,0.934,0.603,100.0,0.302,18.56,0.12,0,0,0,GOOD,GOOD,NORMAL,normal,NORMAL_LEARNING,NO_ACTION,Day-ahead calibration acceptable.,OK
2025-01-05T08:20:00,08:20,ONLINE_SOL_2025_0105_RAMP_UP,SOL_PAVAGADA,PAV_S3_B02,40hour,Day-ahead probabilistic forecast,NWP ensemble weather-to-power + calibration,15.162,14.178,4.898,23.458,0.985,0.637,100.0,0.318,18.56,0.12,0,0,0,GOOD,GOOD,NORMAL,normal,NORMAL_LEARNING,NO_ACTION,Day-ahead calibration acceptable.,OK
2025-01-05T08:25:00,08:25,ONLINE_SOL_2025_0105_RAMP_UP,SOL_PAVAGADA,PAV_S3_B02,40hour,Day-ahead probabilistic forecast,NWP ensemble weather-to-power + calibration,15.476,14.445,5.165,23.725,1.031,0.671,100.0,0.335,18.56,0.12,0,0,0,GOOD,GOOD,NORMAL,normal,NORMAL_LEARNING,NO_ACTION,Day-ahead calibration acceptable.,OK
2025-01-05T08:30:00,08:30,ONLINE_SOL_2025_0105_RAMP_UP,SOL_PAVAGADA,PAV_S3_B02,40hour,Day-ahead probabilistic forecast,NWP ensemble weather-to-power + calibration,15.778,14.707,5.427,23.987,1.071,0.705,100.0,0.352,18.56,0.12,0,0,0,GOOD,GOOD,NORMAL,normal,NORMAL_LEARNING,NO_ACTION,Day-ahead calibration acceptable.,OK
2025-01-05T08:35:00,08:35,ONLINE_SOL_2025_0105_RAMP_UP,SOL_PAVAGADA,PAV_S3_B02,40hour,Day-ahead probabilistic forecast,NWP ensemble weather-to-power + calibration,16.068,14.963,5.683,24.243,1.105,0.739,100.0,0.369,18.56,0.12,0,0,0,GOOD,GOOD,NORMAL,normal,NORMAL_LEARNING,NO_ACTION,Day-ahead calibration acceptable.,OK
2025-01-05T08:40:00,08:40,ONLINE_SOL_2025_0105_RAMP_UP,SOL_PAVAGADA,PAV_S3_B02,40hour,Day-ahead probabilistic forecast,NWP ensemble weather-to-power + calibration,16.346,15.214,5.934,24.494,1.132,0.773,100.0,0.386,18.56,0.12,0,0,0,GOOD,GOOD,NORMAL,normal,NORMAL_LEARNING,NO_ACTION,Day-ahead calibration acceptable.,OK
2025-01-05T08:45:00,08:45,ONLINE_SOL_2025_0105_RAMP_UP,SOL_PAVAGADA,PAV_S3_B02,40hour,Day-ahead probabilistic forecast,NWP ensemble weather-to-power + calibration,16.61,15.459,6.179,24.739,1.151,0.806,100.0,0.403,18.56,0.12,0,0,0,GOOD,GOOD,NORMAL,normal,NORMAL_LEARNING,NO_ACTION,Day-ahead calibration acceptable.,OK
2025-01-05T08:50:00,08:50,ONLINE_SOL_2025_0105_RAMP_UP,SOL_PAVAGADA,PAV_S3_B02,40hour,Day-ahead probabilistic forecast,NWP ensemble weather-to-power + calibration,16.861,15.699,6.419,24.979,1.162,0.838,100.0,0.419,18.56,0.12,0,0,0,GOOD,GOOD,NORMAL,normal,NORMAL_LEARNING,NO_ACTION,Day-ahead calibration acceptable.,OK
2025-01-05T08:55:00,08:55,ONLINE_SOL_2025_0105_RAMP_UP,SOL_PAVAGADA,PAV_S3_B02,40hour,Day-ahead probabilistic forecast,NWP ensemble weather-to-power + calibration,17.098,15.933,6.653,25.213,1.165,0.869,100.0,0.435,18.56,0.12,0,0,0,GOOD,GOOD,NORMAL,normal,NORMAL_LEARNING,NO_ACTION,Day-ahead calibration acceptable.,OK
2025-01-05T09:00:00,09:00,ONLINE_SOL_2025_0105_RAMP_UP,SOL_PAVAGADA,PAV_S3_B02,40hour,Day-ahead probabilistic forecast,NWP ensemble weather-to-power + calibration,17.321,16.162,6.882,25.442,1.159,0.899,100.0,0.449,18.56,0.12,0,0,0,GOOD,GOOD,NORMAL,normal,NORMAL_LEARNING,NO_ACTION,Day-ahead calibration acceptable.,OK
2025-01-05T09:05:00,09:05,ONLINE_SOL_2025_0105_RAMP_UP,SOL_PAVAGADA,PAV_S3_B02,40hour,Day-ahead probabilistic forecast,NWP ensemble weather-to-power + calibration,17.53,16.385,7.105,25.665,1.146,0.927,100.0,0.463,18.56,0.12,0,0,0,GOOD,GOOD,NORMAL,normal,NORMAL_LEARNING,NO_ACTION,Day-ahead calibration acceptable.,OK
2025-01-05T09:10:00,09:10,ONLINE_SOL_2025_0105_RAMP_UP,SOL_PAVAGADA,PAV_S3_B02,40hour,Day-ahead probabilistic forecast,NWP ensemble weather-to-power + calibration,17.726,16.601,7.321,25.881,1.124,0.953,100.0,0.476,18.56,0.12,0,0,0,GOOD,GOOD,NORMAL,normal,NORMAL_LEARNING,NO_ACTION,Day-ahead calibration acceptable.,OK
2025-01-05T09:15:00,09:15,ONLINE_SOL_2025_0105_RAMP_UP,SOL_PAVAGADA,PAV_S3_B02,40hour,Day-ahead probabilistic forecast,NWP ensemble weather-to-power + calibration,17.908,16.813,7.533,26.093,1.096,0.977,100.0,0.488,18.56,0.12,0,0,0,GOOD,GOOD,NORMAL,normal,NORMAL_LEARNING,NO_ACTION,Day-ahead calibration acceptable.,OK
2025-01-05T09:20:00,09:20,ONLINE_SOL_2025_0105_RAMP_UP,SOL_PAVAGADA,PAV_S3_B02,40hour,Day-ahead probabilistic forecast,NWP ensemble weather-to-power + calibration,18.078,17.018,7.738,26.298,1.06,0.998,100.0,0.499,18.56,0.12,0,0,0,GOOD,GOOD,NORMAL,normal,NORMAL_LEARNING,NO_ACTION,Day-ahead calibration acceptable.,OK
2025-01-05T09:25:00,09:25,ONLINE_SOL_2025_0105_RAMP_UP,SOL_PAVAGADA,PAV_S3_B02,40hour,Day-ahead probabilistic forecast,NWP ensemble weather-to-power + calibration,18.235,17.217,7.937,26.497,1.018,1.017,100.0,0.509,18.56,0.12,0,0,0,GOOD,GOOD,NORMAL,normal,NORMAL_LEARNING,NO_ACTION,Day-ahead calibration acceptable.,OK
2025-01-05T09:30:00,09:30,ONLINE_SOL_2025_0105_RAMP_UP,SOL_PAVAGADA,PAV_S3_B02,40hour,Day-ahead probabilistic forecast,NWP ensemble weather-to-power + calibration,18.382,17.41,8.13,26.69,0.971,1.034,100.0,0.517,18.56,0.12,0,0,0,GOOD,GOOD,NORMAL,normal,NORMAL_LEARNING,NO_ACTION,Day-ahead calibration acceptable.,OK
2025-01-05T09:35:00,09:35,ONLINE_SOL_2025_0105_RAMP_UP,SOL_PAVAGADA,PAV_S3_B02,40hour,Day-ahead probabilistic forecast,NWP ensemble weather-to-power + calibration,18.518,17.598,8.318,26.878,0.92,1.049,100.0,0.524,18.56,0.12,0,0,0,GOOD,GOOD,NORMAL,normal,NORMAL_LEARNING,NO_ACTION,Day-ahead calibration acceptable.,OK
2025-01-05T09:40:00,09:40,ONLINE_SOL_2025_0105_RAMP_UP,SOL_PAVAGADA,PAV_S3_B02,40hour,Day-ahead probabilistic forecast,NWP ensemble weather-to-power + calibration,18.645,17.779,8.499,27.059,0.866,1.061,100.0,0.53,18.56,0.12,0,0,0,GOOD,GOOD,NORMAL,normal,NORMAL_LEARNING,NO_ACTION,Day-ahead calibration acceptable.,OK
2025-01-05T09:45:00,09:45,ONLINE_SOL_2025_0105_RAMP_UP,SOL_PAVAGADA,PAV_S3_B02,40hour,Day-ahead probabilistic forecast,NWP ensemble weather-to-power + calibration,18.764,17.954,8.674,27.234,0.81,1.07,100.0,0.535,18.56,0.12,0,0,0,GOOD,GOOD,NORMAL,normal,NORMAL_LEARNING,NO_ACTION,Day-ahead calibration acceptable.,OK
2025-01-05T09:50:00,09:50,ONLINE_SOL_2025_0105_RAMP_UP,SOL_PAVAGADA,PAV_S3_B02,40hour,Day-ahead probabilistic forecast,NWP ensemble weather-to-power + calibration,18.877,18.123,8.843,27.403,0.754,1.078,100.0,0.539,18.56,0.12,0,0,0,GOOD,GOOD,NORMAL,normal,NORMAL_LEARNING,NO_ACTION,Day-ahead calibration acceptable.,OK
2025-01-05T09:55:00,09:55,ONLINE_SOL_2025_0105_RAMP_UP,SOL_PAVAGADA,PAV_S3_B02,40hour,Day-ahead probabilistic forecast,NWP ensemble weather-to-power + calibration,18.984,18.286,9.006,27.566,0.698,1.083,100.0,0.541,18.56,0.12,0,0,0,GOOD,GOOD,NORMAL,normal,NORMAL_LEARNING,NO_ACTION,Day-ahead calibration acceptable.,OK
2025-01-05T10:00:00,10:00,ONLINE_SOL_2025_0105_RAMP_UP,SOL_PAVAGADA,PAV_S3_B02,40hour,Day-ahead probabilistic forecast,NWP ensemble weather-to-power + calibration,19.087,18.443,9.163,27.723,0.644,1.086,100.0,0.543,18.56,0.12,0,0,0,GOOD,GOOD,NORMAL,normal,NORMAL_LEARNING,NO_ACTION,Day-ahead calibration acceptable.,OK
2025-01-05T10:05:00,10:05,ONLINE_SOL_2025_0105_RAMP_UP,SOL_PAVAGADA,PAV_S3_B02,40hour,Day-ahead probabilistic forecast,NWP ensemble weather-to-power + calibration,19.187,18.593,9.313,27.873,0.593,1.088,100.0,0.544,18.56,0.12,0,0,0,GOOD,GOOD,NORMAL,normal,NORMAL_LEARNING,NO_ACTION,Day-ahead calibration acceptable.,OK
2025-01-05T10:10:00,10:10,ONLINE_SOL_2025_0105_RAMP_UP,SOL_PAVAGADA,PAV_S3_B02,40hour,Day-ahead probabilistic forecast,NWP ensemble weather-to-power + calibration,19.285,18.738,9.458,28.018,0.547,1.088,100.0,0.544,18.56,0.12,0,0,0,GOOD,GOOD,NORMAL,normal,NORMAL_LEARNING,NO_ACTION,Day-ahead calibration acceptable.,OK
2025-01-05T10:15:00,10:15,ONLINE_SOL_2025_0105_RAMP_UP,SOL_PAVAGADA,PAV_S3_B02,40hour,Day-ahead probabilistic forecast,NWP ensemble weather-to-power + calibration,19.382,18.876,9.596,28.156,0.506,1.087,100.0,0.543,18.56,0.12,0,0,0,GOOD,GOOD,NORMAL,normal,NORMAL_LEARNING,NO_ACTION,Day-ahead calibration acceptable.,OK
2025-01-05T10:20:00,10:20,ONLINE_SOL_2025_0105_RAMP_UP,SOL_PAVAGADA,PAV_S3_B02,40hour,Day-ahead probabilistic forecast,NWP ensemble weather-to-power + calibration,19.48,19.008,9.728,28.288,0.472,1.085,100.0,0.542,18.56,0.12,0,0,0,GOOD,GOOD,NORMAL,normal,NORMAL_LEARNING,NO_ACTION,Day-ahead calibration acceptable.,OK
2025-01-05T10:25:00,10:25,ONLINE_SOL_2025_0105_RAMP_UP,SOL_PAVAGADA,PAV_S3_B02,40hour,Day-ahead probabilistic forecast,NWP ensemble weather-to-power + calibration,19.578,19.133,9.853,28.413,0.445,1.082,100.0,0.541,18.56,0.12,0,0,0,GOOD,GOOD,NORMAL,normal,NORMAL_LEARNING,NO_ACTION,Day-ahead calibration acceptable.,OK
2025-01-05T10:30:00,10:30,ONLINE_SOL_2025_0105_RAMP_UP,SOL_PAVAGADA,PAV_S3_B02,40hour,Day-ahead probabilistic forecast,NWP ensemble weather-to-power + calibration,19.678,19.253,9.973,28.533,0.426,1.078,100.0,0.539,18.56,0.12,0,0,0,GOOD,GOOD,NORMAL,normal,NORMAL_LEARNING,NO_ACTION,Day-ahead calibration acceptable.,OK
2025-01-05T10:35:00,10:35,ONLINE_SOL_2025_0105_RAMP_UP,SOL_PAVAGADA,PAV_S3_B02,40hour,Day-ahead probabilistic forecast,NWP ensemble weather-to-power + calibration,19.781,19.366,10.086,28.646,0.416,1.075,100.0,0.537,18.56,0.12,0,0,0,GOOD,GOOD,NORMAL,normal,NORMAL_LEARNING,NO_ACTION,Day-ahead calibration acceptable.,OK
2025-01-05T10:40:00,10:40,ONLINE_SOL_2025_0105_RAMP_UP,SOL_PAVAGADA,PAV_S3_B02,40hour,Day-ahead probabilistic forecast,NWP ensemble weather-to-power + calibration,19.887,19.472,10.192,28.752,0.414,1.071,100.0,0.536,18.56,0.12,0,0,0,GOOD,GOOD,NORMAL,normal,NORMAL_LEARNING,NO_ACTION,Day-ahead calibration acceptable.,OK
2025-01-05T10:45:00,10:45,ONLINE_SOL_2025_0105_RAMP_UP,SOL_PAVAGADA,PAV_S3_B02,40hour,Day-ahead probabilistic forecast,NWP ensemble weather-to-power + calibration,19.995,19.572,10.292,28.852,0.423,1.068,100.0,0.534,18.56,0.12,0,0,0,GOOD,GOOD,NORMAL,normal,NORMAL_LEARNING,NO_ACTION,Day-ahead calibration acceptable.,OK
2025-01-05T10:50:00,10:50,ONLINE_SOL_2025_0105_RAMP_UP,SOL_PAVAGADA,PAV_S3_B02,40hour,Day-ahead probabilistic forecast,NWP ensemble weather-to-power + calibration,20.106,19.666,10.386,28.946,0.44,1.065,100.0,0.533,18.56,0.12,0,0,0,GOOD,GOOD,NORMAL,normal,NORMAL_LEARNING,NO_ACTION,Day-ahead calibration acceptable.,OK
2025-01-05T10:55:00,10:55,ONLINE_SOL_2025_0105_RAMP_UP,SOL_PAVAGADA,PAV_S3_B02,40hour,Day-ahead probabilistic forecast,NWP ensemble weather-to-power + calibration,20.22,19.754,10.474,29.034,0.467,1.063,100.0,0.532,18.56,0.12,0,0,0,GOOD,GOOD,NORMAL,normal,NORMAL_LEARNING,NO_ACTION,Day-ahead calibration acceptable.,OK
2025-01-05T11:00:00,11:00,ONLINE_SOL_2025_0105_RAMP_UP,SOL_PAVAGADA,PAV_S3_B02,40hour,Day-ahead probabilistic forecast,NWP ensemble weather-to-power + calibration,20.337,19.835,10.555,29.115,0.502,1.063,100.0,0.531,18.56,0.12,0,0,0,GOOD,GOOD,NORMAL,normal,NORMAL_LEARNING,NO_ACTION,Day-ahead calibration acceptable.,OK
2025-01-05T11:05:00,11:05,ONLINE_SOL_2025_0105_RAMP_UP,SOL_PAVAGADA,PAV_S3_B02,40hour,Day-ahead probabilistic forecast,NWP ensemble weather-to-power + calibration,20.455,19.909,10.629,29.189,0.546,1.063,100.0,0.531,18.56,0.12,0,0,0,GOOD,GOOD,NORMAL,normal,NORMAL_LEARNING,NO_ACTION,Day-ahead calibration acceptable.,OK
2025-01-05T11:10:00,11:10,ONLINE_SOL_2025_0105_RAMP_UP,SOL_PAVAGADA,PAV_S3_B02,40hour,Day-ahead probabilistic forecast,NWP ensemble weather-to-power + calibration,20.575,19.977,10.697,29.257,0.598,1.065,100.0,0.532,18.56,0.12,0,0,0,GOOD,GOOD,NORMAL,normal,NORMAL_LEARNING,NO_ACTION,Day-ahead calibration acceptable.,OK
2025-01-05T11:15:00,11:15,ONLINE_SOL_2025_0105_RAMP_UP,SOL_PAVAGADA,PAV_S3_B02,40hour,Day-ahead probabilistic forecast,NWP ensemble weather-to-power + calibration,20.695,20.039,10.759,29.319,0.656,1.068,100.0,0.534,18.56,0.12,0,0,0,GOOD,GOOD,NORMAL,normal,NORMAL_LEARNING,NO_ACTION,Day-ahead calibration acceptable.,OK
2025-01-05T11:20:00,11:20,ONLINE_SOL_2025_0105_RAMP_UP,SOL_PAVAGADA,PAV_S3_B02,40hour,Day-ahead probabilistic forecast,NWP ensemble weather-to-power + calibration,20.814,20.094,10.814,29.374,0.719,1.073,100.0,0.536,18.56,0.12,0,0,0,GOOD,GOOD,NORMAL,normal,NORMAL_LEARNING,NO_ACTION,Day-ahead calibration acceptable.,OK
2025-01-05T11:25:00,11:25,ONLINE_SOL_2025_0105_RAMP_UP,SOL_PAVAGADA,PAV_S3_B02,40hour,Day-ahead probabilistic forecast,NWP ensemble weather-to-power + calibration,20.931,20.143,10.863,29.423,0.788,1.079,100.0,0.54,18.56,0.12,0,0,0,GOOD,GOOD,NORMAL,normal,NORMAL_LEARNING,NO_ACTION,Day-ahead calibration acceptable.,OK
2025-01-05T11:30:00,11:30,ONLINE_SOL_2025_0105_RAMP_UP,SOL_PAVAGADA,PAV_S3_B02,40hour,Day-ahead probabilistic forecast,NWP ensemble weather-to-power + calibration,21.044,20.185,10.905,29.465,0.859,1.087,100.0,0.544,18.56,0.12,0,0,0,GOOD,GOOD,NORMAL,normal,NORMAL_LEARNING,NO_ACTION,Day-ahead calibration acceptable.,OK
2025-01-05T11:35:00,11:35,ONLINE_SOL_2025_0105_RAMP_UP,SOL_PAVAGADA,PAV_S3_B02,40hour,Day-ahead probabilistic forecast,NWP ensemble weather-to-power + calibration,21.154,20.221,10.941,29.501,0.933,1.097,100.0,0.549,18.56,0.12,0,0,0,GOOD,GOOD,NORMAL,normal,NORMAL_LEARNING,NO_ACTION,Day-ahead calibration acceptable.,OK
2025-01-05T11:40:00,11:40,ONLINE_SOL_2025_0105_RAMP_UP,SOL_PAVAGADA,PAV_S3_B02,40hour,Day-ahead probabilistic forecast,NWP ensemble weather-to-power + calibration,21.257,20.25,10.97,29.53,1.007,1.108,100.0,0.554,18.56,0.12,0,0,0,GOOD,GOOD,NORMAL,normal,NORMAL_LEARNING,NO_ACTION,Day-ahead calibration acceptable.,OK
2025-01-05T11:45:00,11:45,ONLINE_SOL_2025_0105_RAMP_UP,SOL_PAVAGADA,PAV_S3_B02,40hour,Day-ahead probabilistic forecast,NWP ensemble weather-to-power + calibration,21.353,20.273,10.993,29.553,1.08,1.121,100.0,0.561,18.56,0.12,0,0,0,GOOD,GOOD,NORMAL,normal,NORMAL_LEARNING,NO_ACTION,Day-ahead calibration acceptable.,OK
2025-01-05T11:50:00,11:50,ONLINE_SOL_2025_0105_RAMP_UP,SOL_PAVAGADA,PAV_S3_B02,40hour,Day-ahead probabilistic forecast,NWP ensemble weather-to-power + calibration,21.44,20.289,11.009,29.569,1.151,1.135,100.0,0.568,18.56,0.12,0,0,0,GOOD,GOOD,NORMAL,normal,NORMAL_LEARNING,NO_ACTION,Day-ahead calibration acceptable.,OK
2025-01-05T11:55:00,11:55,ONLINE_SOL_2025_0105_RAMP_UP,SOL_PAVAGADA,PAV_S3_B02,40hour,Day-ahead probabilistic forecast,NWP ensemble weather-to-power + calibration,21.518,20.299,11.019,29.579,1.219,1.151,100.0,0.575,18.56,0.12,0,0,0,GOOD,GOOD,NORMAL,normal,NORMAL_LEARNING,NO_ACTION,Day-ahead calibration acceptable.,OK
2025-01-05T12:00:00,12:00,ONLINE_SOL_2025_0105_RAMP_UP,SOL_PAVAGADA,PAV_S3_B02,40hour,Day-ahead probabilistic forecast,NWP ensemble weather-to-power + calibration,21.584,20.302,11.022,29.582,1.281,1.168,100.0,0.584,18.56,0.12,0,0,0,GOOD,GOOD,NORMAL,normal,NORMAL_LEARNING,NO_ACTION,Day-ahead calibration acceptable.,OK
2025-01-05T12:05:00,12:05,ONLINE_SOL_2025_0105_RAMP_UP,SOL_PAVAGADA,PAV_S3_B02,40hour,Day-ahead probabilistic forecast,NWP ensemble weather-to-power + calibration,21.637,20.299,11.019,29.579,1.338,1.185,100.0,0.593,18.56,0.12,0,0,0,GOOD,GOOD,NORMAL,normal,NORMAL_LEARNING,NO_ACTION,Day-ahead calibration acceptable.,OK
2025-01-05T12:10:00,12:10,ONLINE_SOL_2025_0105_RAMP_UP,SOL_PAVAGADA,PAV_S3_B02,40hour,Day-ahead probabilistic forecast,NWP ensemble weather-to-power + calibration,21.677,20.289,11.009,29.569,1.387,1.203,100.0,0.602,18.56,0.12,0,0,0,GOOD,GOOD,NORMAL,normal,NORMAL_LEARNING,NO_ACTION,Day-ahead calibration acceptable.,OK
2025-01-05T12:15:00,12:15,ONLINE_SOL_2025_0105_RAMP_UP,SOL_PAVAGADA,PAV_S3_B02,40hour,Day-ahead probabilistic forecast,NWP ensemble weather-to-power + calibration,21.702,20.273,10.993,29.553,1.429,1.222,100.0,0.611,18.56,0.12,0,0,0,GOOD,GOOD,NORMAL,normal,NORMAL_LEARNING,NO_ACTION,Day-ahead calibration acceptable.,OK
2025-01-05T12:20:00,12:20,ONLINE_SOL_2025_0105_RAMP_UP,SOL_PAVAGADA,PAV_S3_B02,40hour,Day-ahead probabilistic forecast,NWP ensemble weather-to-power + calibration,21.711,20.25,10.97,29.53,1.461,1.241,100.0,0.621,18.56,0.12,0,0,0,GOOD,GOOD,NORMAL,normal,NORMAL_LEARNING,NO_ACTION,Day-ahead calibration acceptable.,OK
2025-01-05T12:25:00,12:25,ONLINE_SOL_2025_0105_RAMP_UP,SOL_PAVAGADA,PAV_S3_B02,40hour,Day-ahead probabilistic forecast,NWP ensemble weather-to-power + calibration,21.705,20.221,10.941,29.501,1.484,1.26,100.0,0.63,18.56,0.12,0,0,0,GOOD,GOOD,NORMAL,normal,NORMAL_LEARNING,NO_ACTION,Day-ahead calibration acceptable.,OK
2025-01-05T12:30:00,12:30,ONLINE_SOL_2025_0105_RAMP_UP,SOL_PAVAGADA,PAV_S3_B02,40hour,Day-ahead probabilistic forecast,NWP ensemble weather-to-power + calibration,21.682,20.185,10.905,29.465,1.497,1.279,100.0,0.64,18.56,0.12,0,0,0,GOOD,GOOD,NORMAL,normal,NORMAL_LEARNING,NO_ACTION,Day-ahead calibration acceptable.,OK
2025-01-05T12:35:00,12:35,ONLINE_SOL_2025_0105_RAMP_UP,SOL_PAVAGADA,PAV_S3_B02,40hour,Day-ahead probabilistic forecast,NWP ensemble weather-to-power + calibration,21.643,20.143,10.863,29.423,1.5,1.298,100.0,0.649,18.56,0.12,0,0,0,GOOD,GOOD,NORMAL,normal,NORMAL_LEARNING,NO_ACTION,Day-ahead calibration acceptable.,OK
2025-01-05T12:40:00,12:40,ONLINE_SOL_2025_0105_RAMP_UP,SOL_PAVAGADA,PAV_S3_B02,40hour,Day-ahead probabilistic forecast,NWP ensemble weather-to-power + calibration,21.587,20.094,10.814,29.374,1.493,1.316,100.0,0.658,18.56,0.12,0,0,0,GOOD,GOOD,NORMAL,normal,NORMAL_LEARNING,NO_ACTION,Day-ahead calibration acceptable.,OK
2025-01-05T12:45:00,12:45,ONLINE_SOL_2025_0105_RAMP_UP,SOL_PAVAGADA,PAV_S3_B02,40hour,Day-ahead probabilistic forecast,NWP ensemble weather-to-power + calibration,21.514,20.039,10.759,29.319,1.475,1.334,100.0,0.667,18.56,0.12,0,0,0,GOOD,GOOD,NORMAL,normal,NORMAL_LEARNING,NO_ACTION,Day-ahead calibration acceptable.,OK
2025-01-05T12:50:00,12:50,ONLINE_SOL_2025_0105_RAMP_UP,SOL_PAVAGADA,PAV_S3_B02,40hour,Day-ahead probabilistic forecast,NWP ensemble weather-to-power + calibration,21.425,19.977,10.697,29.257,1.448,1.35,100.0,0.675,18.56,0.12,0,0,0,GOOD,GOOD,NORMAL,normal,NORMAL_LEARNING,NO_ACTION,Day-ahead calibration acceptable.,OK
2025-01-05T12:55:00,12:55,ONLINE_SOL_2025_0105_RAMP_UP,SOL_PAVAGADA,PAV_S3_B02,40hour,Day-ahead probabilistic forecast,NWP ensemble weather-to-power + calibration,21.32,19.909,10.629,29.189,1.411,1.365,100.0,0.683,18.56,0.12,0,0,0,GOOD,GOOD,NORMAL,normal,NORMAL_LEARNING,NO_ACTION,Day-ahead calibration acceptable.,OK
2025-01-05T13:00:00,13:00,ONLINE_SOL_2025_0105_RAMP_UP,SOL_PAVAGADA,PAV_S3_B02,40hour,Day-ahead probabilistic forecast,NWP ensemble weather-to-power + calibration,21.201,19.835,10.555,29.115,1.366,1.394,100.0,0.697,18.56,0.1201,0,0,0,GOOD,GOOD,NORMAL,normal,NORMAL_LEARNING,NO_ACTION,Day-ahead calibration acceptable.,OK
2025-01-05T13:05:00,13:05,ONLINE_SOL_2025_0105_RAMP_UP,SOL_PAVAGADA,PAV_S3_B02,40hour,Day-ahead probabilistic forecast,NWP ensemble weather-to-power + calibration,21.067,19.754,10.474,29.034,1.313,1.421,100.0,0.71,18.56,0.1201,0,0,0,GOOD,GOOD,NORMAL,normal,NORMAL_LEARNING,NO_ACTION,Day-ahead calibration acceptable.,OK
2025-01-05T13:10:00,13:10,ONLINE_SOL_2025_0105_RAMP_UP,SOL_PAVAGADA,PAV_S3_B02,40hour,Day-ahead probabilistic forecast,NWP ensemble weather-to-power + calibration,20.92,19.666,10.386,28.946,1.254,1.446,100.0,0.723,18.56,0.1201,0,0,0,GOOD,GOOD,NORMAL,normal,NORMAL_LEARNING,NO_ACTION,Day-ahead calibration acceptable.,OK
2025-01-05T13:15:00,13:15,ONLINE_SOL_2025_0105_RAMP_UP,SOL_PAVAGADA,PAV_S3_B02,40hour,Day-ahead probabilistic forecast,NWP ensemble weather-to-power + calibration,20.761,19.573,10.293,28.853,1.188,1.469,100.0,0.734,18.56,0.1202,0,0,0,GOOD,GOOD,NORMAL,normal,NORMAL_LEARNING,NO_ACTION,Day-ahead calibration acceptable.,OK
2025-01-05T13:20:00,13:20,ONLINE_SOL_2025_0105_RAMP_UP,SOL_PAVAGADA,PAV_S3_B02,40hour,Day-ahead probabilistic forecast,NWP ensemble weather-to-power + calibration,20.591,19.473,10.193,28.753,1.119,1.49,100.0,0.745,18.56,0.1203,0,0,0,GOOD,GOOD,NORMAL,normal,NORMAL_LEARNING,NO_ACTION,Day-ahead calibration acceptable.,OK
2025-01-05T13:25:00,13:25,ONLINE_SOL_2025_0105_RAMP_UP,SOL_PAVAGADA,PAV_S3_B02,40hour,Day-ahead probabilistic forecast,NWP ensemble weather-to-power + calibration,20.412,19.366,10.086,28.646,1.046,1.509,100.0,0.754,18.56,0.1204,0,0,0,GOOD,GOOD,NORMAL,normal,NORMAL_LEARNING,NO_ACTION,Day-ahead calibration acceptable.,OK
2025-01-05T13:30:00,13:30,ONLINE_SOL_2025_0105_RAMP_UP,SOL_PAVAGADA,PAV_S3_B02,40hour,Day-ahead probabilistic forecast,NWP ensemble weather-to-power + calibration,20.225,19.253,9.973,28.533,0.972,1.526,100.0,0.763,18.56,0.1206,0,0,0,GOOD,GOOD,NORMAL,normal,NORMAL_LEARNING,NO_ACTION,Day-ahead calibration acceptable.,OK
2025-01-05T13:35:00,13:35,ONLINE_SOL_2025_0105_RAMP_UP,SOL_PAVAGADA,PAV_S3_B02,40hour,Day-ahead probabilistic forecast,NWP ensemble weather-to-power + calibration,20.031,19.135,9.855,28.415,0.897,1.541,100.0,0.771,18.56,0.1209,0,0,0,GOOD,GOOD,NORMAL,normal,NORMAL_LEARNING,NO_ACTION,Day-ahead calibration acceptable.,OK
2025-01-05T13:40:00,13:40,ONLINE_SOL_2025_0105_RAMP_UP,SOL_PAVAGADA,PAV_S3_B02,40hour,Day-ahead probabilistic forecast,NWP ensemble weather-to-power + calibration,19.832,19.01,9.73,28.29,0.822,1.555,100.0,0.777,18.56,0.1213,0,0,0,GOOD,GOOD,NORMAL,normal,NORMAL_LEARNING,NO_ACTION,Day-ahead calibration acceptable.,OK
2025-01-05T13:45:00,13:45,ONLINE_SOL_2025_0105_RAMP_UP,SOL_PAVAGADA,PAV_S3_B02,40hour,Day-ahead probabilistic forecast,NWP ensemble weather-to-power + calibration,19.628,18.879,9.599,28.159,0.75,1.566,100.0,0.783,18.56,0.122,0,0,0,GOOD,GOOD,NORMAL,normal,NORMAL_LEARNING,NO_ACTION,Day-ahead calibration acceptable.,OK
2025-01-05T13:50:00,13:50,ONLINE_SOL_2025_0105_RAMP_UP,SOL_PAVAGADA,PAV_S3_B02,40hour,Day-ahead probabilistic forecast,NWP ensemble weather-to-power + calibration,19.422,18.742,9.462,28.022,0.68,1.577,100.0,0.788,18.56,0.1229,0,0,0,GOOD,GOOD,NORMAL,normal,NORMAL_LEARNING,NO_ACTION,Day-ahead calibration acceptable.,OK
2025-01-05T13:55:00,13:55,ONLINE_SOL_2025_0105_RAMP_UP,SOL_PAVAGADA,PAV_S3_B02,40hour,Day-ahead probabilistic forecast,NWP ensemble weather-to-power + calibration,19.214,18.6,9.32,27.88,0.614,1.585,100.0,0.793,18.56,0.1244,0,0,0,GOOD,GOOD,NORMAL,normal,NORMAL_LEARNING,NO_ACTION,Day-ahead calibration acceptable.,OK
2025-01-05T14:00:00,14:00,ONLINE_SOL_2025_0105_RAMP_UP,SOL_PAVAGADA,PAV_S3_B02,40hour,Day-ahead probabilistic forecast,NWP ensemble weather-to-power + calibration,19.006,18.454,9.174,27.734,0.552,1.593,100.0,0.796,18.56,0.1265,0,0,0,GOOD,GOOD,NORMAL,normal,NORMAL_LEARNING,NO_ACTION,Day-ahead calibration acceptable.,OK
2025-01-05T14:05:00,14:05,ONLINE_SOL_2025_0105_RAMP_UP,SOL_PAVAGADA,PAV_S3_B02,40hour,Day-ahead probabilistic forecast,NWP ensemble weather-to-power + calibration,18.798,18.303,9.023,27.583,0.495,1.599,100.0,0.8,18.56,0.1297,0,0,0,GOOD,GOOD,NORMAL,normal,NORMAL_LEARNING,NO_ACTION,Day-ahead calibration acceptable.,OK
2025-01-05T14:10:00,14:10,ONLINE_SOL_2025_0105_RAMP_UP,SOL_PAVAGADA,PAV_S3_B02,40hour,Day-ahead probabilistic forecast,NWP ensemble weather-to-power + calibration,18.591,18.149,8.869,27.429,0.442,1.605,100.0,0.802,18.56,0.1344,0,0,0,GOOD,GOOD,NORMAL,normal,NORMAL_LEARNING,NO_ACTION,Day-ahead calibration acceptable.,OK
2025-01-05T14:15:00,14:15,ONLINE_SOL_2025_0105_RAMP_UP,SOL_PAVAGADA,PAV_S3_B02,40hour,Day-ahead probabilistic forecast,NWP ensemble weather-to-power + calibration,18.386,17.994,8.714,27.274,0.392,1.609,100.0,0.804,18.56,0.1413,0,0,0,GOOD,GOOD,NORMAL,normal,NORMAL_LEARNING,NO_ACTION,Day-ahead calibration acceptable.,OK
2025-01-05T14:20:00,14:20,ONLINE_SOL_2025_0105_RAMP_UP,SOL_PAVAGADA,PAV_S3_B02,40hour,Day-ahead probabilistic forecast,NWP ensemble weather-to-power + calibration,18.184,17.841,8.561,27.121,0.342,1.612,100.0,0.806,18.56,0.1513,0,0,0,GOOD,GOOD,NORMAL,normal,NORMAL_LEARNING,NO_ACTION,Day-ahead calibration acceptable.,OK
2025-01-05T14:25:00,14:25,ONLINE_SOL_2025_0105_RAMP_UP,SOL_PAVAGADA,PAV_S3_B02,40hour,Day-ahead probabilistic forecast,NWP ensemble weather-to-power + calibration,17.984,17.694,8.414,26.974,0.29,1.615,100.0,0.807,18.56,0.1659,0,0,0,GOOD,GOOD,NORMAL,normal,NORMAL_LEARNING,NO_ACTION,Day-ahead calibration acceptable.,OK
2025-01-05T14:30:00,14:30,ONLINE_SOL_2025_0105_RAMP_UP,SOL_PAVAGADA,PAV_S3_B02,40hour,Day-ahead probabilistic forecast,NWP ensemble weather-to-power + calibration,17.788,17.56,8.28,26.84,0.228,1.616,100.0,0.808,18.56,0.1865,0,0,0,GOOD,GOOD,NORMAL,normal,NORMAL_LEARNING,NO_ACTION,Day-ahead calibration acceptable.,OK
2025-01-05T14:35:00,14:35,ONLINE_SOL_2025_0105_RAMP_UP,SOL_PAVAGADA,PAV_S3_B02,40hour,Day-ahead probabilistic forecast,NWP ensemble weather-to-power + calibration,17.595,17.448,8.168,26.728,0.147,1.616,100.0,0.808,18.56,0.2154,0,0,0,GOOD,GOOD,NORMAL,normal,NORMAL_LEARNING,NO_ACTION,Day-ahead calibration acceptable.,OK
2025-01-05T14:40:00,14:40,ONLINE_SOL_2025_0105_RAMP_UP,SOL_PAVAGADA,PAV_S3_B02,40hour,Day-ahead probabilistic forecast,NWP ensemble weather-to-power + calibration,17.407,17.374,8.094,26.654,0.033,1.613,100.0,0.806,18.56,0.2544,0,0,0,GOOD,GOOD,NORMAL,normal,NORMAL_LEARNING,NO_ACTION,Day-ahead calibration acceptable.,OK
2025-01-05T14:45:00,14:45,ONLINE_SOL_2025_0105_RAMP_UP,SOL_PAVAGADA,PAV_S3_B02,40hour,Day-ahead probabilistic forecast,NWP ensemble weather-to-power + calibration,17.223,17.359,8.079,26.639,-0.136,1.612,100.0,0.803,18.56,0.3052,0,0,0,GOOD,GOOD,NORMAL,normal,NORMAL_LEARNING,NO_ACTION,Day-ahead calibration acceptable.,OK
2025-01-05T14:50:00,14:50,ONLINE_SOL_2025_0105_RAMP_UP,SOL_PAVAGADA,PAV_S3_B02,40hour,Day-ahead probabilistic forecast,NWP ensemble weather-to-power + calibration,17.045,17.435,8.155,26.715,-0.39,1.616,100.0,0.797,18.56,0.368,0,0,0,GOOD,GOOD,NORMAL,normal,NORMAL_LEARNING,NO_ACTION,Day-ahead calibration acceptable.,OK
2025-01-05T14:55:00,14:55,ONLINE_SOL_2025_0105_RAMP_UP,SOL_PAVAGADA,PAV_S3_B02,40hour,Day-ahead probabilistic forecast,NWP ensemble weather-to-power + calibration,16.875,17.646,8.366,26.926,-0.771,1.628,100.0,0.787,18.56,0.441,0,0,0,GOOD,GOOD,NORMAL,normal,NORMAL_LEARNING,NO_ACTION,Day-ahead calibration acceptable.,OK
2025-01-05T15:00:00,15:00,ONLINE_SOL_2025_0105_RAMP_UP,SOL_PAVAGADA,PAV_S3_B02,40hour,Day-ahead probabilistic forecast,NWP ensemble weather-to-power + calibration,16.716,18.045,8.765,27.325,-1.329,1.652,100.0,0.771,18.56,0.52,0,0,55,GOOD,GOOD,NORMAL,normal,NORMAL_LEARNING,NO_ACTION,Day-ahead calibration acceptable.,OK
2025-01-05T15:05:00,15:05,ONLINE_SOL_2025_0105_RAMP_UP,SOL_PAVAGADA,PAV_S3_B02,40hour,Day-ahead probabilistic forecast,NWP ensemble weather-to-power + calibration,16.573,18.696,9.416,27.976,-2.123,1.691,100.0,0.747,18.56,0.599,0,0,55,GOOD,GOOD,NORMAL,normal,NORMAL_LEARNING,NO_ACTION,Day-ahead calibration acceptable.,OK
2025-01-05T15:10:00,15:10,ONLINE_SOL_2025_0105_RAMP_UP,SOL_PAVAGADA,PAV_S3_B02,40hour,Day-ahead probabilistic forecast,NWP ensemble weather-to-power + calibration,16.455,19.65,10.37,28.93,-3.195,1.752,100.0,0.711,18.56,0.672,25,0,55,GOOD,GOOD,NORMAL,normal,PRE_EVENT_RAMP_WARNING_LEARNED,NO_ACTION,Day-ahead calibration acceptable.,OK
2025-01-05T15:15:00,15:15,ONLINE_SOL_2025_0105_RAMP_UP,SOL_PAVAGADA,PAV_S3_B02,40hour,Day-ahead probabilistic forecast,NWP ensemble weather-to-power + calibration,16.374,20.921,11.641,30.201,-4.547,1.841,100.0,0.66,18.56,0.7348,20,0,55,GOOD,GOOD,NORMAL,normal,PRE_EVENT_RAMP_WARNING_LEARNED,NO_ACTION,Day-ahead calibration acceptable.,OK
2025-01-05T15:20:00,15:20,ONLINE_SOL_2025_0105_RAMP_UP,SOL_PAVAGADA,PAV_S3_B02,40hour,Day-ahead probabilistic forecast,NWP ensemble weather-to-power + calibration,16.35,22.454,8.998,35.91,-6.104,1.961,100.0,0.593,26.912,0.7856,15,35,55,GOOD,GOOD,ANOMALOUS,weather,PRE_EVENT_RAMP_WARNING_LEARNED,NO_ACTION,Day-ahead calibration acceptable.,OK
2025-01-05T15:25:00,15:25,ONLINE_SOL_2025_0105_RAMP_UP,SOL_PAVAGADA,PAV_S3_B02,40hour,Day-ahead probabilistic forecast,NWP ensemble weather-to-power + calibration,16.412,24.107,10.651,37.563,-7.696,2.114,100.0,0.509,26.912,0.8246,10,35,55,GOOD,GOOD,ANOMALOUS,weather,PRE_EVENT_RAMP_WARNING_LEARNED,NO_ACTION,Day-ahead calibration acceptable.,OK
2025-01-05T15:30:00,15:30,ONLINE_SOL_2025_0105_RAMP_UP,SOL_PAVAGADA,PAV_S3_B02,40hour,Day-ahead probabilistic forecast,NWP ensemble weather-to-power + calibration,16.598,25.683,12.227,39.139,-9.085,2.294,100.0,0.41,26.912,0.8535,5,35,55,GOOD,GOOD,ANOMALOUS,weather,PRE_EVENT_RAMP_WARNING_LEARNED,NO_ACTION,Day-ahead calibration acceptable.,OK
2025-01-05T15:35:00,15:35,ONLINE_SOL_2025_0105_RAMP_UP,SOL_PAVAGADA,PAV_S3_B02,40hour,Day-ahead probabilistic forecast,NWP ensemble weather-to-power + calibration,16.959,26.996,13.54,40.452,-10.037,2.493,100.0,0.301,26.912,0.8741,0,35,82,GOOD,GOOD,ANOMALOUS,weather,ACTUAL_RAMP_CONFIRMED,NO_ACTION,Day-ahead calibration acceptable.,OK
2025-01-05T15:40:00,15:40,ONLINE_SOL_2025_0105_RAMP_UP,SOL_PAVAGADA,PAV_S3_B02,40hour,Day-ahead probabilistic forecast,NWP ensemble weather-to-power + calibration,17.551,27.938,14.482,41.394,-10.387,2.699,100.0,0.187,26.912,0.8887,0,35,82,GOOD,GOOD,ANOMALOUS,weather,ACTUAL_RAMP_CONFIRMED,NO_ACTION,Day-ahead calibration acceptable.,OK
2025-01-05T15:45:00,15:45,ONLINE_SOL_2025_0105_RAMP_UP,SOL_PAVAGADA,PAV_S3_B02,40hour,Day-ahead probabilistic forecast,NWP ensemble weather-to-power + calibration,18.42,28.489,15.033,41.945,-10.069,2.896,100.0,0.076,26.912,0.8987,0,35,82,GOOD,GOOD,ANOMALOUS,weather,ACTUAL_RAMP_CONFIRMED,NO_ACTION,Day-ahead calibration acceptable.,OK
2025-01-05T15:50:00,15:50,ONLINE_SOL_2025_0105_RAMP_UP,SOL_PAVAGADA,PAV_S3_B02,40hour,Day-ahead probabilistic forecast,NWP ensemble weather-to-power + calibration,19.578,28.694,15.238,42.15,-9.117,3.073,100.0,-0.026,26.912,0.9056,0,35,82,GOOD,GOOD,ANOMALOUS,weather,ACTUAL_RAMP_CONFIRMED,NO_ACTION,Day-ahead calibration acceptable.,OK
2025-01-05T15:55:00,15:55,ONLINE_SOL_2025_0105_RAMP_UP,SOL_PAVAGADA,PAV_S3_B02,40hour,Day-ahead probabilistic forecast,NWP ensemble weather-to-power + calibration,20.966,28.626,15.17,42.082,-7.661,3.218,100.0,-0.113,26.912,0.9103,0,35,82,GOOD,GOOD,ANOMALOUS,weather,ACTUAL_RAMP_CONFIRMED,NO_ACTION,Day-ahead calibration acceptable.,OK
2025-01-05T16:00:00,16:00,ONLINE_SOL_2025_0105_RAMP_UP,SOL_PAVAGADA,PAV_S3_B02,40hour,Day-ahead probabilistic forecast,NWP ensemble weather-to-power + calibration,22.448,28.357,14.901,41.813,-5.91,3.325,100.0,-0.182,26.912,0.9135,0,35,82,GOOD,GOOD,ANOMALOUS,weather,ACTUAL_RAMP_CONFIRMED,NO_ACTION,Day-ahead calibration acceptable.,OK
2025-01-05T16:05:00,16:05,ONLINE_SOL_2025_0105_RAMP_UP,SOL_PAVAGADA,PAV_S3_B02,40hour,Day-ahead probabilistic forecast,NWP ensemble weather-to-power + calibration,23.836,27.947,14.491,41.403,-4.11,3.394,100.0,-0.234,26.912,0.9156,0,35,82,GOOD,GOOD,ANOMALOUS,weather,ACTUAL_RAMP_CONFIRMED,NO_ACTION,Day-ahead calibration acceptable.,OK
2025-01-05T16:10:00,16:10,ONLINE_SOL_2025_0105_RAMP_UP,SOL_PAVAGADA,PAV_S3_B02,40hour,Day-ahead probabilistic forecast,NWP ensemble weather-to-power + calibration,24.958,27.438,13.982,40.894,-2.48,3.427,100.0,-0.269,26.912,0.9171,0,35,82,GOOD,GOOD,ANOMALOUS,weather,ACTUAL_RAMP_CONFIRMED,NO_ACTION,Day-ahead calibration acceptable.,OK
2025-01-05T16:15:00,16:15,ONLINE_SOL_2025_0105_RAMP_UP,SOL_PAVAGADA,PAV_S3_B02,40hour,Day-ahead probabilistic forecast,NWP ensemble weather-to-power + calibration,25.711,26.862,13.406,40.318,-1.151,3.432,100.0,-0.29,26.912,0.918,0,35,82,GOOD,GOOD,ANOMALOUS,weather,ACTUAL_RAMP_CONFIRMED,NO_ACTION,Day-ahead calibration acceptable.,OK
2025-01-05T16:20:00,16:20,ONLINE_SOL_2025_0105_RAMP_UP,SOL_PAVAGADA,PAV_S3_B02,40hour,Day-ahead probabilistic forecast,NWP ensemble weather-to-power + calibration,26.079,26.239,12.783,39.695,-0.16,3.414,100.0,-0.302,26.912,0.9187,0,35,82,GOOD,GOOD,ANOMALOUS,weather,ACTUAL_RAMP_CONFIRMED,NO_ACTION,Day-ahead calibration acceptable.,OK
2025-01-05T16:25:00,16:25,ONLINE_SOL_2025_0105_RAMP_UP,SOL_PAVAGADA,PAV_S3_B02,40hour,Day-ahead probabilistic forecast,NWP ensemble weather-to-power + calibration,26.108,25.582,12.126,39.038,0.526,3.404,100.0,-0.308,26.912,0.9191,0,35,82,GOOD,GOOD,ANOMALOUS,weather,ACTUAL_RAMP_CONFIRMED,NO_ACTION,Day-ahead calibration acceptable.,OK
2025-01-05T16:30:00,16:30,ONLINE_SOL_2025_0105_RAMP_UP,SOL_PAVAGADA,PAV_S3_B02,40hour,Day-ahead probabilistic forecast,NWP ensemble weather-to-power + calibration,25.869,24.901,11.445,38.357,0.968,3.402,100.0,-0.309,26.912,0.9194,0,35,82,GOOD,GOOD,ANOMALOUS,weather,ACTUAL_RAMP_CONFIRMED,NO_ACTION,Day-ahead calibration acceptable.,OK
2025-01-05T16:35:00,16:35,ONLINE_SOL_2025_0105_RAMP_UP,SOL_PAVAGADA,PAV_S3_B02,40hour,Day-ahead probabilistic forecast,NWP ensemble weather-to-power + calibration,25.429,24.2,10.744,37.656,1.229,3.404,100.0,-0.307,26.912,0.9196,0,35,82,GOOD,GOOD,ANOMALOUS,weather,ACTUAL_RAMP_CONFIRMED,NO_ACTION,Day-ahead calibration acceptable.,OK
2025-01-05T16:40:00,16:40,ONLINE_SOL_2025_0105_RAMP_UP,SOL_PAVAGADA,PAV_S3_B02,40hour,Day-ahead probabilistic forecast,NWP ensemble weather-to-power + calibration,24.848,23.484,10.028,36.94,1.364,3.409,100.0,-0.305,26.912,0.9197,0,35,82,GOOD,GOOD,ANOMALOUS,weather,ACTUAL_RAMP_CONFIRMED,NO_ACTION,Day-ahead calibration acceptable.,OK
2025-01-05T16:45:00,16:45,ONLINE_SOL_2025_0105_RAMP_UP,SOL_PAVAGADA,PAV_S3_B02,40hour,Day-ahead probabilistic forecast,NWP ensemble weather-to-power + calibration,24.166,22.754,9.298,36.21,1.412,3.415,100.0,-0.302,26.912,0.9198,0,35,82,GOOD,GOOD,ANOMALOUS,weather,ACTUAL_RAMP_CONFIRMED,NO_ACTION,Day-ahead calibration acceptable.,OK
2025-01-05T16:50:00,16:50,ONLINE_SOL_2025_0105_RAMP_UP,SOL_PAVAGADA,PAV_S3_B02,40hour,Day-ahead probabilistic forecast,NWP ensemble weather-to-power + calibration,23.415,22.013,8.557,35.469,1.403,3.42,100.0,-0.3,26.912,0.9199,0,35,82,GOOD,GOOD,ANOMALOUS,weather,ACTUAL_RAMP_CONFIRMED,NO_ACTION,Day-ahead calibration acceptable.,OK
2025-01-05T16:55:00,16:55,ONLINE_SOL_2025_0105_RAMP_UP,SOL_PAVAGADA,PAV_S3_B02,40hour,Day-ahead probabilistic forecast,NWP ensemble weather-to-power + calibration,22.616,21.26,7.804,34.716,1.355,3.424,100.0,-0.298,26.912,0.9199,0,35,82,GOOD,GOOD,ANOMALOUS,weather,ACTUAL_RAMP_CONFIRMED,NO_ACTION,Day-ahead calibration acceptable.,OK
2025-01-05T17:00:00,17:00,ONLINE_SOL_2025_0105_RAMP_UP,SOL_PAVAGADA,PAV_S3_B02,40hour,Day-ahead probabilistic forecast,NWP ensemble weather-to-power + calibration,21.781,20.498,7.042,33.954,1.284,3.426,100.0,-0.296,26.912,0.9199,0,35,82,GOOD,GOOD,ANOMALOUS,weather,ACTUAL_RAMP_CONFIRMED,NO_ACTION,Day-ahead calibration acceptable.,OK
2025-01-05T17:05:00,17:05,ONLINE_SOL_2025_0105_RAMP_UP,SOL_PAVAGADA,PAV_S3_B02,40hour,Day-ahead probabilistic forecast,NWP ensemble weather-to-power + calibration,20.922,19.725,6.269,33.181,1.196,3.427,100.0,-0.296,26.912,0.92,0,35,82,GOOD,GOOD,ANOMALOUS,weather,ACTUAL_RAMP_CONFIRMED,NO_ACTION,Day-ahead calibration acceptable.,OK
2025-01-05T17:10:00,17:10,ONLINE_SOL_2025_0105_RAMP_UP,SOL_PAVAGADA,PAV_S3_B02,40hour,Day-ahead probabilistic forecast,NWP ensemble weather-to-power + calibration,20.045,18.944,5.488,32.4,1.101,3.427,100.0,-0.296,26.912,0.92,0,35,82,GOOD,GOOD,ANOMALOUS,weather,ACTUAL_RAMP_CONFIRMED,NO_ACTION,Day-ahead calibration acceptable.,OK
2025-01-05T17:15:00,17:15,ONLINE_SOL_2025_0105_RAMP_UP,SOL_PAVAGADA,PAV_S3_B02,40hour,Day-ahead probabilistic forecast,NWP ensemble weather-to-power + calibration,19.154,18.154,8.874,27.434,1.001,3.425,100.0,-0.297,18.56,0.92,0,0,82,GOOD,GOOD,NORMAL,normal,NORMAL_LEARNING,NO_ACTION,Day-ahead calibration acceptable.,OK
2025-01-05T17:20:00,17:20,ONLINE_SOL_2025_0105_RAMP_UP,SOL_PAVAGADA,PAV_S3_B02,40hour,Day-ahead probabilistic forecast,NWP ensemble weather-to-power + calibration,18.255,17.355,8.075,26.635,0.9,3.421,100.0,-0.299,18.56,0.92,0,0,82,GOOD,GOOD,NORMAL,normal,NORMAL_LEARNING,NO_ACTION,Day-ahead calibration acceptable.,OK
2025-01-05T17:25:00,17:25,ONLINE_SOL_2025_0105_RAMP_UP,SOL_PAVAGADA,PAV_S3_B02,40hour,Day-ahead probabilistic forecast,NWP ensemble weather-to-power + calibration,17.35,16.548,7.268,25.828,0.802,3.417,100.0,-0.301,18.56,0.92,0,0,82,GOOD,GOOD,NORMAL,normal,NORMAL_LEARNING,NO_ACTION,Day-ahead calibration acceptable.,OK
2025-01-05T17:30:00,17:30,ONLINE_SOL_2025_0105_RAMP_UP,SOL_PAVAGADA,PAV_S3_B02,40hour,Day-ahead probabilistic forecast,NWP ensemble weather-to-power + calibration,16.44,15.733,6.453,25.013,0.707,3.411,100.0,-0.304,18.56,0.92,0,0,82,GOOD,GOOD,NORMAL,normal,NORMAL_LEARNING,NO_ACTION,Day-ahead calibration acceptable.,OK
2025-01-05T17:35:00,17:35,ONLINE_SOL_2025_0105_RAMP_UP,SOL_PAVAGADA,PAV_S3_B02,40hour,Day-ahead probabilistic forecast,NWP ensemble weather-to-power + calibration,15.529,14.911,5.631,24.191,0.618,3.405,100.0,-0.307,18.56,0.92,0,0,82,GOOD,GOOD,NORMAL,normal,NORMAL_LEARNING,NO_ACTION,Day-ahead calibration acceptable.,OK
2025-01-05T17:40:00,17:40,ONLINE_SOL_2025_0105_RAMP_UP,SOL_PAVAGADA,PAV_S3_B02,40hour,Day-ahead probabilistic forecast,NWP ensemble weather-to-power + calibration,14.617,14.081,4.801,23.361,0.536,3.398,100.0,-0.31,18.56,0.92,0,0,82,GOOD,GOOD,NORMAL,normal,NORMAL_LEARNING,NO_ACTION,Day-ahead calibration acceptable.,OK
2025-01-05T17:45:00,17:45,ONLINE_SOL_2025_0105_RAMP_UP,SOL_PAVAGADA,PAV_S3_B02,40hour,Day-ahead probabilistic forecast,NWP ensemble weather-to-power + calibration,13.705,13.243,3.963,22.523,0.462,3.391,100.0,-0.314,18.56,0.92,0,0,82,GOOD,GOOD,NORMAL,normal,NORMAL_LEARNING,NO_ACTION,Day-ahead calibration acceptable.,OK
2025-01-05T17:50:00,17:50,ONLINE_SOL_2025_0105_RAMP_UP,SOL_PAVAGADA,PAV_S3_B02,40hour,Day-ahead probabilistic forecast,NWP ensemble weather-to-power + calibration,12.794,12.399,3.119,21.679,0.395,3.383,100.0,-0.318,18.56,0.92,0,0,82,GOOD,GOOD,NORMAL,normal,NORMAL_LEARNING,NO_ACTION,Day-ahead calibration acceptable.,OK
2025-01-05T17:55:00,17:55,ONLINE_SOL_2025_0105_RAMP_UP,SOL_PAVAGADA,PAV_S3_B02,40hour,Day-ahead probabilistic forecast,NWP ensemble weather-to-power + calibration,11.885,11.548,2.268,20.828,0.337,3.376,100.0,-0.322,18.56,0.92,0,0,82,GOOD,GOOD,NORMAL,normal,NORMAL_LEARNING,NO_ACTION,Day-ahead calibration acceptable.,OK
2025-01-05T18:00:00,18:00,ONLINE_SOL_2025_0105_RAMP_UP,SOL_PAVAGADA,PAV_S3_B02,40hour,Day-ahead probabilistic forecast,NWP ensemble weather-to-power + calibration,10.977,10.69,1.41,19.97,0.286,3.368,100.0,-0.325,18.56,0.92,0,0,82,GOOD,GOOD,NORMAL,normal,NORMAL_LEARNING,NO_ACTION,Day-ahead calibration acceptable.,OK
2025-01-05T18:05:00,18:05,ONLINE_SOL_2025_0105_RAMP_UP,SOL_PAVAGADA,PAV_S3_B02,40hour,Day-ahead probabilistic forecast,NWP ensemble weather-to-power + calibration,10.07,9.827,0.547,19.107,0.244,3.361,100.0,-0.329,18.56,0.92,0,0,82,GOOD,GOOD,NORMAL,normal,NORMAL_LEARNING,NO_ACTION,Day-ahead calibration acceptable.,OK
2025-01-05T18:10:00,18:10,ONLINE_SOL_2025_0105_RAMP_UP,SOL_PAVAGADA,PAV_S3_B02,40hour,Day-ahead probabilistic forecast,NWP ensemble weather-to-power + calibration,9.165,8.957,0,18.237,0.208,3.354,100.0,-0.332,18.237,0.92,0,0,82,GOOD,GOOD,NORMAL,normal,NORMAL_LEARNING,NO_ACTION,Day-ahead calibration acceptable.,OK
2025-01-05T18:15:00,18:15,ONLINE_SOL_2025_0105_RAMP_UP,SOL_PAVAGADA,PAV_S3_B02,40hour,Day-ahead probabilistic forecast,NWP ensemble weather-to-power + calibration,8.261,8.082,0,17.362,0.179,3.347,100.0,-0.336,17.362,0.92,0,0,82,GOOD,GOOD,NORMAL,normal,NORMAL_LEARNING,NO_ACTION,Day-ahead calibration acceptable.,OK
2025-01-05T18:20:00,18:20,ONLINE_SOL_2025_0105_RAMP_UP,SOL_PAVAGADA,PAV_S3_B02,40hour,Day-ahead probabilistic forecast,NWP ensemble weather-to-power + calibration,7.356,7.202,0,16.482,0.154,3.341,100.0,-0.339,16.482,0.92,0,0,82,GOOD,GOOD,NORMAL,normal,NORMAL_LEARNING,NO_ACTION,Day-ahead calibration acceptable.,OK
2025-01-05T18:25:00,18:25,ONLINE_SOL_2025_0105_RAMP_UP,SOL_PAVAGADA,PAV_S3_B02,40hour,Day-ahead probabilistic forecast,NWP ensemble weather-to-power + calibration,6.45,6.316,0,15.596,0.134,3.334,100.0,-0.342,15.596,0.92,0,0,82,GOOD,GOOD,NORMAL,normal,NORMAL_LEARNING,NO_ACTION,Day-ahead calibration acceptable.,OK
2025-01-05T18:30:00,18:30,ONLINE_SOL_2025_0105_RAMP_UP,SOL_PAVAGADA,PAV_S3_B02,40hour,Day-ahead probabilistic forecast,NWP ensemble weather-to-power + calibration,5.543,5.426,0,14.706,0.117,3.328,100.0,-0.346,14.706,0.92,0,0,82,GOOD,GOOD,NORMAL,normal,NORMAL_LEARNING,NO_ACTION,Day-ahead calibration acceptable.,OK
2025-01-05T18:35:00,18:35,ONLINE_SOL_2025_0105_RAMP_UP,SOL_PAVAGADA,PAV_S3_B02,40hour,Day-ahead probabilistic forecast,NWP ensemble weather-to-power + calibration,4.632,4.531,0,13.811,0.101,3.321,100.0,-0.349,13.811,0.92,0,0,82,GOOD,GOOD,NORMAL,normal,NORMAL_LEARNING,NO_ACTION,Day-ahead calibration acceptable.,OK
2025-01-05T18:40:00,18:40,ONLINE_SOL_2025_0105_RAMP_UP,SOL_PAVAGADA,PAV_S3_B02,40hour,Day-ahead probabilistic forecast,NWP ensemble weather-to-power + calibration,3.718,3.632,0,12.912,0.086,3.314,100.0,-0.352,12.912,0.92,0,0,82,GOOD,GOOD,NORMAL,normal,NORMAL_LEARNING,NO_ACTION,Day-ahead calibration acceptable.,OK
2025-01-05T18:45:00,18:45,ONLINE_SOL_2025_0105_RAMP_UP,SOL_PAVAGADA,PAV_S3_B02,40hour,Day-ahead probabilistic forecast,NWP ensemble weather-to-power + calibration,2.798,2.729,0,12.009,0.069,3.307,100.0,-0.356,12.009,0.92,0,0,82,GOOD,GOOD,NORMAL,normal,NORMAL_LEARNING,NO_ACTION,Day-ahead calibration acceptable.,OK
2025-01-05T18:50:00,18:50,ONLINE_SOL_2025_0105_RAMP_UP,SOL_PAVAGADA,PAV_S3_B02,40hour,Day-ahead probabilistic forecast,NWP ensemble weather-to-power + calibration,1.872,1.822,0,11.102,0.05,3.299,100.0,-0.36,11.102,0.92,0,0,82,GOOD,GOOD,NORMAL,normal,NORMAL_LEARNING,NO_ACTION,Day-ahead calibration acceptable.,OK
2025-01-05T18:55:00,18:55,ONLINE_SOL_2025_0105_RAMP_UP,SOL_PAVAGADA,PAV_S3_B02,40hour,Day-ahead probabilistic forecast,NWP ensemble weather-to-power + calibration,0.94,0.913,0,10.193,0.027,3.29,100.0,-0.365,10.193,0.92,0,0,82,GOOD,GOOD,NORMAL,normal,NORMAL_LEARNING,NO_ACTION,Day-ahead calibration acceptable.,OK
2025-01-05T19:00:00,19:00,ONLINE_SOL_2025_0105_RAMP_UP,SOL_PAVAGADA,PAV_S3_B02,40hour,Day-ahead probabilistic forecast,NWP ensemble weather-to-power + calibration,0.0,0.0,0,9.28,0.0,3.279,100.0,-0.37,9.28,0.92,0,0,82,GOOD,GOOD,NORMAL,normal,NORMAL_LEARNING,NO_ACTION,Day-ahead calibration acceptable.,OK
2025-01-05T05:00:00,05:00,ONLINE_SOL_2025_0105_RAMP_UP,SOL_PAVAGADA,PAV_S3_B02,8day,Medium-range planning outlook,ensemble scenario + analog days + climatology band,0.0,0.0,0,14.08,0.0,0.0,100.0,0.0,14.08,0.12,0,0,0,GOOD,GOOD,NORMAL,normal,NORMAL_LEARNING,NO_ACTION,Weekly planning regime remains usable.,OK
2025-01-05T05:05:00,05:05,ONLINE_SOL_2025_0105_RAMP_UP,SOL_PAVAGADA,PAV_S3_B02,8day,Medium-range planning outlook,ensemble scenario + analog days + climatology band,0.44,0.402,0,14.482,0.039,0.039,100.0,0.019,14.482,0.12,0,0,0,GOOD,GOOD,NORMAL,normal,NORMAL_LEARNING,NO_ACTION,Weekly planning regime remains usable.,OK
2025-01-05T05:10:00,05:10,ONLINE_SOL_2025_0105_RAMP_UP,SOL_PAVAGADA,PAV_S3_B02,8day,Medium-range planning outlook,ensemble scenario + analog days + climatology band,0.878,0.803,0,14.883,0.076,0.076,100.0,0.038,14.883,0.12,0,0,0,GOOD,GOOD,NORMAL,normal,NORMAL_LEARNING,NO_ACTION,Weekly planning regime remains usable.,OK
2025-01-05T05:15:00,05:15,ONLINE_SOL_2025_0105_RAMP_UP,SOL_PAVAGADA,PAV_S3_B02,8day,Medium-range planning outlook,ensemble scenario + analog days + climatology band,1.313,1.202,0,15.282,0.111,0.112,100.0,0.056,15.282,0.12,0,0,0,GOOD,GOOD,NORMAL,normal,NORMAL_LEARNING,NO_ACTION,Weekly planning regime remains usable.,OK
2025-01-05T05:20:00,05:20,ONLINE_SOL_2025_0105_RAMP_UP,SOL_PAVAGADA,PAV_S3_B02,8day,Medium-range planning outlook,ensemble scenario + analog days + climatology band,1.743,1.6,0,15.68,0.143,0.147,100.0,0.074,15.68,0.12,0,0,0,GOOD,GOOD,NORMAL,normal,NORMAL_LEARNING,NO_ACTION,Weekly planning regime remains usable.,OK
2025-01-05T05:25:00,05:25,ONLINE_SOL_2025_0105_RAMP_UP,SOL_PAVAGADA,PAV_S3_B02,8day,Medium-range planning outlook,ensemble scenario + analog days + climatology band,2.169,1.995,0,16.075,0.173,0.181,100.0,0.09,16.075,0.12,0,0,0,GOOD,GOOD,NORMAL,normal,NORMAL_LEARNING,NO_ACTION,Weekly planning regime remains usable.,OK
2025-01-05T05:30:00,05:30,ONLINE_SOL_2025_0105_RAMP_UP,SOL_PAVAGADA,PAV_S3_B02,8day,Medium-range planning outlook,ensemble scenario + analog days + climatology band,2.59,2.39,0,16.47,0.2,0.212,100.0,0.106,16.47,0.12,0,0,0,GOOD,GOOD,NORMAL,normal,NORMAL_LEARNING,NO_ACTION,Weekly planning regime remains usable.,OK
2025-01-05T05:35:00,05:35,ONLINE_SOL_2025_0105_RAMP_UP,SOL_PAVAGADA,PAV_S3_B02,8day,Medium-range planning outlook,ensemble scenario + analog days + climatology band,3.006,2.782,0,16.862,0.224,0.241,100.0,0.121,16.862,0.12,0,0,0,GOOD,GOOD,NORMAL,normal,NORMAL_LEARNING,NO_ACTION,Weekly planning regime remains usable.,OK
2025-01-05T05:40:00,05:40,ONLINE_SOL_2025_0105_RAMP_UP,SOL_PAVAGADA,PAV_S3_B02,8day,Medium-range planning outlook,ensemble scenario + analog days + climatology band,3.416,3.172,0,17.252,0.244,0.269,100.0,0.134,17.252,0.12,0,0,0,GOOD,GOOD,NORMAL,normal,NORMAL_LEARNING,NO_ACTION,Weekly planning regime remains usable.,OK
2025-01-05T05:45:00,05:45,ONLINE_SOL_2025_0105_RAMP_UP,SOL_PAVAGADA,PAV_S3_B02,8day,Medium-range planning outlook,ensemble scenario + analog days + climatology band,3.821,3.56,0,17.64,0.261,0.294,100.0,0.147,17.64,0.12,0,0,0,GOOD,GOOD,NORMAL,normal,NORMAL_LEARNING,NO_ACTION,Weekly planning regime remains usable.,OK
2025-01-05T05:50:00,05:50,ONLINE_SOL_2025_0105_RAMP_UP,SOL_PAVAGADA,PAV_S3_B02,8day,Medium-range planning outlook,ensemble scenario + analog days + climatology band,4.22,3.945,0,18.025,0.275,0.318,100.0,0.159,18.025,0.12,0,0,0,GOOD,GOOD,NORMAL,normal,NORMAL_LEARNING,NO_ACTION,Weekly planning regime remains usable.,OK
2025-01-05T05:55:00,05:55,ONLINE_SOL_2025_0105_RAMP_UP,SOL_PAVAGADA,PAV_S3_B02,8day,Medium-range planning outlook,ensemble scenario + analog days + climatology band,4.614,4.328,0,18.408,0.286,0.339,100.0,0.169,18.408,0.12,0,0,0,GOOD,GOOD,NORMAL,normal,NORMAL_LEARNING,NO_ACTION,Weekly planning regime remains usable.,OK
2025-01-05T06:00:00,06:00,ONLINE_SOL_2025_0105_RAMP_UP,SOL_PAVAGADA,PAV_S3_B02,8day,Medium-range planning outlook,ensemble scenario + analog days + climatology band,5.003,4.708,0,18.788,0.294,0.358,100.0,0.179,18.788,0.12,0,0,0,GOOD,GOOD,NORMAL,normal,NORMAL_LEARNING,NO_ACTION,Weekly planning regime remains usable.,OK
2025-01-05T06:05:00,06:05,ONLINE_SOL_2025_0105_RAMP_UP,SOL_PAVAGADA,PAV_S3_B02,8day,Medium-range planning outlook,ensemble scenario + analog days + climatology band,5.386,5.086,0,19.166,0.3,0.375,100.0,0.188,19.166,0.12,0,0,0,GOOD,GOOD,NORMAL,normal,NORMAL_LEARNING,NO_ACTION,Weekly planning regime remains usable.,OK
2025-01-05T06:10:00,06:10,ONLINE_SOL_2025_0105_RAMP_UP,SOL_PAVAGADA,PAV_S3_B02,8day,Medium-range planning outlook,ensemble scenario + analog days + climatology band,5.766,5.461,0,19.541,0.305,0.391,100.0,0.195,19.541,0.12,0,0,0,GOOD,GOOD,NORMAL,normal,NORMAL_LEARNING,NO_ACTION,Weekly planning regime remains usable.,OK
2025-01-05T06:15:00,06:15,ONLINE_SOL_2025_0105_RAMP_UP,SOL_PAVAGADA,PAV_S3_B02,8day,Medium-range planning outlook,ensemble scenario + analog days + climatology band,6.141,5.833,0,19.913,0.309,0.405,100.0,0.203,19.913,0.12,0,0,0,GOOD,GOOD,NORMAL,normal,NORMAL_LEARNING,NO_ACTION,Weekly planning regime remains usable.,OK
2025-01-05T06:20:00,06:20,ONLINE_SOL_2025_0105_RAMP_UP,SOL_PAVAGADA,PAV_S3_B02,8day,Medium-range planning outlook,ensemble scenario + analog days + climatology band,6.514,6.201,0,20.281,0.312,0.418,100.0,0.209,20.281,0.12,0,0,0,GOOD,GOOD,NORMAL,normal,NORMAL_LEARNING,NO_ACTION,Weekly planning regime remains usable.,OK
2025-01-05T06:25:00,06:25,ONLINE_SOL_2025_0105_RAMP_UP,SOL_PAVAGADA,PAV_S3_B02,8day,Medium-range planning outlook,ensemble scenario + analog days + climatology band,6.883,6.567,0,20.647,0.316,0.43,100.0,0.215,20.647,0.12,0,0,0,GOOD,GOOD,NORMAL,normal,NORMAL_LEARNING,NO_ACTION,Weekly planning regime remains usable.,OK
2025-01-05T06:30:00,06:30,ONLINE_SOL_2025_0105_RAMP_UP,SOL_PAVAGADA,PAV_S3_B02,8day,Medium-range planning outlook,ensemble scenario + analog days + climatology band,7.25,6.929,0,21.009,0.32,0.441,100.0,0.22,21.009,0.12,0,0,0,GOOD,GOOD,NORMAL,normal,NORMAL_LEARNING,NO_ACTION,Weekly planning regime remains usable.,OK
2025-01-05T06:35:00,06:35,ONLINE_SOL_2025_0105_RAMP_UP,SOL_PAVAGADA,PAV_S3_B02,8day,Medium-range planning outlook,ensemble scenario + analog days + climatology band,7.615,7.288,0,21.368,0.327,0.452,100.0,0.226,21.368,0.12,0,0,0,GOOD,GOOD,NORMAL,normal,NORMAL_LEARNING,NO_ACTION,Weekly planning regime remains usable.,OK
2025-01-05T06:40:00,06:40,ONLINE_SOL_2025_0105_RAMP_UP,SOL_PAVAGADA,PAV_S3_B02,8day,Medium-range planning outlook,ensemble scenario + analog days + climatology band,7.98,7.644,0,21.724,0.336,0.462,100.0,0.231,21.724,0.12,0,0,0,GOOD,GOOD,NORMAL,normal,NORMAL_LEARNING,NO_ACTION,Weekly planning regime remains usable.,OK
2025-01-05T06:45:00,06:45,ONLINE_SOL_2025_0105_RAMP_UP,SOL_PAVAGADA,PAV_S3_B02,8day,Medium-range planning outlook,ensemble scenario + analog days + climatology band,8.344,7.996,0,22.076,0.348,0.473,100.0,0.236,22.076,0.12,0,0,0,GOOD,GOOD,NORMAL,normal,NORMAL_LEARNING,NO_ACTION,Weekly planning regime remains usable.,OK
2025-01-05T06:50:00,06:50,ONLINE_SOL_2025_0105_RAMP_UP,SOL_PAVAGADA,PAV_S3_B02,8day,Medium-range planning outlook,ensemble scenario + analog days + climatology band,8.707,8.344,0,22.424,0.364,0.484,100.0,0.242,22.424,0.12,0,0,0,GOOD,GOOD,NORMAL,normal,NORMAL_LEARNING,NO_ACTION,Weekly planning regime remains usable.,OK
2025-01-05T06:55:00,06:55,ONLINE_SOL_2025_0105_RAMP_UP,SOL_PAVAGADA,PAV_S3_B02,8day,Medium-range planning outlook,ensemble scenario + analog days + climatology band,9.072,8.688,0,22.768,0.383,0.496,100.0,0.248,22.768,0.12,0,0,0,GOOD,GOOD,NORMAL,normal,NORMAL_LEARNING,NO_ACTION,Weekly planning regime remains usable.,OK
2025-01-05T07:00:00,07:00,ONLINE_SOL_2025_0105_RAMP_UP,SOL_PAVAGADA,PAV_S3_B02,8day,Medium-range planning outlook,ensemble scenario + analog days + climatology band,9.436,9.029,0,23.109,0.408,0.508,100.0,0.254,23.109,0.12,0,0,0,GOOD,GOOD,NORMAL,normal,NORMAL_LEARNING,NO_ACTION,Weekly planning regime remains usable.,OK
2025-01-05T07:05:00,07:05,ONLINE_SOL_2025_0105_RAMP_UP,SOL_PAVAGADA,PAV_S3_B02,8day,Medium-range planning outlook,ensemble scenario + analog days + climatology band,9.802,9.365,0,23.445,0.437,0.522,100.0,0.261,23.445,0.12,0,0,0,GOOD,GOOD,NORMAL,normal,NORMAL_LEARNING,NO_ACTION,Weekly planning regime remains usable.,OK
2025-01-05T07:10:00,07:10,ONLINE_SOL_2025_0105_RAMP_UP,SOL_PAVAGADA,PAV_S3_B02,8day,Medium-range planning outlook,ensemble scenario + analog days + climatology band,10.169,9.697,0,23.777,0.472,0.538,100.0,0.269,23.777,0.12,0,0,0,GOOD,GOOD,NORMAL,normal,NORMAL_LEARNING,NO_ACTION,Weekly planning regime remains usable.,OK
2025-01-05T07:15:00,07:15,ONLINE_SOL_2025_0105_RAMP_UP,SOL_PAVAGADA,PAV_S3_B02,8day,Medium-range planning outlook,ensemble scenario + analog days + climatology band,10.537,10.026,0,24.106,0.511,0.555,100.0,0.278,24.106,0.12,0,0,0,GOOD,GOOD,NORMAL,normal,NORMAL_LEARNING,NO_ACTION,Weekly planning regime remains usable.,OK
2025-01-05T07:20:00,07:20,ONLINE_SOL_2025_0105_RAMP_UP,SOL_PAVAGADA,PAV_S3_B02,8day,Medium-range planning outlook,ensemble scenario + analog days + climatology band,10.905,10.35,0,24.43,0.556,0.574,100.0,0.287,24.43,0.12,0,0,0,GOOD,GOOD,NORMAL,normal,NORMAL_LEARNING,NO_ACTION,Weekly planning regime remains usable.,OK
2025-01-05T07:25:00,07:25,ONLINE_SOL_2025_0105_RAMP_UP,SOL_PAVAGADA,PAV_S3_B02,8day,Medium-range planning outlook,ensemble scenario + analog days + climatology band,11.274,10.669,0,24.749,0.605,0.596,100.0,0.298,24.749,0.12,0,0,0,GOOD,GOOD,NORMAL,normal,NORMAL_LEARNING,NO_ACTION,Weekly planning regime remains usable.,OK
2025-01-05T07:30:00,07:30,ONLINE_SOL_2025_0105_RAMP_UP,SOL_PAVAGADA,PAV_S3_B02,8day,Medium-range planning outlook,ensemble scenario + analog days + climatology band,11.643,10.984,0,25.064,0.659,0.619,100.0,0.309,25.064,0.12,0,0,0,GOOD,GOOD,NORMAL,normal,NORMAL_LEARNING,NO_ACTION,Weekly planning regime remains usable.,OK
2025-01-05T07:35:00,07:35,ONLINE_SOL_2025_0105_RAMP_UP,SOL_PAVAGADA,PAV_S3_B02,8day,Medium-range planning outlook,ensemble scenario + analog days + climatology band,12.011,11.295,0,25.375,0.716,0.644,100.0,0.322,25.375,0.12,0,0,0,GOOD,GOOD,NORMAL,normal,NORMAL_LEARNING,NO_ACTION,Weekly planning regime remains usable.,OK
2025-01-05T07:40:00,07:40,ONLINE_SOL_2025_0105_RAMP_UP,SOL_PAVAGADA,PAV_S3_B02,8day,Medium-range planning outlook,ensemble scenario + analog days + climatology band,12.379,11.601,0,25.681,0.778,0.672,100.0,0.336,25.681,0.12,0,0,0,GOOD,GOOD,NORMAL,normal,NORMAL_LEARNING,NO_ACTION,Weekly planning regime remains usable.,OK
2025-01-05T07:45:00,07:45,ONLINE_SOL_2025_0105_RAMP_UP,SOL_PAVAGADA,PAV_S3_B02,8day,Medium-range planning outlook,ensemble scenario + analog days + climatology band,12.744,11.903,0,25.983,0.841,0.702,100.0,0.351,25.983,0.12,0,0,0,GOOD,GOOD,NORMAL,normal,NORMAL_LEARNING,NO_ACTION,Weekly planning regime remains usable.,OK
2025-01-05T07:50:00,07:50,ONLINE_SOL_2025_0105_RAMP_UP,SOL_PAVAGADA,PAV_S3_B02,8day,Medium-range planning outlook,ensemble scenario + analog days + climatology band,13.106,12.199,0,26.279,0.907,0.733,100.0,0.367,26.279,0.12,0,0,0,GOOD,GOOD,NORMAL,normal,NORMAL_LEARNING,NO_ACTION,Weekly planning regime remains usable.,OK
2025-01-05T07:55:00,07:55,ONLINE_SOL_2025_0105_RAMP_UP,SOL_PAVAGADA,PAV_S3_B02,8day,Medium-range planning outlook,ensemble scenario + analog days + climatology band,13.465,12.491,0,26.571,0.974,0.767,100.0,0.384,26.571,0.12,0,0,0,GOOD,GOOD,NORMAL,normal,NORMAL_LEARNING,NO_ACTION,Weekly planning regime remains usable.,OK
2025-01-05T08:00:00,08:00,ONLINE_SOL_2025_0105_RAMP_UP,SOL_PAVAGADA,PAV_S3_B02,8day,Medium-range planning outlook,ensemble scenario + analog days + climatology band,13.818,12.778,0,26.858,1.04,0.803,100.0,0.401,26.858,0.12,0,0,0,GOOD,GOOD,NORMAL,normal,NORMAL_LEARNING,NO_ACTION,Weekly planning regime remains usable.,OK
2025-01-05T08:05:00,08:05,ONLINE_SOL_2025_0105_RAMP_UP,SOL_PAVAGADA,PAV_S3_B02,8day,Medium-range planning outlook,ensemble scenario + analog days + climatology band,14.166,13.06,0,27.14,1.106,0.84,100.0,0.42,27.14,0.12,0,0,0,GOOD,GOOD,NORMAL,normal,NORMAL_LEARNING,NO_ACTION,Weekly planning regime remains usable.,OK
2025-01-05T08:10:00,08:10,ONLINE_SOL_2025_0105_RAMP_UP,SOL_PAVAGADA,PAV_S3_B02,8day,Medium-range planning outlook,ensemble scenario + analog days + climatology band,14.506,13.337,0,27.417,1.169,0.878,100.0,0.439,27.417,0.12,0,0,0,GOOD,GOOD,NORMAL,normal,NORMAL_LEARNING,NO_ACTION,Weekly planning regime remains usable.,OK
2025-01-05T08:15:00,08:15,ONLINE_SOL_2025_0105_RAMP_UP,SOL_PAVAGADA,PAV_S3_B02,8day,Medium-range planning outlook,ensemble scenario + analog days + climatology band,14.839,13.609,0,27.689,1.23,0.918,100.0,0.459,27.689,0.12,0,0,0,GOOD,GOOD,NORMAL,normal,NORMAL_LEARNING,NO_ACTION,Weekly planning regime remains usable.,OK
2025-01-05T08:20:00,08:20,ONLINE_SOL_2025_0105_RAMP_UP,SOL_PAVAGADA,PAV_S3_B02,8day,Medium-range planning outlook,ensemble scenario + analog days + climatology band,15.162,13.876,0,27.956,1.286,0.958,100.0,0.479,27.956,0.12,0,0,0,GOOD,GOOD,NORMAL,normal,NORMAL_LEARNING,NO_ACTION,Weekly planning regime remains usable.,OK
2025-01-05T08:25:00,08:25,ONLINE_SOL_2025_0105_RAMP_UP,SOL_PAVAGADA,PAV_S3_B02,8day,Medium-range planning outlook,ensemble scenario + analog days + climatology band,15.476,14.137,0.057,28.217,1.338,0.999,100.0,0.5,28.16,0.12,0,0,0,GOOD,GOOD,NORMAL,normal,NORMAL_LEARNING,NO_ACTION,Weekly planning regime remains usable.,OK
2025-01-05T08:30:00,08:30,ONLINE_SOL_2025_0105_RAMP_UP,SOL_PAVAGADA,PAV_S3_B02,8day,Medium-range planning outlook,ensemble scenario + analog days + climatology band,15.778,14.394,0.314,28.474,1.384,1.04,100.0,0.52,28.16,0.12,0,0,0,GOOD,GOOD,NORMAL,normal,NORMAL_LEARNING,NO_ACTION,Weekly planning regime remains usable.,OK
2025-01-05T08:35:00,08:35,ONLINE_SOL_2025_0105_RAMP_UP,SOL_PAVAGADA,PAV_S3_B02,8day,Medium-range planning outlook,ensemble scenario + analog days + climatology band,16.068,14.645,0.565,28.725,1.423,1.081,100.0,0.541,28.16,0.12,0,0,0,GOOD,GOOD,NORMAL,normal,NORMAL_LEARNING,NO_ACTION,Weekly planning regime remains usable.,OK
2025-01-05T08:40:00,08:40,ONLINE_SOL_2025_0105_RAMP_UP,SOL_PAVAGADA,PAV_S3_B02,8day,Medium-range planning outlook,ensemble scenario + analog days + climatology band,16.346,14.89,0.81,28.97,1.455,1.122,100.0,0.561,28.16,0.12,0,0,0,GOOD,GOOD,NORMAL,normal,NORMAL_LEARNING,NO_ACTION,Weekly planning regime remains usable.,OK
2025-01-05T08:45:00,08:45,ONLINE_SOL_2025_0105_RAMP_UP,SOL_PAVAGADA,PAV_S3_B02,8day,Medium-range planning outlook,ensemble scenario + analog days + climatology band,16.61,15.131,1.051,29.211,1.48,1.162,100.0,0.581,28.16,0.12,0,0,0,GOOD,GOOD,NORMAL,normal,NORMAL_LEARNING,NO_ACTION,Weekly planning regime remains usable.,OK
2025-01-05T08:50:00,08:50,ONLINE_SOL_2025_0105_RAMP_UP,SOL_PAVAGADA,PAV_S3_B02,8day,Medium-range planning outlook,ensemble scenario + analog days + climatology band,16.861,15.365,1.285,29.445,1.496,1.201,100.0,0.6,28.16,0.12,0,0,0,GOOD,GOOD,NORMAL,normal,NORMAL_LEARNING,NO_ACTION,Weekly planning regime remains usable.,OK
2025-01-05T08:55:00,08:55,ONLINE_SOL_2025_0105_RAMP_UP,SOL_PAVAGADA,PAV_S3_B02,8day,Medium-range planning outlook,ensemble scenario + analog days + climatology band,17.098,15.594,1.514,29.674,1.504,1.238,100.0,0.619,28.16,0.12,0,0,0,GOOD,GOOD,NORMAL,normal,NORMAL_LEARNING,NO_ACTION,Weekly planning regime remains usable.,OK
2025-01-05T09:00:00,09:00,ONLINE_SOL_2025_0105_RAMP_UP,SOL_PAVAGADA,PAV_S3_B02,8day,Medium-range planning outlook,ensemble scenario + analog days + climatology band,17.321,15.818,1.738,29.898,1.503,1.274,100.0,0.637,28.16,0.12,0,0,0,GOOD,GOOD,NORMAL,normal,NORMAL_LEARNING,NO_ACTION,Weekly planning regime remains usable.,OK
2025-01-05T09:05:00,09:05,ONLINE_SOL_2025_0105_RAMP_UP,SOL_PAVAGADA,PAV_S3_B02,8day,Medium-range planning outlook,ensemble scenario + analog days + climatology band,17.53,16.036,1.956,30.116,1.494,1.309,100.0,0.654,28.16,0.12,0,0,0,GOOD,GOOD,NORMAL,normal,NORMAL_LEARNING,NO_ACTION,Weekly planning regime remains usable.,OK
2025-01-05T09:10:00,09:10,ONLINE_SOL_2025_0105_RAMP_UP,SOL_PAVAGADA,PAV_S3_B02,8day,Medium-range planning outlook,ensemble scenario + analog days + climatology band,17.726,16.248,2.168,30.328,1.478,1.341,100.0,0.671,28.16,0.12,0,0,0,GOOD,GOOD,NORMAL,normal,NORMAL_LEARNING,NO_ACTION,Weekly planning regime remains usable.,OK
2025-01-05T09:15:00,09:15,ONLINE_SOL_2025_0105_RAMP_UP,SOL_PAVAGADA,PAV_S3_B02,8day,Medium-range planning outlook,ensemble scenario + analog days + climatology band,17.908,16.455,2.375,30.535,1.453,1.371,100.0,0.686,28.16,0.12,0,0,0,GOOD,GOOD,NORMAL,normal,NORMAL_LEARNING,NO_ACTION,Weekly planning regime remains usable.,OK
2025-01-05T09:20:00,09:20,ONLINE_SOL_2025_0105_RAMP_UP,SOL_PAVAGADA,PAV_S3_B02,8day,Medium-range planning outlook,ensemble scenario + analog days + climatology band,18.078,16.656,2.576,30.736,1.422,1.399,100.0,0.699,28.16,0.12,0,0,0,GOOD,GOOD,NORMAL,normal,NORMAL_LEARNING,NO_ACTION,Weekly planning regime remains usable.,OK
2025-01-05T09:25:00,09:25,ONLINE_SOL_2025_0105_RAMP_UP,SOL_PAVAGADA,PAV_S3_B02,8day,Medium-range planning outlook,ensemble scenario + analog days + climatology band,18.235,16.851,2.771,30.931,1.385,1.424,100.0,0.712,28.16,0.12,0,0,0,GOOD,GOOD,NORMAL,normal,NORMAL_LEARNING,NO_ACTION,Weekly planning regime remains usable.,OK
2025-01-05T09:30:00,09:30,ONLINE_SOL_2025_0105_RAMP_UP,SOL_PAVAGADA,PAV_S3_B02,8day,Medium-range planning outlook,ensemble scenario + analog days + climatology band,18.382,17.04,2.96,31.12,1.342,1.447,100.0,0.724,28.16,0.12,0,0,0,GOOD,GOOD,NORMAL,normal,NORMAL_LEARNING,NO_ACTION,Weekly planning regime remains usable.,OK
2025-01-05T09:35:00,09:35,ONLINE_SOL_2025_0105_RAMP_UP,SOL_PAVAGADA,PAV_S3_B02,8day,Medium-range planning outlook,ensemble scenario + analog days + climatology band,18.518,17.223,3.143,31.303,1.295,1.468,100.0,0.734,28.16,0.12,0,0,0,GOOD,GOOD,NORMAL,normal,NORMAL_LEARNING,NO_ACTION,Weekly planning regime remains usable.,OK
2025-01-05T09:40:00,09:40,ONLINE_SOL_2025_0105_RAMP_UP,SOL_PAVAGADA,PAV_S3_B02,8day,Medium-range planning outlook,ensemble scenario + analog days + climatology band,18.645,17.401,3.321,31.481,1.245,1.486,100.0,0.743,28.16,0.12,0,0,0,GOOD,GOOD,NORMAL,normal,NORMAL_LEARNING,NO_ACTION,Weekly planning regime remains usable.,OK
2025-01-05T09:45:00,09:45,ONLINE_SOL_2025_0105_RAMP_UP,SOL_PAVAGADA,PAV_S3_B02,8day,Medium-range planning outlook,ensemble scenario + analog days + climatology band,18.764,17.572,3.492,31.652,1.192,1.501,100.0,0.751,28.16,0.12,0,0,0,GOOD,GOOD,NORMAL,normal,NORMAL_LEARNING,NO_ACTION,Weekly planning regime remains usable.,OK
2025-01-05T09:50:00,09:50,ONLINE_SOL_2025_0105_RAMP_UP,SOL_PAVAGADA,PAV_S3_B02,8day,Medium-range planning outlook,ensemble scenario + analog days + climatology band,18.877,17.738,3.658,31.818,1.14,1.514,100.0,0.757,28.16,0.12,0,0,0,GOOD,GOOD,NORMAL,normal,NORMAL_LEARNING,NO_ACTION,Weekly planning regime remains usable.,OK
2025-01-05T09:55:00,09:55,ONLINE_SOL_2025_0105_RAMP_UP,SOL_PAVAGADA,PAV_S3_B02,8day,Medium-range planning outlook,ensemble scenario + analog days + climatology band,18.984,17.897,3.817,31.977,1.087,1.525,100.0,0.763,28.16,0.12,0,0,0,GOOD,GOOD,NORMAL,normal,NORMAL_LEARNING,NO_ACTION,Weekly planning regime remains usable.,OK
2025-01-05T10:00:00,10:00,ONLINE_SOL_2025_0105_RAMP_UP,SOL_PAVAGADA,PAV_S3_B02,8day,Medium-range planning outlook,ensemble scenario + analog days + climatology band,19.087,18.05,3.97,32.13,1.037,1.534,100.0,0.767,28.16,0.12,0,0,0,GOOD,GOOD,NORMAL,normal,NORMAL_LEARNING,NO_ACTION,Weekly planning regime remains usable.,OK
2025-01-05T10:05:00,10:05,ONLINE_SOL_2025_0105_RAMP_UP,SOL_PAVAGADA,PAV_S3_B02,8day,Medium-range planning outlook,ensemble scenario + analog days + climatology band,19.187,18.198,4.118,32.278,0.989,1.541,100.0,0.771,28.16,0.12,0,0,0,GOOD,GOOD,NORMAL,normal,NORMAL_LEARNING,NO_ACTION,Weekly planning regime remains usable.,OK
2025-01-05T10:10:00,10:10,ONLINE_SOL_2025_0105_RAMP_UP,SOL_PAVAGADA,PAV_S3_B02,8day,Medium-range planning outlook,ensemble scenario + analog days + climatology band,19.285,18.339,4.259,32.419,0.946,1.547,100.0,0.773,28.16,0.12,0,0,0,GOOD,GOOD,NORMAL,normal,NORMAL_LEARNING,NO_ACTION,Weekly planning regime remains usable.,OK
2025-01-05T10:15:00,10:15,ONLINE_SOL_2025_0105_RAMP_UP,SOL_PAVAGADA,PAV_S3_B02,8day,Medium-range planning outlook,ensemble scenario + analog days + climatology band,19.382,18.474,4.394,32.554,0.908,1.551,100.0,0.776,28.16,0.12,0,0,0,GOOD,GOOD,NORMAL,normal,NORMAL_LEARNING,NO_ACTION,Weekly planning regime remains usable.,OK
2025-01-05T10:20:00,10:20,ONLINE_SOL_2025_0105_RAMP_UP,SOL_PAVAGADA,PAV_S3_B02,8day,Medium-range planning outlook,ensemble scenario + analog days + climatology band,19.48,18.603,4.523,32.683,0.876,1.554,100.0,0.777,28.16,0.12,0,0,0,GOOD,GOOD,NORMAL,normal,NORMAL_LEARNING,NO_ACTION,Weekly planning regime remains usable.,OK
2025-01-05T10:25:00,10:25,ONLINE_SOL_2025_0105_RAMP_UP,SOL_PAVAGADA,PAV_S3_B02,8day,Medium-range planning outlook,ensemble scenario + analog days + climatology band,19.578,18.726,4.646,32.806,0.852,1.556,100.0,0.778,28.16,0.12,0,0,0,GOOD,GOOD,NORMAL,normal,NORMAL_LEARNING,NO_ACTION,Weekly planning regime remains usable.,OK
2025-01-05T10:30:00,10:30,ONLINE_SOL_2025_0105_RAMP_UP,SOL_PAVAGADA,PAV_S3_B02,8day,Medium-range planning outlook,ensemble scenario + analog days + climatology band,19.678,18.843,4.763,32.923,0.835,1.558,100.0,0.779,28.16,0.12,0,0,0,GOOD,GOOD,NORMAL,normal,NORMAL_LEARNING,NO_ACTION,Weekly planning regime remains usable.,OK
2025-01-05T10:35:00,10:35,ONLINE_SOL_2025_0105_RAMP_UP,SOL_PAVAGADA,PAV_S3_B02,8day,Medium-range planning outlook,ensemble scenario + analog days + climatology band,19.781,18.954,4.874,33.034,0.828,1.56,100.0,0.78,28.16,0.12,0,0,0,GOOD,GOOD,NORMAL,normal,NORMAL_LEARNING,NO_ACTION,Weekly planning regime remains usable.,OK
2025-01-05T10:40:00,10:40,ONLINE_SOL_2025_0105_RAMP_UP,SOL_PAVAGADA,PAV_S3_B02,8day,Medium-range planning outlook,ensemble scenario + analog days + climatology band,19.887,19.058,4.978,33.138,0.829,1.561,100.0,0.781,28.16,0.12,0,0,0,GOOD,GOOD,NORMAL,normal,NORMAL_LEARNING,NO_ACTION,Weekly planning regime remains usable.,OK
2025-01-05T10:45:00,10:45,ONLINE_SOL_2025_0105_RAMP_UP,SOL_PAVAGADA,PAV_S3_B02,8day,Medium-range planning outlook,ensemble scenario + analog days + climatology band,19.995,19.156,5.076,33.236,0.839,1.563,100.0,0.781,28.16,0.12,0,0,0,GOOD,GOOD,NORMAL,normal,NORMAL_LEARNING,NO_ACTION,Weekly planning regime remains usable.,OK
2025-01-05T10:50:00,10:50,ONLINE_SOL_2025_0105_RAMP_UP,SOL_PAVAGADA,PAV_S3_B02,8day,Medium-range planning outlook,ensemble scenario + analog days + climatology band,20.106,19.248,5.168,33.328,0.859,1.565,100.0,0.782,28.16,0.12,0,0,0,GOOD,GOOD,NORMAL,normal,NORMAL_LEARNING,NO_ACTION,Weekly planning regime remains usable.,OK
2025-01-05T10:55:00,10:55,ONLINE_SOL_2025_0105_RAMP_UP,SOL_PAVAGADA,PAV_S3_B02,8day,Medium-range planning outlook,ensemble scenario + analog days + climatology band,20.22,19.333,5.253,33.413,0.887,1.568,100.0,0.784,28.16,0.12,0,0,0,GOOD,GOOD,NORMAL,normal,NORMAL_LEARNING,NO_ACTION,Weekly planning regime remains usable.,OK
2025-01-05T11:00:00,11:00,ONLINE_SOL_2025_0105_RAMP_UP,SOL_PAVAGADA,PAV_S3_B02,8day,Medium-range planning outlook,ensemble scenario + analog days + climatology band,20.337,19.413,5.333,33.493,0.924,1.572,100.0,0.786,28.16,0.12,0,0,0,GOOD,GOOD,NORMAL,normal,NORMAL_LEARNING,NO_ACTION,Weekly planning regime remains usable.,OK
2025-01-05T11:05:00,11:05,ONLINE_SOL_2025_0105_RAMP_UP,SOL_PAVAGADA,PAV_S3_B02,8day,Medium-range planning outlook,ensemble scenario + analog days + climatology band,20.455,19.486,5.406,33.566,0.97,1.577,100.0,0.788,28.16,0.12,0,0,0,GOOD,GOOD,NORMAL,normal,NORMAL_LEARNING,NO_ACTION,Weekly planning regime remains usable.,OK
2025-01-05T11:10:00,11:10,ONLINE_SOL_2025_0105_RAMP_UP,SOL_PAVAGADA,PAV_S3_B02,8day,Medium-range planning outlook,ensemble scenario + analog days + climatology band,20.575,19.552,5.472,33.632,1.023,1.583,100.0,0.791,28.16,0.12,0,0,0,GOOD,GOOD,NORMAL,normal,NORMAL_LEARNING,NO_ACTION,Weekly planning regime remains usable.,OK
2025-01-05T11:15:00,11:15,ONLINE_SOL_2025_0105_RAMP_UP,SOL_PAVAGADA,PAV_S3_B02,8day,Medium-range planning outlook,ensemble scenario + analog days + climatology band,20.695,19.613,5.533,33.693,1.082,1.59,100.0,0.795,28.16,0.12,0,0,0,GOOD,GOOD,NORMAL,normal,NORMAL_LEARNING,NO_ACTION,Weekly planning regime remains usable.,OK
2025-01-05T11:20:00,11:20,ONLINE_SOL_2025_0105_RAMP_UP,SOL_PAVAGADA,PAV_S3_B02,8day,Medium-range planning outlook,ensemble scenario + analog days + climatology band,20.814,19.667,5.587,33.747,1.147,1.6,100.0,0.8,28.16,0.12,0,0,0,GOOD,GOOD,NORMAL,normal,NORMAL_LEARNING,NO_ACTION,Weekly planning regime remains usable.,OK
2025-01-05T11:25:00,11:25,ONLINE_SOL_2025_0105_RAMP_UP,SOL_PAVAGADA,PAV_S3_B02,8day,Medium-range planning outlook,ensemble scenario + analog days + climatology band,20.931,19.714,5.634,33.794,1.216,1.61,100.0,0.805,28.16,0.12,0,0,0,GOOD,GOOD,NORMAL,normal,NORMAL_LEARNING,NO_ACTION,Weekly planning regime remains usable.,OK
2025-01-05T11:30:00,11:30,ONLINE_SOL_2025_0105_RAMP_UP,SOL_PAVAGADA,PAV_S3_B02,8day,Medium-range planning outlook,ensemble scenario + analog days + climatology band,21.044,19.756,5.676,33.836,1.289,1.623,100.0,0.811,28.16,0.12,0,0,0,GOOD,GOOD,NORMAL,normal,NORMAL_LEARNING,NO_ACTION,Weekly planning regime remains usable.,OK
2025-01-05T11:35:00,11:35,ONLINE_SOL_2025_0105_RAMP_UP,SOL_PAVAGADA,PAV_S3_B02,8day,Medium-range planning outlook,ensemble scenario + analog days + climatology band,21.154,19.791,5.711,33.871,1.363,1.636,100.0,0.818,28.16,0.12,0,0,0,GOOD,GOOD,NORMAL,normal,NORMAL_LEARNING,NO_ACTION,Weekly planning regime remains usable.,OK
2025-01-05T11:40:00,11:40,ONLINE_SOL_2025_0105_RAMP_UP,SOL_PAVAGADA,PAV_S3_B02,8day,Medium-range planning outlook,ensemble scenario + analog days + climatology band,21.257,19.819,5.739,33.899,1.438,1.652,100.0,0.826,28.16,0.12,0,0,0,GOOD,GOOD,NORMAL,normal,NORMAL_LEARNING,NO_ACTION,Weekly planning regime remains usable.,OK
2025-01-05T11:45:00,11:45,ONLINE_SOL_2025_0105_RAMP_UP,SOL_PAVAGADA,PAV_S3_B02,8day,Medium-range planning outlook,ensemble scenario + analog days + climatology band,21.353,19.842,5.762,33.922,1.511,1.668,100.0,0.834,28.16,0.12,0,0,0,GOOD,GOOD,NORMAL,normal,NORMAL_LEARNING,NO_ACTION,Weekly planning regime remains usable.,OK
2025-01-05T11:50:00,11:50,ONLINE_SOL_2025_0105_RAMP_UP,SOL_PAVAGADA,PAV_S3_B02,8day,Medium-range planning outlook,ensemble scenario + analog days + climatology band,21.44,19.858,5.778,33.938,1.583,1.686,100.0,0.843,28.16,0.12,0,0,0,GOOD,GOOD,NORMAL,normal,NORMAL_LEARNING,NO_ACTION,Weekly planning regime remains usable.,OK
2025-01-05T11:55:00,11:55,ONLINE_SOL_2025_0105_RAMP_UP,SOL_PAVAGADA,PAV_S3_B02,8day,Medium-range planning outlook,ensemble scenario + analog days + climatology band,21.518,19.867,5.787,33.947,1.65,1.706,100.0,0.853,28.16,0.12,0,0,0,GOOD,GOOD,NORMAL,normal,NORMAL_LEARNING,NO_ACTION,Weekly planning regime remains usable.,OK
2025-01-05T12:00:00,12:00,ONLINE_SOL_2025_0105_RAMP_UP,SOL_PAVAGADA,PAV_S3_B02,8day,Medium-range planning outlook,ensemble scenario + analog days + climatology band,21.584,19.87,5.79,33.95,1.713,1.726,100.0,0.863,28.16,0.12,0,0,0,GOOD,GOOD,NORMAL,normal,NORMAL_LEARNING,NO_ACTION,Weekly planning regime remains usable.,OK
2025-01-05T12:05:00,12:05,ONLINE_SOL_2025_0105_RAMP_UP,SOL_PAVAGADA,PAV_S3_B02,8day,Medium-range planning outlook,ensemble scenario + analog days + climatology band,21.637,19.867,5.787,33.947,1.77,1.747,100.0,0.873,28.16,0.12,0,0,0,GOOD,GOOD,NORMAL,normal,NORMAL_LEARNING,NO_ACTION,Weekly planning regime remains usable.,OK
2025-01-05T12:10:00,12:10,ONLINE_SOL_2025_0105_RAMP_UP,SOL_PAVAGADA,PAV_S3_B02,8day,Medium-range planning outlook,ensemble scenario + analog days + climatology band,21.677,19.858,5.778,33.938,1.819,1.769,100.0,0.884,28.16,0.12,0,0,0,GOOD,GOOD,NORMAL,normal,NORMAL_LEARNING,NO_ACTION,Weekly planning regime remains usable.,OK
2025-01-05T12:15:00,12:15,ONLINE_SOL_2025_0105_RAMP_UP,SOL_PAVAGADA,PAV_S3_B02,8day,Medium-range planning outlook,ensemble scenario + analog days + climatology band,21.702,19.842,5.762,33.922,1.86,1.791,100.0,0.895,28.16,0.12,0,0,0,GOOD,GOOD,NORMAL,normal,NORMAL_LEARNING,NO_ACTION,Weekly planning regime remains usable.,OK
2025-01-05T12:20:00,12:20,ONLINE_SOL_2025_0105_RAMP_UP,SOL_PAVAGADA,PAV_S3_B02,8day,Medium-range planning outlook,ensemble scenario + analog days + climatology band,21.711,19.819,5.739,33.899,1.892,1.813,100.0,0.907,28.16,0.12,0,0,0,GOOD,GOOD,NORMAL,normal,NORMAL_LEARNING,NO_ACTION,Weekly planning regime remains usable.,OK
2025-01-05T12:25:00,12:25,ONLINE_SOL_2025_0105_RAMP_UP,SOL_PAVAGADA,PAV_S3_B02,8day,Medium-range planning outlook,ensemble scenario + analog days + climatology band,21.705,19.791,5.711,33.871,1.914,1.836,100.0,0.918,28.16,0.12,0,0,0,GOOD,GOOD,NORMAL,normal,NORMAL_LEARNING,NO_ACTION,Weekly planning regime remains usable.,OK
2025-01-05T12:30:00,12:30,ONLINE_SOL_2025_0105_RAMP_UP,SOL_PAVAGADA,PAV_S3_B02,8day,Medium-range planning outlook,ensemble scenario + analog days + climatology band,21.682,19.756,5.676,33.836,1.927,1.858,100.0,0.929,28.16,0.12,0,0,0,GOOD,GOOD,NORMAL,normal,NORMAL_LEARNING,NO_ACTION,Weekly planning regime remains usable.,OK
2025-01-05T12:35:00,12:35,ONLINE_SOL_2025_0105_RAMP_UP,SOL_PAVAGADA,PAV_S3_B02,8day,Medium-range planning outlook,ensemble scenario + analog days + climatology band,21.643,19.714,5.634,33.794,1.929,1.88,100.0,0.94,28.16,0.12,0,0,0,GOOD,GOOD,NORMAL,normal,NORMAL_LEARNING,NO_ACTION,Weekly planning regime remains usable.,OK
2025-01-05T12:40:00,12:40,ONLINE_SOL_2025_0105_RAMP_UP,SOL_PAVAGADA,PAV_S3_B02,8day,Medium-range planning outlook,ensemble scenario + analog days + climatology band,21.587,19.667,5.587,33.747,1.92,1.901,100.0,0.95,28.16,0.12,0,0,0,GOOD,GOOD,NORMAL,normal,NORMAL_LEARNING,NO_ACTION,Weekly planning regime remains usable.,OK
2025-01-05T12:45:00,12:45,ONLINE_SOL_2025_0105_RAMP_UP,SOL_PAVAGADA,PAV_S3_B02,8day,Medium-range planning outlook,ensemble scenario + analog days + climatology band,21.514,19.613,5.533,33.693,1.901,1.921,100.0,0.96,28.16,0.12,0,0,0,GOOD,GOOD,NORMAL,normal,NORMAL_LEARNING,NO_ACTION,Weekly planning regime remains usable.,OK
2025-01-05T12:50:00,12:50,ONLINE_SOL_2025_0105_RAMP_UP,SOL_PAVAGADA,PAV_S3_B02,8day,Medium-range planning outlook,ensemble scenario + analog days + climatology band,21.425,19.552,5.472,33.632,1.873,1.94,100.0,0.97,28.16,0.12,0,0,0,GOOD,GOOD,NORMAL,normal,NORMAL_LEARNING,NO_ACTION,Weekly planning regime remains usable.,OK
2025-01-05T12:55:00,12:55,ONLINE_SOL_2025_0105_RAMP_UP,SOL_PAVAGADA,PAV_S3_B02,8day,Medium-range planning outlook,ensemble scenario + analog days + climatology band,21.32,19.486,5.406,33.566,1.835,1.958,100.0,0.979,28.16,0.12,0,0,0,GOOD,GOOD,NORMAL,normal,NORMAL_LEARNING,NO_ACTION,Weekly planning regime remains usable.,OK
2025-01-05T13:00:00,13:00,ONLINE_SOL_2025_0105_RAMP_UP,SOL_PAVAGADA,PAV_S3_B02,8day,Medium-range planning outlook,ensemble scenario + analog days + climatology band,21.201,19.413,5.333,33.493,1.788,1.995,100.0,0.998,28.16,0.1201,0,0,0,GOOD,GOOD,NORMAL,normal,NORMAL_LEARNING,NO_ACTION,Weekly planning regime remains usable.,OK
2025-01-05T13:05:00,13:05,ONLINE_SOL_2025_0105_RAMP_UP,SOL_PAVAGADA,PAV_S3_B02,8day,Medium-range planning outlook,ensemble scenario + analog days + climatology band,21.067,19.333,5.253,33.413,1.733,2.031,100.0,1.015,28.16,0.1201,0,0,0,GOOD,GOOD,NORMAL,normal,NORMAL_LEARNING,NO_ACTION,Weekly planning regime remains usable.,OK
2025-01-05T13:10:00,13:10,ONLINE_SOL_2025_0105_RAMP_UP,SOL_PAVAGADA,PAV_S3_B02,8day,Medium-range planning outlook,ensemble scenario + analog days + climatology band,20.92,19.248,5.168,33.328,1.672,2.064,100.0,1.032,28.16,0.1201,0,0,0,GOOD,GOOD,NORMAL,normal,NORMAL_LEARNING,NO_ACTION,Weekly planning regime remains usable.,OK
2025-01-05T13:15:00,13:15,ONLINE_SOL_2025_0105_RAMP_UP,SOL_PAVAGADA,PAV_S3_B02,8day,Medium-range planning outlook,ensemble scenario + analog days + climatology band,20.761,19.156,5.076,33.236,1.605,2.095,100.0,1.048,28.16,0.1202,0,0,0,GOOD,GOOD,NORMAL,normal,NORMAL_LEARNING,NO_ACTION,Weekly planning regime remains usable.,OK
2025-01-05T13:20:00,13:20,ONLINE_SOL_2025_0105_RAMP_UP,SOL_PAVAGADA,PAV_S3_B02,8day,Medium-range planning outlook,ensemble scenario + analog days + climatology band,20.591,19.058,4.978,33.138,1.533,2.124,100.0,1.062,28.16,0.1203,0,0,0,GOOD,GOOD,NORMAL,normal,NORMAL_LEARNING,NO_ACTION,Weekly planning regime remains usable.,OK
2025-01-05T13:25:00,13:25,ONLINE_SOL_2025_0105_RAMP_UP,SOL_PAVAGADA,PAV_S3_B02,8day,Medium-range planning outlook,ensemble scenario + analog days + climatology band,20.412,18.954,4.874,33.034,1.458,2.151,100.0,1.075,28.16,0.1204,0,0,0,GOOD,GOOD,NORMAL,normal,NORMAL_LEARNING,NO_ACTION,Weekly planning regime remains usable.,OK
2025-01-05T13:30:00,13:30,ONLINE_SOL_2025_0105_RAMP_UP,SOL_PAVAGADA,PAV_S3_B02,8day,Medium-range planning outlook,ensemble scenario + analog days + climatology band,20.225,18.844,4.764,32.924,1.381,2.175,100.0,1.088,28.16,0.1206,0,0,0,GOOD,GOOD,NORMAL,normal,NORMAL_LEARNING,NO_ACTION,Weekly planning regime remains usable.,OK
2025-01-05T13:35:00,13:35,ONLINE_SOL_2025_0105_RAMP_UP,SOL_PAVAGADA,PAV_S3_B02,8day,Medium-range planning outlook,ensemble scenario + analog days + climatology band,20.031,18.728,4.648,32.808,1.304,2.198,100.0,1.099,28.16,0.1209,0,0,0,GOOD,GOOD,NORMAL,normal,NORMAL_LEARNING,NO_ACTION,Weekly planning regime remains usable.,OK
2025-01-05T13:40:00,13:40,ONLINE_SOL_2025_0105_RAMP_UP,SOL_PAVAGADA,PAV_S3_B02,8day,Medium-range planning outlook,ensemble scenario + analog days + climatology band,19.832,18.605,4.525,32.685,1.227,2.218,100.0,1.109,28.16,0.1213,0,0,0,GOOD,GOOD,NORMAL,normal,NORMAL_LEARNING,NO_ACTION,Weekly planning regime remains usable.,OK
2025-01-05T13:45:00,13:45,ONLINE_SOL_2025_0105_RAMP_UP,SOL_PAVAGADA,PAV_S3_B02,8day,Medium-range planning outlook,ensemble scenario + analog days + climatology band,19.628,18.477,4.397,32.557,1.151,2.237,100.0,1.118,28.16,0.122,0,0,0,GOOD,GOOD,NORMAL,normal,NORMAL_LEARNING,NO_ACTION,Weekly planning regime remains usable.,OK
2025-01-05T13:50:00,13:50,ONLINE_SOL_2025_0105_RAMP_UP,SOL_PAVAGADA,PAV_S3_B02,8day,Medium-range planning outlook,ensemble scenario + analog days + climatology band,19.422,18.344,4.264,32.424,1.079,2.254,100.0,1.127,28.16,0.1229,0,0,0,GOOD,GOOD,NORMAL,normal,NORMAL_LEARNING,NO_ACTION,Weekly planning regime remains usable.,OK
2025-01-05T13:55:00,13:55,ONLINE_SOL_2025_0105_RAMP_UP,SOL_PAVAGADA,PAV_S3_B02,8day,Medium-range planning outlook,ensemble scenario + analog days + climatology band,19.214,18.205,4.125,32.285,1.01,2.269,100.0,1.134,28.16,0.1244,0,0,0,GOOD,GOOD,NORMAL,normal,NORMAL_LEARNING,NO_ACTION,Weekly planning regime remains usable.,OK
2025-01-05T14:00:00,14:00,ONLINE_SOL_2025_0105_RAMP_UP,SOL_PAVAGADA,PAV_S3_B02,8day,Medium-range planning outlook,ensemble scenario + analog days + climatology band,19.006,18.061,3.981,32.141,0.945,2.282,100.0,1.141,28.16,0.1265,0,0,0,GOOD,GOOD,NORMAL,normal,NORMAL_LEARNING,NO_ACTION,Weekly planning regime remains usable.,OK
2025-01-05T14:05:00,14:05,ONLINE_SOL_2025_0105_RAMP_UP,SOL_PAVAGADA,PAV_S3_B02,8day,Medium-range planning outlook,ensemble scenario + analog days + climatology band,18.798,17.913,3.833,31.993,0.885,2.294,100.0,1.147,28.16,0.1297,0,0,0,GOOD,GOOD,NORMAL,normal,NORMAL_LEARNING,NO_ACTION,Weekly planning regime remains usable.,OK
2025-01-05T14:10:00,14:10,ONLINE_SOL_2025_0105_RAMP_UP,SOL_PAVAGADA,PAV_S3_B02,8day,Medium-range planning outlook,ensemble scenario + analog days + climatology band,18.591,17.763,3.683,31.843,0.828,2.305,100.0,1.153,28.16,0.1344,0,0,0,GOOD,GOOD,NORMAL,normal,NORMAL_LEARNING,NO_ACTION,Weekly planning regime remains usable.,OK
2025-01-05T14:15:00,14:15,ONLINE_SOL_2025_0105_RAMP_UP,SOL_PAVAGADA,PAV_S3_B02,8day,Medium-range planning outlook,ensemble scenario + analog days + climatology band,18.386,17.611,3.531,31.691,0.775,2.315,100.0,1.158,28.16,0.1413,0,0,0,GOOD,GOOD,NORMAL,normal,NORMAL_LEARNING,NO_ACTION,Weekly planning regime remains usable.,OK
2025-01-05T14:20:00,14:20,ONLINE_SOL_2025_0105_RAMP_UP,SOL_PAVAGADA,PAV_S3_B02,8day,Medium-range planning outlook,ensemble scenario + analog days + climatology band,18.184,17.462,3.382,31.542,0.722,2.324,100.0,1.162,28.16,0.1513,0,0,0,GOOD,GOOD,NORMAL,normal,NORMAL_LEARNING,NO_ACTION,Weekly planning regime remains usable.,OK
2025-01-05T14:25:00,14:25,ONLINE_SOL_2025_0105_RAMP_UP,SOL_PAVAGADA,PAV_S3_B02,8day,Medium-range planning outlook,ensemble scenario + analog days + climatology band,17.984,17.318,3.238,31.398,0.666,2.331,100.0,1.165,28.16,0.1659,0,0,0,GOOD,GOOD,NORMAL,normal,NORMAL_LEARNING,NO_ACTION,Weekly planning regime remains usable.,OK
2025-01-05T14:30:00,14:30,ONLINE_SOL_2025_0105_RAMP_UP,SOL_PAVAGADA,PAV_S3_B02,8day,Medium-range planning outlook,ensemble scenario + analog days + climatology band,17.788,17.186,3.106,31.266,0.602,2.337,100.0,1.168,28.16,0.1865,0,0,0,GOOD,GOOD,NORMAL,normal,NORMAL_LEARNING,NO_ACTION,Weekly planning regime remains usable.,OK
2025-01-05T14:35:00,14:35,ONLINE_SOL_2025_0105_RAMP_UP,SOL_PAVAGADA,PAV_S3_B02,8day,Medium-range planning outlook,ensemble scenario + analog days + climatology band,17.595,17.077,2.997,31.157,0.518,2.341,100.0,1.17,28.16,0.2154,0,0,0,GOOD,GOOD,NORMAL,normal,NORMAL_LEARNING,NO_ACTION,Weekly planning regime remains usable.,OK
2025-01-05T14:40:00,14:40,ONLINE_SOL_2025_0105_RAMP_UP,SOL_PAVAGADA,PAV_S3_B02,8day,Medium-range planning outlook,ensemble scenario + analog days + climatology band,17.407,17.004,2.924,31.084,0.403,2.342,100.0,1.171,28.16,0.2544,0,0,0,GOOD,GOOD,NORMAL,normal,NORMAL_LEARNING,NO_ACTION,Weekly planning regime remains usable.,OK
2025-01-05T14:45:00,14:45,ONLINE_SOL_2025_0105_RAMP_UP,SOL_PAVAGADA,PAV_S3_B02,8day,Medium-range planning outlook,ensemble scenario + analog days + climatology band,17.223,16.99,2.91,31.07,0.233,2.34,100.0,1.17,28.16,0.3052,0,0,0,GOOD,GOOD,NORMAL,normal,NORMAL_LEARNING,NO_ACTION,Weekly planning regime remains usable.,OK
2025-01-05T14:50:00,14:50,ONLINE_SOL_2025_0105_RAMP_UP,SOL_PAVAGADA,PAV_S3_B02,8day,Medium-range planning outlook,ensemble scenario + analog days + climatology band,17.045,17.064,2.984,31.144,-0.019,2.333,100.0,1.166,28.16,0.368,0,0,0,GOOD,GOOD,NORMAL,normal,NORMAL_LEARNING,NO_ACTION,Weekly planning regime remains usable.,OK
2025-01-05T14:55:00,14:55,ONLINE_SOL_2025_0105_RAMP_UP,SOL_PAVAGADA,PAV_S3_B02,8day,Medium-range planning outlook,ensemble scenario + analog days + climatology band,16.875,17.27,3.19,31.35,-0.395,2.333,100.0,1.158,28.16,0.441,0,0,0,GOOD,GOOD,NORMAL,normal,NORMAL_LEARNING,NO_ACTION,Weekly planning regime remains usable.,OK
2025-01-05T15:00:00,15:00,ONLINE_SOL_2025_0105_RAMP_UP,SOL_PAVAGADA,PAV_S3_B02,8day,Medium-range planning outlook,ensemble scenario + analog days + climatology band,16.716,17.661,3.581,31.741,-0.945,2.344,100.0,1.144,28.16,0.52,0,0,55,GOOD,GOOD,NORMAL,normal,NORMAL_LEARNING,NO_ACTION,Weekly planning regime remains usable.,OK
2025-01-05T15:05:00,15:05,ONLINE_SOL_2025_0105_RAMP_UP,SOL_PAVAGADA,PAV_S3_B02,8day,Medium-range planning outlook,ensemble scenario + analog days + climatology band,16.573,18.298,4.218,32.378,-1.725,2.371,100.0,1.121,28.16,0.599,0,0,55,GOOD,GOOD,NORMAL,normal,NORMAL_LEARNING,NO_ACTION,Weekly planning regime remains usable.,OK
2025-01-05T15:10:00,15:10,ONLINE_SOL_2025_0105_RAMP_UP,SOL_PAVAGADA,PAV_S3_B02,8day,Medium-range planning outlook,ensemble scenario + analog days + climatology band,16.455,19.231,5.151,33.311,-2.777,2.419,100.0,1.087,28.16,0.672,25,0,55,GOOD,GOOD,NORMAL,normal,PRE_EVENT_RAMP_WARNING_LEARNED,NO_ACTION,Weekly planning regime remains usable.,OK
2025-01-05T15:15:00,15:15,ONLINE_SOL_2025_0105_RAMP_UP,SOL_PAVAGADA,PAV_S3_B02,8day,Medium-range planning outlook,ensemble scenario + analog days + climatology band,16.374,20.476,6.396,34.556,-4.102,2.494,100.0,1.039,28.16,0.7348,20,0,55,GOOD,GOOD,NORMAL,normal,PRE_EVENT_RAMP_WARNING_LEARNED,NO_ACTION,Weekly planning regime remains usable.,OK
2025-01-05T15:20:00,15:20,ONLINE_SOL_2025_0105_RAMP_UP,SOL_PAVAGADA,PAV_S3_B02,8day,Medium-range planning outlook,ensemble scenario + analog days + climatology band,16.35,21.976,1.56,42.392,-5.626,2.599,100.0,0.975,40.832,0.7856,15,35,55,GOOD,GOOD,ANOMALOUS,weather,PRE_EVENT_RAMP_WARNING_LEARNED,NO_ACTION,Weekly planning regime remains usable.,OK
2025-01-05T15:25:00,15:25,ONLINE_SOL_2025_0105_RAMP_UP,SOL_PAVAGADA,PAV_S3_B02,8day,Medium-range planning outlook,ensemble scenario + analog days + climatology band,16.412,23.594,3.178,44.01,-7.183,2.736,100.0,0.894,40.832,0.8246,10,35,55,GOOD,GOOD,ANOMALOUS,weather,PRE_EVENT_RAMP_WARNING_LEARNED,NO_ACTION,Weekly planning regime remains usable.,OK
2025-01-05T15:30:00,15:30,ONLINE_SOL_2025_0105_RAMP_UP,SOL_PAVAGADA,PAV_S3_B02,8day,Medium-range planning outlook,ensemble scenario + analog days + climatology band,16.598,25.136,4.72,45.552,-8.539,2.9,100.0,0.798,40.832,0.8535,5,35,55,GOOD,GOOD,ANOMALOUS,weather,PRE_EVENT_RAMP_WARNING_LEARNED,NO_ACTION,Weekly planning regime remains usable.,OK
2025-01-05T15:35:00,15:35,ONLINE_SOL_2025_0105_RAMP_UP,SOL_PAVAGADA,PAV_S3_B02,8day,Medium-range planning outlook,ensemble scenario + analog days + climatology band,16.959,26.422,6.006,46.838,-9.463,3.083,100.0,0.692,40.832,0.8741,0,35,82,GOOD,GOOD,ANOMALOUS,weather,ACTUAL_RAMP_CONFIRMED,NO_ACTION,Weekly planning regime remains usable.,OK
2025-01-05T15:40:00,15:40,ONLINE_SOL_2025_0105_RAMP_UP,SOL_PAVAGADA,PAV_S3_B02,8day,Medium-range planning outlook,ensemble scenario + analog days + climatology band,17.551,27.344,6.928,47.76,-9.793,3.27,100.0,0.582,40.832,0.8887,0,35,82,GOOD,GOOD,ANOMALOUS,weather,ACTUAL_RAMP_CONFIRMED,NO_ACTION,Weekly planning regime remains usable.,OK
2025-01-05T15:45:00,15:45,ONLINE_SOL_2025_0105_RAMP_UP,SOL_PAVAGADA,PAV_S3_B02,8day,Medium-range planning outlook,ensemble scenario + analog days + climatology band,18.42,27.883,7.467,48.299,-9.463,3.45,100.0,0.474,40.832,0.8987,0,35,82,GOOD,GOOD,ANOMALOUS,weather,ACTUAL_RAMP_CONFIRMED,NO_ACTION,Weekly planning regime remains usable.,OK
2025-01-05T15:50:00,15:50,ONLINE_SOL_2025_0105_RAMP_UP,SOL_PAVAGADA,PAV_S3_B02,8day,Medium-range planning outlook,ensemble scenario + analog days + climatology band,19.578,28.084,7.668,48.5,-8.506,3.608,100.0,0.376,40.832,0.9056,0,35,82,GOOD,GOOD,ANOMALOUS,weather,ACTUAL_RAMP_CONFIRMED,NO_ACTION,Weekly planning regime remains usable.,OK
2025-01-05T15:55:00,15:55,ONLINE_SOL_2025_0105_RAMP_UP,SOL_PAVAGADA,PAV_S3_B02,8day,Medium-range planning outlook,ensemble scenario + analog days + climatology band,20.966,28.017,7.601,48.433,-7.052,3.735,100.0,0.293,40.832,0.9103,0,35,82,GOOD,GOOD,ANOMALOUS,weather,ACTUAL_RAMP_CONFIRMED,NO_ACTION,Weekly planning regime remains usable.,OK
2025-01-05T16:00:00,16:00,ONLINE_SOL_2025_0105_RAMP_UP,SOL_PAVAGADA,PAV_S3_B02,8day,Medium-range planning outlook,ensemble scenario + analog days + climatology band,22.448,27.754,7.338,48.17,-5.306,3.824,100.0,0.227,40.832,0.9135,0,35,82,GOOD,GOOD,ANOMALOUS,weather,ACTUAL_RAMP_CONFIRMED,NO_ACTION,Weekly planning regime remains usable.,OK
2025-01-05T16:05:00,16:05,ONLINE_SOL_2025_0105_RAMP_UP,SOL_PAVAGADA,PAV_S3_B02,8day,Medium-range planning outlook,ensemble scenario + analog days + climatology band,23.836,27.352,6.936,47.768,-3.516,3.874,100.0,0.179,40.832,0.9156,0,35,82,GOOD,GOOD,ANOMALOUS,weather,ACTUAL_RAMP_CONFIRMED,NO_ACTION,Weekly planning regime remains usable.,OK
2025-01-05T16:10:00,16:10,ONLINE_SOL_2025_0105_RAMP_UP,SOL_PAVAGADA,PAV_S3_B02,8day,Medium-range planning outlook,ensemble scenario + analog days + climatology band,24.958,26.854,6.438,47.27,-1.896,3.889,100.0,0.147,40.832,0.9171,0,35,82,GOOD,GOOD,ANOMALOUS,weather,ACTUAL_RAMP_CONFIRMED,NO_ACTION,Weekly planning regime remains usable.,OK
2025-01-05T16:15:00,16:15,ONLINE_SOL_2025_0105_RAMP_UP,SOL_PAVAGADA,PAV_S3_B02,8day,Medium-range planning outlook,ensemble scenario + analog days + climatology band,25.711,26.29,5.874,46.706,-0.58,3.876,100.0,0.128,40.832,0.918,0,35,82,GOOD,GOOD,ANOMALOUS,weather,ACTUAL_RAMP_CONFIRMED,NO_ACTION,Weekly planning regime remains usable.,OK
2025-01-05T16:20:00,16:20,ONLINE_SOL_2025_0105_RAMP_UP,SOL_PAVAGADA,PAV_S3_B02,8day,Medium-range planning outlook,ensemble scenario + analog days + climatology band,26.079,25.681,5.265,46.097,0.398,3.857,100.0,0.119,40.832,0.9187,0,35,82,GOOD,GOOD,ANOMALOUS,weather,ACTUAL_RAMP_CONFIRMED,NO_ACTION,Weekly planning regime remains usable.,OK
2025-01-05T16:25:00,16:25,ONLINE_SOL_2025_0105_RAMP_UP,SOL_PAVAGADA,PAV_S3_B02,8day,Medium-range planning outlook,ensemble scenario + analog days + climatology band,26.108,25.038,4.622,45.454,1.07,3.852,100.0,0.116,40.832,0.9191,0,35,82,GOOD,GOOD,ANOMALOUS,weather,ACTUAL_RAMP_CONFIRMED,NO_ACTION,Weekly planning regime remains usable.,OK
2025-01-05T16:30:00,16:30,ONLINE_SOL_2025_0105_RAMP_UP,SOL_PAVAGADA,PAV_S3_B02,8day,Medium-range planning outlook,ensemble scenario + analog days + climatology band,25.869,24.371,3.955,44.787,1.497,3.854,100.0,0.117,40.832,0.9194,0,35,82,GOOD,GOOD,ANOMALOUS,weather,ACTUAL_RAMP_CONFIRMED,NO_ACTION,Weekly planning regime remains usable.,OK
2025-01-05T16:35:00,16:35,ONLINE_SOL_2025_0105_RAMP_UP,SOL_PAVAGADA,PAV_S3_B02,8day,Medium-range planning outlook,ensemble scenario + analog days + climatology band,25.429,23.685,3.269,44.101,1.744,3.861,100.0,0.12,40.832,0.9196,0,35,82,GOOD,GOOD,ANOMALOUS,weather,ACTUAL_RAMP_CONFIRMED,NO_ACTION,Weekly planning regime remains usable.,OK
2025-01-05T16:40:00,16:40,ONLINE_SOL_2025_0105_RAMP_UP,SOL_PAVAGADA,PAV_S3_B02,8day,Medium-range planning outlook,ensemble scenario + analog days + climatology band,24.848,22.984,2.568,43.4,1.863,3.869,100.0,0.125,40.832,0.9197,0,35,82,GOOD,GOOD,ANOMALOUS,weather,ACTUAL_RAMP_CONFIRMED,NO_ACTION,Weekly planning regime remains usable.,OK
2025-01-05T16:45:00,16:45,ONLINE_SOL_2025_0105_RAMP_UP,SOL_PAVAGADA,PAV_S3_B02,8day,Medium-range planning outlook,ensemble scenario + analog days + climatology band,24.166,22.27,1.854,42.686,1.896,3.878,100.0,0.129,40.832,0.9198,0,35,82,GOOD,GOOD,ANOMALOUS,weather,ACTUAL_RAMP_CONFIRMED,NO_ACTION,Weekly planning regime remains usable.,OK
2025-01-05T16:50:00,16:50,ONLINE_SOL_2025_0105_RAMP_UP,SOL_PAVAGADA,PAV_S3_B02,8day,Medium-range planning outlook,ensemble scenario + analog days + climatology band,23.415,21.544,1.128,41.96,1.871,3.886,100.0,0.133,40.832,0.9199,0,35,82,GOOD,GOOD,ANOMALOUS,weather,ACTUAL_RAMP_CONFIRMED,NO_ACTION,Weekly planning regime remains usable.,OK
2025-01-05T16:55:00,16:55,ONLINE_SOL_2025_0105_RAMP_UP,SOL_PAVAGADA,PAV_S3_B02,8day,Medium-range planning outlook,ensemble scenario + analog days + climatology band,22.616,20.808,0.392,41.224,1.808,3.892,100.0,0.136,40.832,0.9199,0,35,82,GOOD,GOOD,ANOMALOUS,weather,ACTUAL_RAMP_CONFIRMED,NO_ACTION,Weekly planning regime remains usable.,OK
2025-01-05T17:00:00,17:00,ONLINE_SOL_2025_0105_RAMP_UP,SOL_PAVAGADA,PAV_S3_B02,8day,Medium-range planning outlook,ensemble scenario + analog days + climatology band,21.781,20.061,0,40.477,1.72,3.897,100.0,0.138,40.477,0.9199,0,35,82,GOOD,GOOD,ANOMALOUS,weather,ACTUAL_RAMP_CONFIRMED,NO_ACTION,Weekly planning regime remains usable.,OK
2025-01-05T17:05:00,17:05,ONLINE_SOL_2025_0105_RAMP_UP,SOL_PAVAGADA,PAV_S3_B02,8day,Medium-range planning outlook,ensemble scenario + analog days + climatology band,20.922,19.306,0,39.722,1.616,3.899,100.0,0.139,39.722,0.92,0,35,82,GOOD,GOOD,ANOMALOUS,weather,ACTUAL_RAMP_CONFIRMED,NO_ACTION,Weekly planning regime remains usable.,OK
2025-01-05T17:10:00,17:10,ONLINE_SOL_2025_0105_RAMP_UP,SOL_PAVAGADA,PAV_S3_B02,8day,Medium-range planning outlook,ensemble scenario + analog days + climatology band,20.045,18.541,0,38.957,1.504,3.9,100.0,0.14,38.957,0.92,0,35,82,GOOD,GOOD,ANOMALOUS,weather,ACTUAL_RAMP_CONFIRMED,NO_ACTION,Weekly planning regime remains usable.,OK
2025-01-05T17:15:00,17:15,ONLINE_SOL_2025_0105_RAMP_UP,SOL_PAVAGADA,PAV_S3_B02,8day,Medium-range planning outlook,ensemble scenario + analog days + climatology band,19.154,17.768,3.688,31.848,1.387,3.898,100.0,0.139,28.16,0.92,0,0,82,GOOD,GOOD,NORMAL,normal,NORMAL_LEARNING,NO_ACTION,Weekly planning regime remains usable.,OK
2025-01-05T17:20:00,17:20,ONLINE_SOL_2025_0105_RAMP_UP,SOL_PAVAGADA,PAV_S3_B02,8day,Medium-range planning outlook,ensemble scenario + analog days + climatology band,18.255,16.986,2.906,31.066,1.269,3.895,100.0,0.137,28.16,0.92,0,0,82,GOOD,GOOD,NORMAL,normal,NORMAL_LEARNING,NO_ACTION,Weekly planning regime remains usable.,OK
2025-01-05T17:25:00,17:25,ONLINE_SOL_2025_0105_RAMP_UP,SOL_PAVAGADA,PAV_S3_B02,8day,Medium-range planning outlook,ensemble scenario + analog days + climatology band,17.35,16.196,2.116,30.276,1.154,3.89,100.0,0.135,28.16,0.92,0,0,82,GOOD,GOOD,NORMAL,normal,NORMAL_LEARNING,NO_ACTION,Weekly planning regime remains usable.,OK
2025-01-05T17:30:00,17:30,ONLINE_SOL_2025_0105_RAMP_UP,SOL_PAVAGADA,PAV_S3_B02,8day,Medium-range planning outlook,ensemble scenario + analog days + climatology band,16.44,15.399,1.319,29.479,1.042,3.884,100.0,0.132,28.16,0.92,0,0,82,GOOD,GOOD,NORMAL,normal,NORMAL_LEARNING,NO_ACTION,Weekly planning regime remains usable.,OK
2025-01-05T17:35:00,17:35,ONLINE_SOL_2025_0105_RAMP_UP,SOL_PAVAGADA,PAV_S3_B02,8day,Medium-range planning outlook,ensemble scenario + analog days + climatology band,15.529,14.593,0.513,28.673,0.936,3.877,100.0,0.128,28.16,0.92,0,0,82,GOOD,GOOD,NORMAL,normal,NORMAL_LEARNING,NO_ACTION,Weekly planning regime remains usable.,OK
2025-01-05T17:40:00,17:40,ONLINE_SOL_2025_0105_RAMP_UP,SOL_PAVAGADA,PAV_S3_B02,8day,Medium-range planning outlook,ensemble scenario + analog days + climatology band,14.617,13.781,0,27.861,0.836,3.868,100.0,0.124,27.861,0.92,0,0,82,GOOD,GOOD,NORMAL,normal,NORMAL_LEARNING,NO_ACTION,Weekly planning regime remains usable.,OK
2025-01-05T17:45:00,17:45,ONLINE_SOL_2025_0105_RAMP_UP,SOL_PAVAGADA,PAV_S3_B02,8day,Medium-range planning outlook,ensemble scenario + analog days + climatology band,13.705,12.961,0,27.041,0.743,3.859,100.0,0.119,27.041,0.92,0,0,82,GOOD,GOOD,NORMAL,normal,NORMAL_LEARNING,NO_ACTION,Weekly planning regime remains usable.,OK
2025-01-05T17:50:00,17:50,ONLINE_SOL_2025_0105_RAMP_UP,SOL_PAVAGADA,PAV_S3_B02,8day,Medium-range planning outlook,ensemble scenario + analog days + climatology band,12.794,12.135,0,26.215,0.659,3.849,100.0,0.114,26.215,0.92,0,0,82,GOOD,GOOD,NORMAL,normal,NORMAL_LEARNING,NO_ACTION,Weekly planning regime remains usable.,OK
2025-01-05T17:55:00,17:55,ONLINE_SOL_2025_0105_RAMP_UP,SOL_PAVAGADA,PAV_S3_B02,8day,Medium-range planning outlook,ensemble scenario + analog days + climatology band,11.885,11.302,0,25.382,0.582,3.838,100.0,0.109,25.382,0.92,0,0,82,GOOD,GOOD,NORMAL,normal,NORMAL_LEARNING,NO_ACTION,Weekly planning regime remains usable.,OK
2025-01-05T18:00:00,18:00,ONLINE_SOL_2025_0105_RAMP_UP,SOL_PAVAGADA,PAV_S3_B02,8day,Medium-range planning outlook,ensemble scenario + analog days + climatology band,10.977,10.463,0,24.543,0.514,3.827,100.0,0.104,24.543,0.92,0,0,82,GOOD,GOOD,NORMAL,normal,NORMAL_LEARNING,NO_ACTION,Weekly planning regime remains usable.,OK
2025-01-05T18:05:00,18:05,ONLINE_SOL_2025_0105_RAMP_UP,SOL_PAVAGADA,PAV_S3_B02,8day,Medium-range planning outlook,ensemble scenario + analog days + climatology band,10.07,9.618,0,23.698,0.453,3.816,100.0,0.098,23.698,0.92,0,0,82,GOOD,GOOD,NORMAL,normal,NORMAL_LEARNING,NO_ACTION,Weekly planning regime remains usable.,OK
2025-01-05T18:10:00,18:10,ONLINE_SOL_2025_0105_RAMP_UP,SOL_PAVAGADA,PAV_S3_B02,8day,Medium-range planning outlook,ensemble scenario + analog days + climatology band,9.165,8.767,0,22.847,0.399,3.805,100.0,0.092,22.847,0.92,0,0,82,GOOD,GOOD,NORMAL,normal,NORMAL_LEARNING,NO_ACTION,Weekly planning regime remains usable.,OK
2025-01-05T18:15:00,18:15,ONLINE_SOL_2025_0105_RAMP_UP,SOL_PAVAGADA,PAV_S3_B02,8day,Medium-range planning outlook,ensemble scenario + analog days + climatology band,8.261,7.91,0,21.99,0.351,3.793,100.0,0.086,21.99,0.92,0,0,82,GOOD,GOOD,NORMAL,normal,NORMAL_LEARNING,NO_ACTION,Weekly planning regime remains usable.,OK
2025-01-05T18:20:00,18:20,ONLINE_SOL_2025_0105_RAMP_UP,SOL_PAVAGADA,PAV_S3_B02,8day,Medium-range planning outlook,ensemble scenario + analog days + climatology band,7.356,7.048,0,21.128,0.308,3.781,100.0,0.081,21.128,0.92,0,0,82,GOOD,GOOD,NORMAL,normal,NORMAL_LEARNING,NO_ACTION,Weekly planning regime remains usable.,OK
2025-01-05T18:25:00,18:25,ONLINE_SOL_2025_0105_RAMP_UP,SOL_PAVAGADA,PAV_S3_B02,8day,Medium-range planning outlook,ensemble scenario + analog days + climatology band,6.45,6.182,0,20.262,0.269,3.769,100.0,0.074,20.262,0.92,0,0,82,GOOD,GOOD,NORMAL,normal,NORMAL_LEARNING,NO_ACTION,Weekly planning regime remains usable.,OK
2025-01-05T18:30:00,18:30,ONLINE_SOL_2025_0105_RAMP_UP,SOL_PAVAGADA,PAV_S3_B02,8day,Medium-range planning outlook,ensemble scenario + analog days + climatology band,5.543,5.31,0,19.39,0.233,3.756,100.0,0.068,19.39,0.92,0,0,82,GOOD,GOOD,NORMAL,normal,NORMAL_LEARNING,NO_ACTION,Weekly planning regime remains usable.,OK
2025-01-05T18:35:00,18:35,ONLINE_SOL_2025_0105_RAMP_UP,SOL_PAVAGADA,PAV_S3_B02,8day,Medium-range planning outlook,ensemble scenario + analog days + climatology band,4.632,4.434,0,18.514,0.198,3.743,100.0,0.062,18.514,0.92,0,0,82,GOOD,GOOD,NORMAL,normal,NORMAL_LEARNING,NO_ACTION,Weekly planning regime remains usable.,OK
2025-01-05T18:40:00,18:40,ONLINE_SOL_2025_0105_RAMP_UP,SOL_PAVAGADA,PAV_S3_B02,8day,Medium-range planning outlook,ensemble scenario + analog days + climatology band,3.718,3.555,0,17.635,0.163,3.729,100.0,0.055,17.635,0.92,0,0,82,GOOD,GOOD,NORMAL,normal,NORMAL_LEARNING,NO_ACTION,Weekly planning regime remains usable.,OK
2025-01-05T18:45:00,18:45,ONLINE_SOL_2025_0105_RAMP_UP,SOL_PAVAGADA,PAV_S3_B02,8day,Medium-range planning outlook,ensemble scenario + analog days + climatology band,2.798,2.671,0,16.751,0.127,3.715,100.0,0.047,16.751,0.92,0,0,82,GOOD,GOOD,NORMAL,normal,NORMAL_LEARNING,NO_ACTION,Weekly planning regime remains usable.,OK
2025-01-05T18:50:00,18:50,ONLINE_SOL_2025_0105_RAMP_UP,SOL_PAVAGADA,PAV_S3_B02,8day,Medium-range planning outlook,ensemble scenario + analog days + climatology band,1.872,1.784,0,15.864,0.089,3.699,100.0,0.039,15.864,0.92,0,0,82,GOOD,GOOD,NORMAL,normal,NORMAL_LEARNING,NO_ACTION,Weekly planning regime remains usable.,OK
2025-01-05T18:55:00,18:55,ONLINE_SOL_2025_0105_RAMP_UP,SOL_PAVAGADA,PAV_S3_B02,8day,Medium-range planning outlook,ensemble scenario + analog days + climatology band,0.94,0.893,0,14.973,0.047,3.681,100.0,0.03,14.973,0.92,0,0,82,GOOD,GOOD,NORMAL,normal,NORMAL_LEARNING,NO_ACTION,Weekly planning regime remains usable.,OK
2025-01-05T19:00:00,19:00,ONLINE_SOL_2025_0105_RAMP_UP,SOL_PAVAGADA,PAV_S3_B02,8day,Medium-range planning outlook,ensemble scenario + analog days + climatology band,0.0,0.0,0,14.08,0.0,3.662,100.0,0.021,14.08,0.92,0,0,82,GOOD,GOOD,NORMAL,normal,NORMAL_LEARNING,NO_ACTION,Weekly planning regime remains usable.,OK
2025-01-05T05:00:00,05:00,ONLINE_SOL_2025_0105_RAMP_UP,WND_GADAG,WND_G1_T01,5min,Real-time nowcast / control-room forecast,persistence + ramp-rate correction + SCADA quality gate,0.000,0.000,0.000,0.640,0.0,0.0,100.0,0.0,2.56,0.12,0,0,0,GOOD,GOOD,NORMAL,normal,NORMAL_LEARNING,NO_ACTION,Continue normal wind nowcast update.,OK
2025-01-05T05:05:00,05:05,ONLINE_SOL_2025_0105_RAMP_UP,WND_GADAG,WND_G1_T01,5min,Real-time nowcast / control-room forecast,persistence + ramp-rate correction + SCADA quality gate,0.110,0.109,0.000,0.749,0.004,0.004,100.0,0.002,2.997,0.12,0,0,0,GOOD,GOOD,NORMAL,normal,NORMAL_LEARNING,NO_ACTION,Continue normal wind nowcast update.,OK
2025-01-05T05:10:00,05:10,ONLINE_SOL_2025_0105_RAMP_UP,WND_GADAG,WND_G1_T01,5min,Real-time nowcast / control-room forecast,persistence + ramp-rate correction + SCADA quality gate,0.220,0.218,0.000,0.858,0.006,0.006,100.0,0.003,3.432,0.12,0,0,0,GOOD,GOOD,NORMAL,normal,NORMAL_LEARNING,NO_ACTION,Continue normal wind nowcast update.,OK
2025-01-05T05:15:00,05:15,ONLINE_SOL_2025_0105_RAMP_UP,WND_GADAG,WND_G1_T01,5min,Real-time nowcast / control-room forecast,persistence + ramp-rate correction + SCADA quality gate,0.328,0.327,0.000,0.967,0.006,0.008,100.0,0.004,3.866,0.12,0,0,0,GOOD,GOOD,NORMAL,normal,NORMAL_LEARNING,NO_ACTION,Continue normal wind nowcast update.,OK
2025-01-05T05:20:00,05:20,ONLINE_SOL_2025_0105_RAMP_UP,WND_GADAG,WND_G1_T01,5min,Real-time nowcast / control-room forecast,persistence + ramp-rate correction + SCADA quality gate,0.436,0.435,0.000,1.075,0.004,0.008,100.0,0.004,4.299,0.12,0,0,0,GOOD,GOOD,NORMAL,normal,NORMAL_LEARNING,NO_ACTION,Continue normal wind nowcast update.,OK
2025-01-05T05:25:00,05:25,ONLINE_SOL_2025_0105_RAMP_UP,WND_GADAG,WND_G1_T01,5min,Real-time nowcast / control-room forecast,persistence + ramp-rate correction + SCADA quality gate,0.542,0.542,0.000,1.182,-0.0,0.007,100.0,0.003,4.729,0.12,0,0,0,GOOD,GOOD,NORMAL,normal,NORMAL_LEARNING,NO_ACTION,Continue normal wind nowcast update.,OK
2025-01-05T05:30:00,05:30,ONLINE_SOL_2025_0105_RAMP_UP,WND_GADAG,WND_G1_T01,5min,Real-time nowcast / control-room forecast,persistence + ramp-rate correction + SCADA quality gate,0.647,0.649,0.009,1.289,-0.007,0.009,100.0,0.002,5.12,0.12,0,0,0,GOOD,GOOD,NORMAL,normal,NORMAL_LEARNING,NO_ACTION,Continue normal wind nowcast update.,OK
2025-01-05T05:35:00,05:35,ONLINE_SOL_2025_0105_RAMP_UP,WND_GADAG,WND_G1_T01,5min,Real-time nowcast / control-room forecast,persistence + ramp-rate correction + SCADA quality gate,0.751,0.756,0.116,1.396,-0.018,0.014,100.0,-0.002,5.12,0.12,0,0,0,GOOD,GOOD,NORMAL,normal,NORMAL_LEARNING,NO_ACTION,Continue normal wind nowcast update.,OK
2025-01-05T05:40:00,05:40,ONLINE_SOL_2025_0105_RAMP_UP,WND_GADAG,WND_G1_T01,5min,Real-time nowcast / control-room forecast,persistence + ramp-rate correction + SCADA quality gate,0.854,0.862,0.222,1.502,-0.032,0.023,100.0,-0.008,5.12,0.12,0,0,0,GOOD,GOOD,NORMAL,normal,NORMAL_LEARNING,NO_ACTION,Continue normal wind nowcast update.,OK
2025-01-05T05:45:00,05:45,ONLINE_SOL_2025_0105_RAMP_UP,WND_GADAG,WND_G1_T01,5min,Real-time nowcast / control-room forecast,persistence + ramp-rate correction + SCADA quality gate,0.955,0.967,0.327,1.607,-0.048,0.037,100.0,-0.017,5.12,0.12,0,0,0,GOOD,GOOD,NORMAL,normal,NORMAL_LEARNING,NO_ACTION,Continue normal wind nowcast update.,OK
2025-01-05T05:50:00,05:50,ONLINE_SOL_2025_0105_RAMP_UP,WND_GADAG,WND_G1_T01,5min,Real-time nowcast / control-room forecast,persistence + ramp-rate correction + SCADA quality gate,1.055,1.072,0.432,1.712,-0.068,0.058,100.0,-0.029,5.12,0.12,0,0,0,GOOD,GOOD,NORMAL,normal,NORMAL_LEARNING,NO_ACTION,Continue normal wind nowcast update.,OK
2025-01-05T05:55:00,05:55,ONLINE_SOL_2025_0105_RAMP_UP,WND_GADAG,WND_G1_T01,5min,Real-time nowcast / control-room forecast,persistence + ramp-rate correction + SCADA quality gate,1.153,1.176,0.536,1.816,-0.09,0.088,100.0,-0.044,5.12,0.12,0,0,0,GOOD,GOOD,NORMAL,normal,NORMAL_LEARNING,NO_ACTION,Continue normal wind nowcast update.,OK
2025-01-05T06:00:00,06:00,ONLINE_SOL_2025_0105_RAMP_UP,WND_GADAG,WND_G1_T01,5min,Real-time nowcast / control-room forecast,persistence + ramp-rate correction + SCADA quality gate,1.251,1.280,0.639,1.919,-0.115,0.124,100.0,-0.062,5.12,0.12,0,0,0,GOOD,GOOD,NORMAL,normal,NORMAL_LEARNING,NO_ACTION,Continue normal wind nowcast update.,OK
2025-01-05T06:05:00,06:05,ONLINE_SOL_2025_0105_RAMP_UP,WND_GADAG,WND_G1_T01,5min,Real-time nowcast / control-room forecast,persistence + ramp-rate correction + SCADA quality gate,1.347,1.382,0.742,2.022,-0.142,0.165,100.0,-0.083,5.12,0.12,0,0,0,GOOD,GOOD,NORMAL,normal,NORMAL_LEARNING,NO_ACTION,Continue normal wind nowcast update.,OK
2025-01-05T06:10:00,06:10,ONLINE_SOL_2025_0105_RAMP_UP,WND_GADAG,WND_G1_T01,5min,Real-time nowcast / control-room forecast,persistence + ramp-rate correction + SCADA quality gate,1.442,1.484,0.844,2.124,-0.17,0.211,100.0,-0.106,5.12,0.12,0,0,0,GOOD,GOOD,NORMAL,normal,NORMAL_LEARNING,NO_ACTION,Continue normal wind nowcast update.,OK
2025-01-05T06:15:00,06:15,ONLINE_SOL_2025_0105_RAMP_UP,WND_GADAG,WND_G1_T01,5min,Real-time nowcast / control-room forecast,persistence + ramp-rate correction + SCADA quality gate,1.535,1.585,0.945,2.225,-0.198,0.261,100.0,-0.131,5.12,0.12,0,0,0,GOOD,GOOD,NORMAL,normal,NORMAL_LEARNING,NO_ACTION,Continue normal wind nowcast update.,OK
2025-01-05T06:20:00,06:20,ONLINE_SOL_2025_0105_RAMP_UP,WND_GADAG,WND_G1_T01,5min,Real-time nowcast / control-room forecast,persistence + ramp-rate correction + SCADA quality gate,1.629,1.685,1.045,2.325,-0.227,0.314,100.0,-0.157,5.12,0.12,0,0,0,GOOD,GOOD,NORMAL,normal,NORMAL_LEARNING,NO_ACTION,Continue normal wind nowcast update.,OK
2025-01-05T06:25:00,06:25,ONLINE_SOL_2025_0105_RAMP_UP,WND_GADAG,WND_G1_T01,5min,Real-time nowcast / control-room forecast,persistence + ramp-rate correction + SCADA quality gate,1.721,1.784,1.145,2.425,-0.255,0.369,100.0,-0.185,5.12,0.12,0,0,0,GOOD,GOOD,NORMAL,normal,NORMAL_LEARNING,NO_ACTION,Continue normal wind nowcast update.,OK
2025-01-05T06:30:00,06:30,ONLINE_SOL_2025_0105_RAMP_UP,WND_GADAG,WND_G1_T01,5min,Real-time nowcast / control-room forecast,persistence + ramp-rate correction + SCADA quality gate,1.813,1.883,1.243,2.523,-0.282,0.425,100.0,-0.212,5.12,0.12,0,0,0,GOOD,GOOD,NORMAL,normal,NORMAL_LEARNING,NO_ACTION,Continue normal wind nowcast update.,OK
2025-01-05T06:35:00,06:35,ONLINE_SOL_2025_0105_RAMP_UP,WND_GADAG,WND_G1_T01,5min,Real-time nowcast / control-room forecast,persistence + ramp-rate correction + SCADA quality gate,1.904,1.980,1.341,2.620,-0.307,0.48,100.0,-0.24,5.12,0.12,0,0,0,GOOD,GOOD,NORMAL,normal,NORMAL_LEARNING,NO_ACTION,Continue normal wind nowcast update.,OK
2025-01-05T06:40:00,06:40,ONLINE_SOL_2025_0105_RAMP_UP,WND_GADAG,WND_G1_T01,5min,Real-time nowcast / control-room forecast,persistence + ramp-rate correction + SCADA quality gate,1.995,2.077,1.437,2.717,-0.329,0.533,100.0,-0.266,5.12,0.12,0,0,0,GOOD,GOOD,NORMAL,normal,NORMAL_LEARNING,NO_ACTION,Continue normal wind nowcast update.,OK
2025-01-05T06:45:00,06:45,ONLINE_SOL_2025_0105_RAMP_UP,WND_GADAG,WND_G1_T01,5min,Real-time nowcast / control-room forecast,persistence + ramp-rate correction + SCADA quality gate,2.086,2.173,1.533,2.813,-0.347,0.583,100.0,-0.291,5.12,0.12,0,0,0,GOOD,GOOD,NORMAL,normal,NORMAL_LEARNING,NO_ACTION,Continue normal wind nowcast update.,OK
2025-01-05T06:50:00,06:50,ONLINE_SOL_2025_0105_RAMP_UP,WND_GADAG,WND_G1_T01,5min,Real-time nowcast / control-room forecast,persistence + ramp-rate correction + SCADA quality gate,2.177,2.267,1.627,2.907,-0.362,0.627,100.0,-0.314,5.12,0.12,0,0,0,GOOD,GOOD,NORMAL,normal,NORMAL_LEARNING,NO_ACTION,Continue normal wind nowcast update.,OK
2025-01-05T06:55:00,06:55,ONLINE_SOL_2025_0105_RAMP_UP,WND_GADAG,WND_G1_T01,5min,Real-time nowcast / control-room forecast,persistence + ramp-rate correction + SCADA quality gate,2.268,2.361,1.721,3.001,-0.372,0.666,100.0,-0.333,5.12,0.12,0,0,0,GOOD,GOOD,NORMAL,normal,NORMAL_LEARNING,NO_ACTION,Continue normal wind nowcast update.,OK
2025-01-05T07:00:00,07:00,ONLINE_SOL_2025_0105_RAMP_UP,WND_GADAG,WND_G1_T01,5min,Real-time nowcast / control-room forecast,persistence + ramp-rate correction + SCADA quality gate,2.359,2.454,1.813,3.094,-0.377,0.698,100.0,-0.349,5.12,0.12,0,0,0,GOOD,GOOD,NORMAL,normal,NORMAL_LEARNING,NO_ACTION,Continue normal wind nowcast update.,OK
2025-01-05T07:05:00,07:05,ONLINE_SOL_2025_0105_RAMP_UP,WND_GADAG,WND_G1_T01,5min,Real-time nowcast / control-room forecast,persistence + ramp-rate correction + SCADA quality gate,2.450,2.545,1.905,3.185,-0.377,0.721,100.0,-0.361,5.12,0.12,0,0,0,GOOD,GOOD,NORMAL,normal,NORMAL_LEARNING,NO_ACTION,Continue normal wind nowcast update.,OK
2025-01-05T07:10:00,07:10,ONLINE_SOL_2025_0105_RAMP_UP,WND_GADAG,WND_G1_T01,5min,Real-time nowcast / control-room forecast,persistence + ramp-rate correction + SCADA quality gate,2.542,2.635,1.995,3.275,-0.372,0.736,100.0,-0.368,5.12,0.12,0,0,0,GOOD,GOOD,NORMAL,normal,NORMAL_LEARNING,NO_ACTION,Continue normal wind nowcast update.,OK
2025-01-05T07:15:00,07:15,ONLINE_SOL_2025_0105_RAMP_UP,WND_GADAG,WND_G1_T01,5min,Real-time nowcast / control-room forecast,persistence + ramp-rate correction + SCADA quality gate,2.634,2.724,2.084,3.364,-0.361,0.74,100.0,-0.37,5.12,0.12,0,0,0,GOOD,GOOD,NORMAL,normal,NORMAL_LEARNING,NO_ACTION,Continue normal wind nowcast update.,OK
2025-01-05T07:20:00,07:20,ONLINE_SOL_2025_0105_RAMP_UP,WND_GADAG,WND_G1_T01,5min,Real-time nowcast / control-room forecast,persistence + ramp-rate correction + SCADA quality gate,2.726,2.813,2.172,3.453,-0.344,0.734,100.0,-0.367,5.12,0.12,0,0,0,GOOD,GOOD,NORMAL,normal,NORMAL_LEARNING,NO_ACTION,Continue normal wind nowcast update.,OK
2025-01-05T07:25:00,07:25,ONLINE_SOL_2025_0105_RAMP_UP,WND_GADAG,WND_G1_T01,5min,Real-time nowcast / control-room forecast,persistence + ramp-rate correction + SCADA quality gate,2.818,2.899,2.259,3.539,-0.323,0.718,100.0,-0.359,5.12,0.12,0,0,0,GOOD,GOOD,NORMAL,normal,NORMAL_LEARNING,NO_ACTION,Continue normal wind nowcast update.,OK
2025-01-05T07:30:00,07:30,ONLINE_SOL_2025_0105_RAMP_UP,WND_GADAG,WND_G1_T01,5min,Real-time nowcast / control-room forecast,persistence + ramp-rate correction + SCADA quality gate,2.911,2.985,2.345,3.625,-0.296,0.691,100.0,-0.346,5.12,0.12,0,0,0,GOOD,GOOD,NORMAL,normal,NORMAL_LEARNING,NO_ACTION,Continue normal wind nowcast update.,OK
2025-01-05T07:35:00,07:35,ONLINE_SOL_2025_0105_RAMP_UP,WND_GADAG,WND_G1_T01,5min,Real-time nowcast / control-room forecast,persistence + ramp-rate correction + SCADA quality gate,3.003,3.069,2.429,3.709,-0.266,0.654,100.0,-0.327,5.12,0.12,0,0,0,GOOD,GOOD,NORMAL,normal,NORMAL_LEARNING,NO_ACTION,Continue normal wind nowcast update.,OK
2025-01-05T07:40:00,07:40,ONLINE_SOL_2025_0105_RAMP_UP,WND_GADAG,WND_G1_T01,5min,Real-time nowcast / control-room forecast,persistence + ramp-rate correction + SCADA quality gate,3.095,3.152,2.513,3.792,-0.231,0.607,100.0,-0.304,5.12,0.12,0,0,0,GOOD,GOOD,NORMAL,normal,NORMAL_LEARNING,NO_ACTION,Continue normal wind nowcast update.,OK
2025-01-05T07:45:00,07:45,ONLINE_SOL_2025_0105_RAMP_UP,WND_GADAG,WND_G1_T01,5min,Real-time nowcast / control-room forecast,persistence + ramp-rate correction + SCADA quality gate,3.186,3.235,2.595,3.874,-0.194,0.551,100.0,-0.276,5.12,0.12,0,0,0,GOOD,GOOD,NORMAL,normal,NORMAL_LEARNING,NO_ACTION,Continue normal wind nowcast update.,OK
2025-01-05T07:50:00,07:50,ONLINE_SOL_2025_0105_RAMP_UP,WND_GADAG,WND_G1_T01,5min,Real-time nowcast / control-room forecast,persistence + ramp-rate correction + SCADA quality gate,3.276,3.315,2.675,3.955,-0.154,0.488,100.0,-0.244,5.12,0.12,0,0,0,GOOD,GOOD,NORMAL,normal,NORMAL_LEARNING,NO_ACTION,Continue normal wind nowcast update.,OK
2025-01-05T07:55:00,07:55,ONLINE_SOL_2025_0105_RAMP_UP,WND_GADAG,WND_G1_T01,5min,Real-time nowcast / control-room forecast,persistence + ramp-rate correction + SCADA quality gate,3.366,3.394,2.754,4.034,-0.113,0.418,100.0,-0.209,5.12,0.12,0,0,0,GOOD,GOOD,NORMAL,normal,NORMAL_LEARNING,NO_ACTION,Continue normal wind nowcast update.,OK
2025-01-05T08:00:00,08:00,ONLINE_SOL_2025_0105_RAMP_UP,WND_GADAG,WND_G1_T01,5min,Real-time nowcast / control-room forecast,persistence + ramp-rate correction + SCADA quality gate,3.454,3.472,2.832,4.112,-0.071,0.343,100.0,-0.171,5.12,0.12,0,0,0,GOOD,GOOD,NORMAL,normal,NORMAL_LEARNING,NO_ACTION,Continue normal wind nowcast update.,OK
2025-01-05T08:05:00,08:05,ONLINE_SOL_2025_0105_RAMP_UP,WND_GADAG,WND_G1_T01,5min,Real-time nowcast / control-room forecast,persistence + ramp-rate correction + SCADA quality gate,3.542,3.549,2.909,4.189,-0.03,0.264,100.0,-0.132,5.12,0.12,0,0,0,GOOD,GOOD,NORMAL,normal,NORMAL_LEARNING,NO_ACTION,Continue normal wind nowcast update.,OK
2025-01-05T08:10:00,08:10,ONLINE_SOL_2025_0105_RAMP_UP,WND_GADAG,WND_G1_T01,5min,Real-time nowcast / control-room forecast,persistence + ramp-rate correction + SCADA quality gate,3.627,3.624,2.984,4.264,0.01,0.19,100.0,-0.092,5.12,0.12,0,0,0,GOOD,GOOD,NORMAL,normal,NORMAL_LEARNING,NO_ACTION,Continue normal wind nowcast update.,OK
2025-01-05T08:15:00,08:15,ONLINE_SOL_2025_0105_RAMP_UP,WND_GADAG,WND_G1_T01,5min,Real-time nowcast / control-room forecast,persistence + ramp-rate correction + SCADA quality gate,3.710,3.698,3.058,4.338,0.046,0.141,100.0,-0.052,5.12,0.12,0,0,0,GOOD,GOOD,NORMAL,normal,NORMAL_LEARNING,NO_ACTION,Continue normal wind nowcast update.,OK
2025-01-05T08:20:00,08:20,ONLINE_SOL_2025_0105_RAMP_UP,WND_GADAG,WND_G1_T01,5min,Real-time nowcast / control-room forecast,persistence + ramp-rate correction + SCADA quality gate,3.791,3.771,3.131,4.410,0.08,0.116,100.0,-0.013,5.12,0.12,0,0,0,GOOD,GOOD,NORMAL,normal,NORMAL_LEARNING,NO_ACTION,Continue normal wind nowcast update.,OK
2025-01-05T08:25:00,08:25,ONLINE_SOL_2025_0105_RAMP_UP,WND_GADAG,WND_G1_T01,5min,Real-time nowcast / control-room forecast,persistence + ramp-rate correction + SCADA quality gate,3.869,3.842,3.202,4.482,0.109,0.115,100.0,0.024,5.12,0.12,0,0,0,GOOD,GOOD,NORMAL,normal,NORMAL_LEARNING,NO_ACTION,Continue normal wind nowcast update.,OK
2025-01-05T08:30:00,08:30,ONLINE_SOL_2025_0105_RAMP_UP,WND_GADAG,WND_G1_T01,5min,Real-time nowcast / control-room forecast,persistence + ramp-rate correction + SCADA quality gate,3.945,3.911,3.271,4.551,0.132,0.136,100.0,0.058,5.12,0.12,0,0,0,GOOD,GOOD,NORMAL,normal,NORMAL_LEARNING,NO_ACTION,Continue normal wind nowcast update.,OK
2025-01-05T08:35:00,08:35,ONLINE_SOL_2025_0105_RAMP_UP,WND_GADAG,WND_G1_T01,5min,Real-time nowcast / control-room forecast,persistence + ramp-rate correction + SCADA quality gate,4.017,3.979,3.340,4.620,0.15,0.176,100.0,0.088,5.12,0.12,0,0,0,GOOD,GOOD,NORMAL,normal,NORMAL_LEARNING,NO_ACTION,Continue normal wind nowcast update.,OK
2025-01-05T08:40:00,08:40,ONLINE_SOL_2025_0105_RAMP_UP,WND_GADAG,WND_G1_T01,5min,Real-time nowcast / control-room forecast,persistence + ramp-rate correction + SCADA quality gate,4.087,4.046,3.406,4.686,0.16,0.226,100.0,0.113,5.12,0.12,0,0,0,GOOD,GOOD,NORMAL,normal,NORMAL_LEARNING,NO_ACTION,Continue normal wind nowcast update.,OK
2025-01-05T08:45:00,08:45,ONLINE_SOL_2025_0105_RAMP_UP,WND_GADAG,WND_G1_T01,5min,Real-time nowcast / control-room forecast,persistence + ramp-rate correction + SCADA quality gate,4.152,4.112,3.471,4.752,0.164,0.265,100.0,0.132,5.12,0.12,0,0,0,GOOD,GOOD,NORMAL,normal,NORMAL_LEARNING,NO_ACTION,Continue normal wind nowcast update.,OK
2025-01-05T08:50:00,08:50,ONLINE_SOL_2025_0105_RAMP_UP,WND_GADAG,WND_G1_T01,5min,Real-time nowcast / control-room forecast,persistence + ramp-rate correction + SCADA quality gate,4.215,4.175,3.535,4.815,0.16,0.292,100.0,0.146,5.12,0.12,0,0,0,GOOD,GOOD,NORMAL,normal,NORMAL_LEARNING,NO_ACTION,Continue normal wind nowcast update.,OK
2025-01-05T08:55:00,08:55,ONLINE_SOL_2025_0105_RAMP_UP,WND_GADAG,WND_G1_T01,5min,Real-time nowcast / control-room forecast,persistence + ramp-rate correction + SCADA quality gate,4.274,4.237,3.598,4.878,0.148,0.305,100.0,0.152,5.12,0.12,0,0,0,GOOD,GOOD,NORMAL,normal,NORMAL_LEARNING,NO_ACTION,Continue normal wind nowcast update.,OK
2025-01-05T09:00:00,09:00,ONLINE_SOL_2025_0105_RAMP_UP,WND_GADAG,WND_G1_T01,5min,Real-time nowcast / control-room forecast,persistence + ramp-rate correction + SCADA quality gate,4.330,4.298,3.658,4.938,0.128,0.303,100.0,0.152,5.12,0.12,0,0,0,GOOD,GOOD,NORMAL,normal,NORMAL_LEARNING,NO_ACTION,Continue normal wind nowcast update.,OK
2025-01-05T09:05:00,09:05,ONLINE_SOL_2025_0105_RAMP_UP,WND_GADAG,WND_G1_T01,5min,Real-time nowcast / control-room forecast,persistence + ramp-rate correction + SCADA quality gate,4.383,4.357,3.717,4.997,0.1,0.287,100.0,0.143,5.12,0.12,0,0,0,GOOD,GOOD,NORMAL,normal,NORMAL_LEARNING,NO_ACTION,Continue normal wind nowcast update.,OK
2025-01-05T09:10:00,09:10,ONLINE_SOL_2025_0105_RAMP_UP,WND_GADAG,WND_G1_T01,5min,Real-time nowcast / control-room forecast,persistence + ramp-rate correction + SCADA quality gate,4.431,4.415,3.775,5.055,0.065,0.255,100.0,0.127,5.12,0.12,0,0,0,GOOD,GOOD,NORMAL,normal,NORMAL_LEARNING,NO_ACTION,Continue normal wind nowcast update.,OK
2025-01-05T09:15:00,09:15,ONLINE_SOL_2025_0105_RAMP_UP,WND_GADAG,WND_G1_T01,5min,Real-time nowcast / control-room forecast,persistence + ramp-rate correction + SCADA quality gate,4.477,4.471,3.832,5.112,0.022,0.207,100.0,0.104,5.12,0.12,0,0,0,GOOD,GOOD,NORMAL,normal,NORMAL_LEARNING,NO_ACTION,Continue normal wind nowcast update.,OK
2025-01-05T09:20:00,09:20,ONLINE_SOL_2025_0105_RAMP_UP,WND_GADAG,WND_G1_T01,5min,Real-time nowcast / control-room forecast,persistence + ramp-rate correction + SCADA quality gate,4.519,4.526,3.886,5.166,-0.026,0.163,100.0,0.073,5.12,0.12,0,0,0,GOOD,GOOD,NORMAL,normal,NORMAL_LEARNING,NO_ACTION,Continue normal wind nowcast update.,OK
2025-01-05T09:25:00,09:25,ONLINE_SOL_2025_0105_RAMP_UP,WND_GADAG,WND_G1_T01,5min,Real-time nowcast / control-room forecast,persistence + ramp-rate correction + SCADA quality gate,4.559,4.579,3.939,5.219,-0.081,0.141,100.0,0.035,5.12,0.12,0,0,0,GOOD,GOOD,NORMAL,normal,NORMAL_LEARNING,NO_ACTION,Continue normal wind nowcast update.,OK
2025-01-05T09:30:00,09:30,ONLINE_SOL_2025_0105_RAMP_UP,WND_GADAG,WND_G1_T01,5min,Real-time nowcast / control-room forecast,persistence + ramp-rate correction + SCADA quality gate,4.596,4.630,3.990,5.271,-0.14,0.145,100.0,-0.01,5.12,0.12,0,0,0,GOOD,GOOD,NORMAL,normal,NORMAL_LEARNING,NO_ACTION,Continue normal wind nowcast update.,OK
2025-01-05T09:35:00,09:35,ONLINE_SOL_2025_0105_RAMP_UP,WND_GADAG,WND_G1_T01,5min,Real-time nowcast / control-room forecast,persistence + ramp-rate correction + SCADA quality gate,4.630,4.680,4.040,5.320,-0.203,0.179,100.0,-0.06,5.12,0.12,0,0,0,GOOD,GOOD,NORMAL,normal,NORMAL_LEARNING,NO_ACTION,Continue normal wind nowcast update.,OK
2025-01-05T09:40:00,09:40,ONLINE_SOL_2025_0105_RAMP_UP,WND_GADAG,WND_G1_T01,5min,Real-time nowcast / control-room forecast,persistence + ramp-rate correction + SCADA quality gate,4.661,4.729,4.088,5.369,-0.268,0.247,100.0,-0.116,5.12,0.12,0,0,0,GOOD,GOOD,NORMAL,normal,NORMAL_LEARNING,NO_ACTION,Continue normal wind nowcast update.,OK
2025-01-05T09:45:00,09:45,ONLINE_SOL_2025_0105_RAMP_UP,WND_GADAG,WND_G1_T01,5min,Real-time nowcast / control-room forecast,persistence + ramp-rate correction + SCADA quality gate,4.691,4.775,4.135,5.415,-0.336,0.351,100.0,-0.176,5.12,0.12,0,0,0,GOOD,GOOD,NORMAL,normal,NORMAL_LEARNING,NO_ACTION,Continue normal wind nowcast update.,OK
2025-01-05T09:50:00,09:50,ONLINE_SOL_2025_0105_RAMP_UP,WND_GADAG,WND_G1_T01,5min,Real-time nowcast / control-room forecast,persistence + ramp-rate correction + SCADA quality gate,4.719,4.820,4.180,5.460,-0.403,0.477,100.0,-0.238,5.12,0.12,0,0,0,GOOD,GOOD,NORMAL,normal,NORMAL_LEARNING,NO_ACTION,Continue normal wind nowcast update.,OK
2025-01-05T09:55:00,09:55,ONLINE_SOL_2025_0105_RAMP_UP,WND_GADAG,WND_G1_T01,5min,Real-time nowcast / control-room forecast,persistence + ramp-rate correction + SCADA quality gate,4.746,4.863,4.223,5.503,-0.469,0.606,100.0,-0.303,5.12,0.12,0,0,0,GOOD,GOOD,NORMAL,normal,NORMAL_LEARNING,NO_ACTION,Continue normal wind nowcast update.,OK
2025-01-05T10:00:00,10:00,ONLINE_SOL_2025_0105_RAMP_UP,WND_GADAG,WND_G1_T01,5min,Real-time nowcast / control-room forecast,persistence + ramp-rate correction + SCADA quality gate,4.772,4.905,4.265,5.545,-0.533,0.737,100.0,-0.369,5.12,0.12,0,0,0,GOOD,GOOD,NORMAL,normal,NORMAL_LEARNING,NO_ACTION,Continue normal wind nowcast update.,OK
2025-01-05T10:05:00,10:05,ONLINE_SOL_2025_0105_RAMP_UP,WND_GADAG,WND_G1_T01,5min,Real-time nowcast / control-room forecast,persistence + ramp-rate correction + SCADA quality gate,4.797,4.945,4.305,5.585,-0.593,0.867,100.0,-0.434,5.12,0.12,0,0,0,GOOD,GOOD,NORMAL,normal,NORMAL_LEARNING,NO_ACTION,Continue normal wind nowcast update.,OK
2025-01-05T10:10:00,10:10,ONLINE_SOL_2025_0105_RAMP_UP,WND_GADAG,WND_G1_T01,5min,Real-time nowcast / control-room forecast,persistence + ramp-rate correction + SCADA quality gate,4.821,4.984,4.343,5.623,-0.649,0.994,100.0,-0.497,5.12,0.12,0,0,0,GOOD,GOOD,NORMAL,normal,NORMAL_LEARNING,NO_ACTION,Continue normal wind nowcast update.,OK
2025-01-05T10:15:00,10:15,ONLINE_SOL_2025_0105_RAMP_UP,WND_GADAG,WND_G1_T01,5min,Real-time nowcast / control-room forecast,persistence + ramp-rate correction + SCADA quality gate,4.846,5.020,4.380,5.660,-0.699,1.115,100.0,-0.558,5.12,0.12,0,0,0,GOOD,GOOD,NORMAL,normal,NORMAL_LEARNING,NO_ACTION,Continue normal wind nowcast update.,OK
2025-01-05T10:20:00,10:20,ONLINE_SOL_2025_0105_RAMP_UP,WND_GADAG,WND_G1_T01,5min,Real-time nowcast / control-room forecast,persistence + ramp-rate correction + SCADA quality gate,4.870,5.055,4.415,5.695,-0.742,1.228,100.0,-0.614,5.12,0.12,0,0,0,GOOD,GOOD,NORMAL,normal,NORMAL_LEARNING,NO_ACTION,Continue normal wind nowcast update.,OK
2025-01-05T10:25:00,10:25,ONLINE_SOL_2025_0105_RAMP_UP,WND_GADAG,WND_G1_T01,5min,Real-time nowcast / control-room forecast,persistence + ramp-rate correction + SCADA quality gate,4.894,5.089,4.449,5.729,-0.777,1.331,100.0,-0.665,5.12,0.12,0,0,0,GOOD,GOOD,NORMAL,normal,NORMAL_LEARNING,NO_ACTION,Continue normal wind nowcast update.,OK
2025-01-05T10:30:00,10:30,ONLINE_SOL_2025_0105_RAMP_UP,WND_GADAG,WND_G1_T01,5min,Real-time nowcast / control-room forecast,persistence + ramp-rate correction + SCADA quality gate,4.920,5.120,4.481,5.761,-0.803,1.421,100.0,-0.71,5.12,0.12,0,0,0,GOOD,GOOD,NORMAL,normal,NORMAL_LEARNING,NO_ACTION,Continue normal wind nowcast update.,OK
2025-01-05T10:35:00,10:35,ONLINE_SOL_2025_0105_RAMP_UP,WND_GADAG,WND_G1_T01,5min,Real-time nowcast / control-room forecast,persistence + ramp-rate correction + SCADA quality gate,4.945,5.151,4.511,5.790,-0.821,1.496,100.0,-0.748,5.12,0.12,0,0,0,GOOD,GOOD,NORMAL,normal,NORMAL_LEARNING,NO_ACTION,Continue normal wind nowcast update.,OK
2025-01-05T10:40:00,10:40,ONLINE_SOL_2025_0105_RAMP_UP,WND_GADAG,WND_G1_T01,5min,Real-time nowcast / control-room forecast,persistence + ramp-rate correction + SCADA quality gate,4.972,5.179,4.539,5.819,-0.829,1.556,100.0,-0.778,5.12,0.12,0,0,0,GOOD,GOOD,NORMAL,normal,NORMAL_LEARNING,NO_ACTION,Continue normal wind nowcast update.,OK
2025-01-05T10:45:00,10:45,ONLINE_SOL_2025_0105_RAMP_UP,WND_GADAG,WND_G1_T01,5min,Real-time nowcast / control-room forecast,persistence + ramp-rate correction + SCADA quality gate,4.999,5.205,4.566,5.846,-0.827,1.599,100.0,-0.8,5.12,0.12,0,0,0,GOOD,GOOD,NORMAL,normal,NORMAL_LEARNING,NO_ACTION,Continue normal wind nowcast update.,OK
2025-01-05T10:50:00,10:50,ONLINE_SOL_2025_0105_RAMP_UP,WND_GADAG,WND_G1_T01,5min,Real-time nowcast / control-room forecast,persistence + ramp-rate correction + SCADA quality gate,5.027,5.231,4.590,5.870,-0.815,1.624,100.0,-0.812,5.12,0.12,0,0,0,GOOD,GOOD,NORMAL,normal,NORMAL_LEARNING,NO_ACTION,Continue normal wind nowcast update.,OK
2025-01-05T10:55:00,10:55,ONLINE_SOL_2025_0105_RAMP_UP,WND_GADAG,WND_G1_T01,5min,Real-time nowcast / control-room forecast,persistence + ramp-rate correction + SCADA quality gate,5.055,5.254,4.614,5.894,-0.794,1.629,100.0,-0.815,5.12,0.12,0,0,0,GOOD,GOOD,NORMAL,normal,NORMAL_LEARNING,NO_ACTION,Continue normal wind nowcast update.,OK
2025-01-05T11:00:00,11:00,ONLINE_SOL_2025_0105_RAMP_UP,WND_GADAG,WND_G1_T01,5min,Real-time nowcast / control-room forecast,persistence + ramp-rate correction + SCADA quality gate,5.084,5.275,4.635,5.915,-0.764,1.616,100.0,-0.808,5.12,0.12,0,0,0,GOOD,GOOD,NORMAL,normal,NORMAL_LEARNING,NO_ACTION,Continue normal wind nowcast update.,OK
2025-01-05T11:05:00,11:05,ONLINE_SOL_2025_0105_RAMP_UP,WND_GADAG,WND_G1_T01,5min,Real-time nowcast / control-room forecast,persistence + ramp-rate correction + SCADA quality gate,5.114,5.295,4.655,5.935,-0.725,1.584,100.0,-0.792,5.12,0.12,0,0,0,GOOD,GOOD,NORMAL,normal,NORMAL_LEARNING,NO_ACTION,Continue normal wind nowcast update.,OK
2025-01-05T11:10:00,11:10,ONLINE_SOL_2025_0105_RAMP_UP,WND_GADAG,WND_G1_T01,5min,Real-time nowcast / control-room forecast,persistence + ramp-rate correction + SCADA quality gate,5.144,5.313,4.673,5.953,-0.678,1.534,100.0,-0.767,5.12,0.12,0,0,0,GOOD,GOOD,NORMAL,normal,NORMAL_LEARNING,NO_ACTION,Continue normal wind nowcast update.,OK
2025-01-05T11:15:00,11:15,ONLINE_SOL_2025_0105_RAMP_UP,WND_GADAG,WND_G1_T01,5min,Real-time nowcast / control-room forecast,persistence + ramp-rate correction + SCADA quality gate,5.174,5.330,4.689,5.970,-0.623,1.466,100.0,-0.733,5.12,0.12,0,0,0,GOOD,GOOD,NORMAL,normal,NORMAL_LEARNING,NO_ACTION,Continue normal wind nowcast update.,OK
2025-01-05T11:20:00,11:20,ONLINE_SOL_2025_0105_RAMP_UP,WND_GADAG,WND_G1_T01,5min,Real-time nowcast / control-room forecast,persistence + ramp-rate correction + SCADA quality gate,5.204,5.344,4.704,5.984,-0.563,1.382,100.0,-0.691,5.12,0.12,0,0,0,GOOD,GOOD,NORMAL,normal,NORMAL_LEARNING,NO_ACTION,Continue normal wind nowcast update.,OK
2025-01-05T11:25:00,11:25,ONLINE_SOL_2025_0105_RAMP_UP,WND_GADAG,WND_G1_T01,5min,Real-time nowcast / control-room forecast,persistence + ramp-rate correction + SCADA quality gate,5.233,5.357,4.717,5.997,-0.498,1.284,100.0,-0.642,5.12,0.12,0,0,0,GOOD,GOOD,NORMAL,normal,NORMAL_LEARNING,NO_ACTION,Continue normal wind nowcast update.,OK
2025-01-05T11:30:00,11:30,ONLINE_SOL_2025_0105_RAMP_UP,WND_GADAG,WND_G1_T01,5min,Real-time nowcast / control-room forecast,persistence + ramp-rate correction + SCADA quality gate,5.261,5.369,4.729,6.008,-0.429,1.172,100.0,-0.586,5.12,0.12,0,0,0,GOOD,GOOD,NORMAL,normal,NORMAL_LEARNING,NO_ACTION,Continue normal wind nowcast update.,OK
2025-01-05T11:35:00,11:35,ONLINE_SOL_2025_0105_RAMP_UP,WND_GADAG,WND_G1_T01,5min,Real-time nowcast / control-room forecast,persistence + ramp-rate correction + SCADA quality gate,5.288,5.378,4.738,6.018,-0.358,1.05,100.0,-0.525,5.12,0.12,0,0,0,GOOD,GOOD,NORMAL,normal,NORMAL_LEARNING,NO_ACTION,Continue normal wind nowcast update.,OK
2025-01-05T11:40:00,11:40,ONLINE_SOL_2025_0105_RAMP_UP,WND_GADAG,WND_G1_T01,5min,Real-time nowcast / control-room forecast,persistence + ramp-rate correction + SCADA quality gate,5.314,5.386,4.746,6.026,-0.286,0.919,100.0,-0.46,5.12,0.12,0,0,0,GOOD,GOOD,NORMAL,normal,NORMAL_LEARNING,NO_ACTION,Continue normal wind nowcast update.,OK
2025-01-05T11:45:00,11:45,ONLINE_SOL_2025_0105_RAMP_UP,WND_GADAG,WND_G1_T01,5min,Real-time nowcast / control-room forecast,persistence + ramp-rate correction + SCADA quality gate,5.338,5.392,4.752,6.032,-0.214,0.783,100.0,-0.391,5.12,0.12,0,0,0,GOOD,GOOD,NORMAL,normal,NORMAL_LEARNING,NO_ACTION,Continue normal wind nowcast update.,OK
2025-01-05T11:50:00,11:50,ONLINE_SOL_2025_0105_RAMP_UP,WND_GADAG,WND_G1_T01,5min,Real-time nowcast / control-room forecast,persistence + ramp-rate correction + SCADA quality gate,5.360,5.396,4.756,6.036,-0.144,0.643,100.0,-0.322,5.12,0.12,0,0,0,GOOD,GOOD,NORMAL,normal,NORMAL_LEARNING,NO_ACTION,Continue normal wind nowcast update.,OK
2025-01-05T11:55:00,11:55,ONLINE_SOL_2025_0105_RAMP_UP,WND_GADAG,WND_G1_T01,5min,Real-time nowcast / control-room forecast,persistence + ramp-rate correction + SCADA quality gate,5.380,5.399,4.759,6.039,-0.077,0.503,100.0,-0.251,5.12,0.12,0,0,0,GOOD,GOOD,NORMAL,normal,NORMAL_LEARNING,NO_ACTION,Continue normal wind nowcast update.,OK
2025-01-05T12:00:00,12:00,ONLINE_SOL_2025_0105_RAMP_UP,WND_GADAG,WND_G1_T01,5min,Real-time nowcast / control-room forecast,persistence + ramp-rate correction + SCADA quality gate,5.396,5.399,4.760,6.040,-0.015,0.365,100.0,-0.182,5.12,0.12,0,0,0,GOOD,GOOD,NORMAL,normal,NORMAL_LEARNING,NO_ACTION,Continue normal wind nowcast update.,OK
2025-01-05T12:05:00,12:05,ONLINE_SOL_2025_0105_RAMP_UP,WND_GADAG,WND_G1_T01,5min,Real-time nowcast / control-room forecast,persistence + ramp-rate correction + SCADA quality gate,5.409,5.399,4.759,6.039,0.042,0.259,100.0,-0.116,5.12,0.12,0,0,0,GOOD,GOOD,NORMAL,normal,NORMAL_LEARNING,NO_ACTION,Continue normal wind nowcast update.,OK
2025-01-05T12:10:00,12:10,ONLINE_SOL_2025_0105_RAMP_UP,WND_GADAG,WND_G1_T01,5min,Real-time nowcast / control-room forecast,persistence + ramp-rate correction + SCADA quality gate,5.419,5.396,4.756,6.036,0.092,0.195,100.0,-0.053,5.12,0.12,0,0,0,GOOD,GOOD,NORMAL,normal,NORMAL_LEARNING,NO_ACTION,Continue normal wind nowcast update.,OK
2025-01-05T12:15:00,12:15,ONLINE_SOL_2025_0105_RAMP_UP,WND_GADAG,WND_G1_T01,5min,Real-time nowcast / control-room forecast,persistence + ramp-rate correction + SCADA quality gate,5.426,5.392,4.752,6.032,0.135,0.168,100.0,0.006,5.12,0.12,0,0,0,GOOD,GOOD,NORMAL,normal,NORMAL_LEARNING,NO_ACTION,Continue normal wind nowcast update.,OK
2025-01-05T12:20:00,12:20,ONLINE_SOL_2025_0105_RAMP_UP,WND_GADAG,WND_G1_T01,5min,Real-time nowcast / control-room forecast,persistence + ramp-rate correction + SCADA quality gate,5.428,5.386,4.746,6.026,0.169,0.176,100.0,0.058,5.12,0.12,0,0,0,GOOD,GOOD,NORMAL,normal,NORMAL_LEARNING,NO_ACTION,Continue normal wind nowcast update.,OK
2025-01-05T12:25:00,12:25,ONLINE_SOL_2025_0105_RAMP_UP,WND_GADAG,WND_G1_T01,5min,Real-time nowcast / control-room forecast,persistence + ramp-rate correction + SCADA quality gate,5.426,5.378,4.738,6.018,0.193,0.215,100.0,0.103,5.12,0.12,0,0,0,GOOD,GOOD,NORMAL,normal,NORMAL_LEARNING,NO_ACTION,Continue normal wind nowcast update.,OK
2025-01-05T12:30:00,12:30,ONLINE_SOL_2025_0105_RAMP_UP,WND_GADAG,WND_G1_T01,5min,Real-time nowcast / control-room forecast,persistence + ramp-rate correction + SCADA quality gate,5.420,5.369,4.729,6.008,0.209,0.28,100.0,0.14,5.12,0.12,0,0,0,GOOD,GOOD,NORMAL,normal,NORMAL_LEARNING,NO_ACTION,Continue normal wind nowcast update.,OK
2025-01-05T12:35:00,12:35,ONLINE_SOL_2025_0105_RAMP_UP,WND_GADAG,WND_G1_T01,5min,Real-time nowcast / control-room forecast,persistence + ramp-rate correction + SCADA quality gate,5.411,5.357,4.717,5.997,0.214,0.337,100.0,0.169,5.12,0.12,0,0,0,GOOD,GOOD,NORMAL,normal,NORMAL_LEARNING,NO_ACTION,Continue normal wind nowcast update.,OK
2025-01-05T12:40:00,12:40,ONLINE_SOL_2025_0105_RAMP_UP,WND_GADAG,WND_G1_T01,5min,Real-time nowcast / control-room forecast,persistence + ramp-rate correction + SCADA quality gate,5.397,5.344,4.704,5.984,0.21,0.376,100.0,0.188,5.12,0.12,0,0,0,GOOD,GOOD,NORMAL,normal,NORMAL_LEARNING,NO_ACTION,Continue normal wind nowcast update.,OK
2025-01-05T12:45:00,12:45,ONLINE_SOL_2025_0105_RAMP_UP,WND_GADAG,WND_G1_T01,5min,Real-time nowcast / control-room forecast,persistence + ramp-rate correction + SCADA quality gate,5.378,5.330,4.689,5.970,0.196,0.397,100.0,0.198,5.12,0.12,0,0,0,GOOD,GOOD,NORMAL,normal,NORMAL_LEARNING,NO_ACTION,Continue normal wind nowcast update.,OK
2025-01-05T12:50:00,12:50,ONLINE_SOL_2025_0105_RAMP_UP,WND_GADAG,WND_G1_T01,5min,Real-time nowcast / control-room forecast,persistence + ramp-rate correction + SCADA quality gate,5.356,5.313,4.673,5.953,0.173,0.398,100.0,0.199,5.12,0.12,0,0,0,GOOD,GOOD,NORMAL,normal,NORMAL_LEARNING,NO_ACTION,Continue normal wind nowcast update.,OK
2025-01-05T12:55:00,12:55,ONLINE_SOL_2025_0105_RAMP_UP,WND_GADAG,WND_G1_T01,5min,Real-time nowcast / control-room forecast,persistence + ramp-rate correction + SCADA quality gate,5.330,5.295,4.655,5.935,0.14,0.381,100.0,0.19,5.12,0.12,0,0,0,GOOD,GOOD,NORMAL,normal,NORMAL_LEARNING,NO_ACTION,Continue normal wind nowcast update.,OK
2025-01-05T13:00:00,13:00,ONLINE_SOL_2025_0105_RAMP_UP,WND_GADAG,WND_G1_T01,5min,Real-time nowcast / control-room forecast,persistence + ramp-rate correction + SCADA quality gate,5.300,5.275,4.635,5.915,0.1,0.344,100.0,0.172,5.12,0.1201,0,0,0,GOOD,GOOD,NORMAL,normal,NORMAL_LEARNING,NO_ACTION,Continue normal wind nowcast update.,OK
2025-01-05T13:05:00,13:05,ONLINE_SOL_2025_0105_RAMP_UP,WND_GADAG,WND_G1_T01,5min,Real-time nowcast / control-room forecast,persistence + ramp-rate correction + SCADA quality gate,5.267,5.254,4.614,5.894,0.052,0.29,100.0,0.145,5.12,0.1201,0,0,0,GOOD,GOOD,NORMAL,normal,NORMAL_LEARNING,NO_ACTION,Continue normal wind nowcast update.,OK
2025-01-05T13:10:00,13:10,ONLINE_SOL_2025_0105_RAMP_UP,WND_GADAG,WND_G1_T01,5min,Real-time nowcast / control-room forecast,persistence + ramp-rate correction + SCADA quality gate,5.230,5.231,4.590,5.870,-0.002,0.221,100.0,0.11,5.12,0.1201,0,0,0,GOOD,GOOD,NORMAL,normal,NORMAL_LEARNING,NO_ACTION,Continue normal wind nowcast update.,OK
2025-01-05T13:15:00,13:15,ONLINE_SOL_2025_0105_RAMP_UP,WND_GADAG,WND_G1_T01,5min,Real-time nowcast / control-room forecast,persistence + ramp-rate correction + SCADA quality gate,5.190,5.205,4.566,5.846,-0.061,0.176,100.0,0.067,5.12,0.1202,0,0,0,GOOD,GOOD,NORMAL,normal,NORMAL_LEARNING,NO_ACTION,Continue normal wind nowcast update.,OK
2025-01-05T13:20:00,13:20,ONLINE_SOL_2025_0105_RAMP_UP,WND_GADAG,WND_G1_T01,5min,Real-time nowcast / control-room forecast,persistence + ramp-rate correction + SCADA quality gate,5.148,5.179,4.539,5.819,-0.124,0.16,100.0,0.018,5.12,0.1203,0,0,0,GOOD,GOOD,NORMAL,normal,NORMAL_LEARNING,NO_ACTION,Continue normal wind nowcast update.,OK
2025-01-05T13:25:00,13:25,ONLINE_SOL_2025_0105_RAMP_UP,WND_GADAG,WND_G1_T01,5min,Real-time nowcast / control-room forecast,persistence + ramp-rate correction + SCADA quality gate,5.103,5.151,4.511,5.790,-0.19,0.176,100.0,-0.037,5.12,0.1204,0,0,0,GOOD,GOOD,NORMAL,normal,NORMAL_LEARNING,NO_ACTION,Continue normal wind nowcast update.,OK
2025-01-05T13:30:00,13:30,ONLINE_SOL_2025_0105_RAMP_UP,WND_GADAG,WND_G1_T01,5min,Real-time nowcast / control-room forecast,persistence + ramp-rate correction + SCADA quality gate,5.056,5.120,4.481,5.761,-0.257,0.229,100.0,-0.097,5.12,0.1206,0,0,0,GOOD,GOOD,NORMAL,normal,NORMAL_LEARNING,NO_ACTION,Continue normal wind nowcast update.,OK
2025-01-05T13:35:00,13:35,ONLINE_SOL_2025_0105_RAMP_UP,WND_GADAG,WND_G1_T01,5min,Real-time nowcast / control-room forecast,persistence + ramp-rate correction + SCADA quality gate,5.008,5.089,4.449,5.729,-0.325,0.319,100.0,-0.16,5.12,0.1209,0,0,0,GOOD,GOOD,NORMAL,normal,NORMAL_LEARNING,NO_ACTION,Continue normal wind nowcast update.,OK
2025-01-05T13:40:00,13:40,ONLINE_SOL_2025_0105_RAMP_UP,WND_GADAG,WND_G1_T01,5min,Real-time nowcast / control-room forecast,persistence + ramp-rate correction + SCADA quality gate,4.958,5.056,4.416,5.696,-0.391,0.449,100.0,-0.225,5.12,0.1213,0,0,0,GOOD,GOOD,NORMAL,normal,NORMAL_LEARNING,NO_ACTION,Continue normal wind nowcast update.,OK
2025-01-05T13:45:00,13:45,ONLINE_SOL_2025_0105_RAMP_UP,WND_GADAG,WND_G1_T01,5min,Real-time nowcast / control-room forecast,persistence + ramp-rate correction + SCADA quality gate,4.907,5.021,4.381,5.661,-0.455,0.581,100.0,-0.29,5.12,0.122,0,0,0,GOOD,GOOD,NORMAL,normal,NORMAL_LEARNING,NO_ACTION,Continue normal wind nowcast update.,OK
2025-01-05T13:50:00,13:50,ONLINE_SOL_2025_0105_RAMP_UP,WND_GADAG,WND_G1_T01,5min,Real-time nowcast / control-room forecast,persistence + ramp-rate correction + SCADA quality gate,4.856,4.985,4.345,5.625,-0.516,0.712,100.0,-0.356,5.12,0.1229,0,0,0,GOOD,GOOD,NORMAL,normal,NORMAL_LEARNING,NO_ACTION,Continue normal wind nowcast update.,OK
2025-01-05T13:55:00,13:55,ONLINE_SOL_2025_0105_RAMP_UP,WND_GADAG,WND_G1_T01,5min,Real-time nowcast / control-room forecast,persistence + ramp-rate correction + SCADA quality gate,4.803,4.947,4.307,5.587,-0.573,0.839,100.0,-0.42,5.12,0.1244,0,0,0,GOOD,GOOD,NORMAL,normal,NORMAL_LEARNING,NO_ACTION,Continue normal wind nowcast update.,OK
2025-01-05T14:00:00,14:00,ONLINE_SOL_2025_0105_RAMP_UP,WND_GADAG,WND_G1_T01,5min,Real-time nowcast / control-room forecast,persistence + ramp-rate correction + SCADA quality gate,4.752,4.908,4.268,5.548,-0.626,0.962,100.0,-0.481,5.12,0.1265,0,0,0,GOOD,GOOD,NORMAL,normal,NORMAL_LEARNING,NO_ACTION,Continue normal wind nowcast update.,OK
2025-01-05T14:05:00,14:05,ONLINE_SOL_2025_0105_RAMP_UP,WND_GADAG,WND_G1_T01,5min,Real-time nowcast / control-room forecast,persistence + ramp-rate correction + SCADA quality gate,4.699,4.868,4.228,5.508,-0.673,1.078,100.0,-0.539,5.12,0.1297,0,0,0,GOOD,GOOD,NORMAL,normal,NORMAL_LEARNING,NO_ACTION,Continue normal wind nowcast update.,OK
2025-01-05T14:10:00,14:10,ONLINE_SOL_2025_0105_RAMP_UP,WND_GADAG,WND_G1_T01,5min,Real-time nowcast / control-room forecast,persistence + ramp-rate correction + SCADA quality gate,4.648,4.827,4.187,5.467,-0.716,1.187,100.0,-0.593,5.12,0.1344,0,0,0,GOOD,GOOD,NORMAL,normal,NORMAL_LEARNING,NO_ACTION,Continue normal wind nowcast update.,OK
2025-01-05T14:15:00,14:15,ONLINE_SOL_2025_0105_RAMP_UP,WND_GADAG,WND_G1_T01,5min,Real-time nowcast / control-room forecast,persistence + ramp-rate correction + SCADA quality gate,4.596,4.786,4.146,5.426,-0.757,1.287,100.0,-0.644,5.12,0.1413,0,0,0,GOOD,GOOD,NORMAL,normal,NORMAL_LEARNING,NO_ACTION,Continue normal wind nowcast update.,OK
2025-01-05T14:20:00,14:20,ONLINE_SOL_2025_0105_RAMP_UP,WND_GADAG,WND_G1_T01,5min,Real-time nowcast / control-room forecast,persistence + ramp-rate correction + SCADA quality gate,4.546,4.745,4.105,5.385,-0.796,1.38,100.0,-0.69,5.12,0.1513,0,0,0,GOOD,GOOD,NORMAL,normal,NORMAL_LEARNING,NO_ACTION,Continue normal wind nowcast update.,OK
2025-01-05T14:25:00,14:25,ONLINE_SOL_2025_0105_RAMP_UP,WND_GADAG,WND_G1_T01,5min,Real-time nowcast / control-room forecast,persistence + ramp-rate correction + SCADA quality gate,4.496,4.706,4.066,5.346,-0.84,1.469,100.0,-0.735,5.12,0.1659,0,0,0,GOOD,GOOD,NORMAL,normal,NORMAL_LEARNING,NO_ACTION,Continue normal wind nowcast update.,OK
2025-01-05T14:30:00,14:30,ONLINE_SOL_2025_0105_RAMP_UP,WND_GADAG,WND_G1_T01,5min,Real-time nowcast / control-room forecast,persistence + ramp-rate correction + SCADA quality gate,4.447,4.670,4.030,5.310,-0.893,1.558,100.0,-0.779,5.12,0.1865,0,0,0,GOOD,GOOD,NORMAL,normal,NORMAL_LEARNING,NO_ACTION,Continue normal wind nowcast update.,OK
2025-01-05T14:35:00,14:35,ONLINE_SOL_2025_0105_RAMP_UP,WND_GADAG,WND_G1_T01,5min,Real-time nowcast / control-room forecast,persistence + ramp-rate correction + SCADA quality gate,4.399,4.641,4.000,5.280,-0.967,1.656,100.0,-0.828,5.12,0.2154,0,0,0,GOOD,GOOD,NORMAL,normal,NORMAL_LEARNING,NO_ACTION,Continue normal wind nowcast update.,OK
2025-01-05T14:40:00,14:40,ONLINE_SOL_2025_0105_RAMP_UP,WND_GADAG,WND_G1_T01,5min,Real-time nowcast / control-room forecast,persistence + ramp-rate correction + SCADA quality gate,4.352,4.621,3.981,5.261,-1.076,1.776,100.0,-0.888,5.12,0.2544,0,0,0,GOOD,GOOD,NORMAL,normal,NORMAL_LEARNING,NO_ACTION,Continue normal wind nowcast update.,OK
2025-01-05T14:45:00,14:45,ONLINE_SOL_2025_0105_RAMP_UP,WND_GADAG,WND_G1_T01,5min,Real-time nowcast / control-room forecast,persistence + ramp-rate correction + SCADA quality gate,4.306,4.617,3.977,5.257,-1.244,1.939,100.0,-0.969,5.12,0.3052,0,0,0,GOOD,GOOD,NORMAL,normal,NORMAL_LEARNING,NO_ACTION,Continue normal wind nowcast update.,OK
2025-01-05T14:50:00,14:50,ONLINE_SOL_2025_0105_RAMP_UP,WND_GADAG,WND_G1_T01,5min,Real-time nowcast / control-room forecast,persistence + ramp-rate correction + SCADA quality gate,4.261,4.637,3.997,5.277,-1.503,2.174,100.0,-1.087,5.12,0.368,0,0,0,GOOD,GOOD,NORMAL,normal,NORMAL_LEARNING,NO_ACTION,Continue normal wind nowcast update.,OK
2025-01-05T14:55:00,14:55,ONLINE_SOL_2025_0105_RAMP_UP,WND_GADAG,WND_G1_T01,5min,Real-time nowcast / control-room forecast,persistence + ramp-rate correction + SCADA quality gate,4.219,4.693,4.053,5.333,-1.897,2.527,100.0,-1.263,5.12,0.441,0,0,0,GOOD,GOOD,NORMAL,normal,NORMAL_LEARNING,NO_ACTION,Continue normal wind nowcast update.,OK
2025-01-05T15:00:00,15:00,ONLINE_SOL_2025_0105_RAMP_UP,WND_GADAG,WND_G1_T01,5min,Real-time nowcast / control-room forecast,persistence + ramp-rate correction + SCADA quality gate,4.179,4.799,4.159,5.439,-2.481,3.056,100.0,-1.528,5.12,0.52,0,0,55,GOOD,GOOD,NORMAL,normal,NORMAL_LEARNING,NO_ACTION,Continue normal wind nowcast update.,OK
2025-01-05T15:05:00,15:05,ONLINE_SOL_2025_0105_RAMP_UP,WND_GADAG,WND_G1_T01,5min,Real-time nowcast / control-room forecast,persistence + ramp-rate correction + SCADA quality gate,4.143,4.972,4.332,5.612,-3.316,3.839,83.333,-1.92,5.12,0.599,0,0,55,GOOD,GOOD,NORMAL,normal,NORMAL_LEARNING,NO_ACTION,Continue normal wind nowcast update.,OK
2025-01-05T15:10:00,15:10,ONLINE_SOL_2025_0105_RAMP_UP,WND_GADAG,WND_G1_T01,5min,Real-time nowcast / control-room forecast,persistence + ramp-rate correction + SCADA quality gate,4.114,5.226,4.586,5.866,-4.449,4.963,66.667,-2.482,5.12,0.672,25,0,55,GOOD,GOOD,NORMAL,normal,WIND_RAMP_LEARNED,STEEP_ADJUST,Adjusting wind persistence weights.,WATCH
2025-01-05T15:15:00,15:15,ONLINE_SOL_2025_0105_RAMP_UP,WND_GADAG,WND_G1_T01,5min,Real-time nowcast / control-room forecast,persistence + ramp-rate correction + SCADA quality gate,4.093,5.564,4.924,6.204,-5.882,6.509,50.0,-3.255,5.12,0.7348,20,0,55,GOOD,GOOD,NORMAL,normal,WIND_RAMP_LEARNED,STEEP_ADJUST,Adjusting wind persistence weights.,WATCH
2025-01-05T15:20:00,15:20,ONLINE_SOL_2025_0105_RAMP_UP,WND_GADAG,WND_G1_T01,5min,Real-time nowcast / control-room forecast,persistence + ramp-rate correction + SCADA quality gate,4.088,5.972,5.044,6.900,-7.537,8.521,33.333,-4.26,7.424,0.7856,15,35,55,GOOD,GOOD,ANOMALOUS,weather,WIND_RAMP_LEARNED,STEEP_ADJUST,Adjusting wind persistence weights.,WATCH
2025-01-05T15:25:00,15:25,ONLINE_SOL_2025_0105_RAMP_UP,WND_GADAG,WND_G1_T01,5min,Real-time nowcast / control-room forecast,persistence + ramp-rate correction + SCADA quality gate,4.103,6.412,5.484,7.340,-9.234,10.967,16.667,-5.483,7.424,0.8246,10,35,55,GOOD,GOOD,ANOMALOUS,weather,WIND_RAMP_LEARNED,STEEP_ADJUST,Adjusting wind persistence weights.,WATCH
2025-01-05T15:30:00,15:30,ONLINE_SOL_2025_0105_RAMP_UP,WND_GADAG,WND_G1_T01,5min,Real-time nowcast / control-room forecast,persistence + ramp-rate correction + SCADA quality gate,4.149,6.830,5.902,7.758,-10.724,13.714,0.0,-6.857,7.424,0.8535,5,35,55,GOOD,GOOD,ANOMALOUS,weather,WIND_RAMP_LEARNED,STEEP_ADJUST,Adjusting wind persistence weights.,WATCH
2025-01-05T15:35:00,15:35,ONLINE_SOL_2025_0105_RAMP_UP,WND_GADAG,WND_G1_T01,5min,Real-time nowcast / control-room forecast,persistence + ramp-rate correction + SCADA quality gate,4.240,7.180,6.252,8.108,-11.761,16.529,0.0,-8.265,7.424,0.8741,0,35,82,GOOD,GOOD,ANOMALOUS,weather,WIND_RAMP_LEARNED,STEEP_ADJUST,Adjusting wind persistence weights.,WATCH
2025-01-05T15:40:00,15:40,ONLINE_SOL_2025_0105_RAMP_UP,WND_GADAG,WND_G1_T01,5min,Real-time nowcast / control-room forecast,persistence + ramp-rate correction + SCADA quality gate,4.388,7.431,6.503,8.358,-12.17,19.103,0.0,-9.552,7.424,0.8887,0,35,82,GOOD,GOOD,ANOMALOUS,weather,WIND_RAMP_LEARNED,STEEP_ADJUST,Adjusting wind persistence weights.,WATCH
2025-01-05T15:45:00,15:45,ONLINE_SOL_2025_0105_RAMP_UP,WND_GADAG,WND_G1_T01,5min,Real-time nowcast / control-room forecast,persistence + ramp-rate correction + SCADA quality gate,4.605,7.577,6.649,8.505,-11.887,21.105,0.0,-10.552,7.424,0.8987,0,35,82,GOOD,GOOD,ANOMALOUS,weather,WIND_RAMP_LEARNED,STEEP_ADJUST,Adjusting wind persistence weights.,WATCH
2025-01-05T15:50:00,15:50,ONLINE_SOL_2025_0105_RAMP_UP,WND_GADAG,WND_G1_T01,5min,Real-time nowcast / control-room forecast,persistence + ramp-rate correction + SCADA quality gate,4.894,7.631,6.704,8.559,-10.948,22.242,0.0,-11.121,7.424,0.9056,0,35,82,GOOD,GOOD,ANOMALOUS,weather,WIND_RAMP_LEARNED,STEEP_ADJUST,Adjusting wind persistence weights.,WATCH
2025-01-05T15:55:00,15:55,ONLINE_SOL_2025_0105_RAMP_UP,WND_GADAG,WND_G1_T01,5min,Real-time nowcast / control-room forecast,persistence + ramp-rate correction + SCADA quality gate,5.242,7.614,6.686,8.541,-9.488,22.326,0.0,-11.163,7.424,0.9103,0,35,82,GOOD,GOOD,ANOMALOUS,weather,WIND_RAMP_LEARNED,STEEP_ADJUST,Adjusting wind persistence weights.,WATCH
2025-01-05T16:00:00,16:00,ONLINE_SOL_2025_0105_RAMP_UP,WND_GADAG,WND_G1_T01,5min,Real-time nowcast / control-room forecast,persistence + ramp-rate correction + SCADA quality gate,5.612,7.542,6.614,8.470,-7.72,21.325,0.0,-10.662,7.424,0.9135,0,35,82,GOOD,GOOD,ANOMALOUS,weather,WIND_RAMP_LEARNED,STEEP_ADJUST,Adjusting wind persistence weights.,WATCH
2025-01-05T16:05:00,16:05,ONLINE_SOL_2025_0105_RAMP_UP,WND_GADAG,WND_G1_T01,5min,Real-time nowcast / control-room forecast,persistence + ramp-rate correction + SCADA quality gate,5.959,7.433,6.505,8.361,-5.894,19.369,0.0,-9.685,7.424,0.9156,0,35,82,GOOD,GOOD,ANOMALOUS,weather,WIND_RAMP_LEARNED,STEEP_ADJUST,Adjusting wind persistence weights.,WATCH
2025-01-05T16:10:00,16:10,ONLINE_SOL_2025_0105_RAMP_UP,WND_GADAG,WND_G1_T01,5min,Real-time nowcast / control-room forecast,persistence + ramp-rate correction + SCADA quality gate,6.239,7.297,6.369,8.225,-4.231,16.723,0.0,-8.361,7.424,0.9171,0,35,82,GOOD,GOOD,ANOMALOUS,weather,WIND_RAMP_LEARNED,STEEP_ADJUST,Adjusting wind persistence weights.,WATCH
2025-01-05T16:15:00,16:15,ONLINE_SOL_2025_0105_RAMP_UP,WND_GADAG,WND_G1_T01,5min,Real-time nowcast / control-room forecast,persistence + ramp-rate correction + SCADA quality gate,6.428,7.144,6.216,8.072,-2.866,13.716,16.667,-6.858,7.424,0.918,0,35,82,GOOD,GOOD,ANOMALOUS,weather,WIND_RAMP_LEARNED,STEEP_ADJUST,Adjusting wind persistence weights.,WATCH
2025-01-05T16:20:00,16:20,ONLINE_SOL_2025_0105_RAMP_UP,WND_GADAG,WND_G1_T01,5min,Real-time nowcast / control-room forecast,persistence + ramp-rate correction + SCADA quality gate,6.520,6.979,6.051,7.907,-1.835,10.678,33.333,-5.339,7.424,0.9187,0,35,82,GOOD,GOOD,ANOMALOUS,weather,WIND_RAMP_LEARNED,STEEP_ADJUST,Adjusting wind persistence weights.,WATCH
2025-01-05T16:25:00,16:25,ONLINE_SOL_2025_0105_RAMP_UP,WND_GADAG,WND_G1_T01,5min,Real-time nowcast / control-room forecast,persistence + ramp-rate correction + SCADA quality gate,6.527,6.804,5.876,7.732,-1.107,7.884,50.0,-3.942,7.424,0.9191,0,35,82,GOOD,GOOD,ANOMALOUS,weather,WIND_RAMP_LEARNED,STEEP_ADJUST,Adjusting wind persistence weights.,WATCH
2025-01-05T16:30:00,16:30,ONLINE_SOL_2025_0105_RAMP_UP,WND_GADAG,WND_G1_T01,5min,Real-time nowcast / control-room forecast,persistence + ramp-rate correction + SCADA quality gate,6.467,6.622,5.694,7.551,-0.622,5.518,66.667,-2.759,7.424,0.9194,0,35,82,GOOD,GOOD,ANOMALOUS,weather,WIND_RAMP_LEARNED,STEEP_ADJUST,Adjusting wind persistence weights.,WATCH
2025-01-05T16:35:00,16:35,ONLINE_SOL_2025_0105_RAMP_UP,WND_GADAG,WND_G1_T01,5min,Real-time nowcast / control-room forecast,persistence + ramp-rate correction + SCADA quality gate,6.357,6.436,5.508,7.364,-0.316,3.659,83.333,-1.829,7.424,0.9196,0,35,82,GOOD,GOOD,ANOMALOUS,weather,WIND_RAMP_LEARNED,STEEP_ADJUST,Adjusting wind persistence weights.,WATCH
2025-01-05T16:40:00,16:40,ONLINE_SOL_2025_0105_RAMP_UP,WND_GADAG,WND_G1_T01,5min,Real-time nowcast / control-room forecast,persistence + ramp-rate correction + SCADA quality gate,6.212,6.246,5.318,7.174,-0.135,2.293,100.0,-1.147,7.424,0.9197,0,35,82,GOOD,GOOD,ANOMALOUS,weather,WIND_RAMP_LEARNED,STEEP_ADJUST,Adjusting wind persistence weights.,WATCH
2025-01-05T16:45:00,16:45,ONLINE_SOL_2025_0105_RAMP_UP,WND_GADAG,WND_G1_T01,5min,Real-time nowcast / control-room forecast,persistence + ramp-rate correction + SCADA quality gate,6.042,6.052,5.124,6.980,-0.04,1.352,100.0,-0.676,7.424,0.9198,0,35,82,GOOD,GOOD,ANOMALOUS,weather,WIND_RAMP_LEARNED,STEEP_ADJUST,Adjusting wind persistence weights.,WATCH
2025-01-05T16:50:00,16:50,ONLINE_SOL_2025_0105_RAMP_UP,WND_GADAG,WND_G1_T01,5min,Real-time nowcast / control-room forecast,persistence + ramp-rate correction + SCADA quality gate,5.854,5.854,4.926,6.782,-0.002,0.741,100.0,-0.37,7.424,0.9199,0,35,82,GOOD,GOOD,ANOMALOUS,weather,WIND_RAMP_LEARNED,STEEP_ADJUST,Adjusting wind persistence weights.,WATCH
2025-01-05T16:55:00,16:55,ONLINE_SOL_2025_0105_RAMP_UP,WND_GADAG,WND_G1_T01,5min,Real-time nowcast / control-room forecast,persistence + ramp-rate correction + SCADA quality gate,5.654,5.654,4.726,6.582,-0.002,0.372,100.0,-0.186,7.424,0.9199,0,35,82,GOOD,GOOD,ANOMALOUS,weather,WIND_RAMP_LEARNED,STEEP_ADJUST,Adjusting wind persistence weights.,WATCH
2025-01-05T17:00:00,17:00,ONLINE_SOL_2025_0105_RAMP_UP,WND_GADAG,WND_G1_T01,5min,Real-time nowcast / control-room forecast,persistence + ramp-rate correction + SCADA quality gate,5.445,5.452,4.524,6.380,-0.025,0.173,100.0,-0.087,7.424,0.9199,0,35,82,GOOD,GOOD,ANOMALOUS,weather,WIND_RAMP_LEARNED,STEEP_ADJUST,Adjusting wind persistence weights.,WATCH
2025-01-05T17:05:00,17:05,ONLINE_SOL_2025_0105_RAMP_UP,WND_GADAG,WND_G1_T01,5min,Real-time nowcast / control-room forecast,persistence + ramp-rate correction + SCADA quality gate,5.231,5.246,4.318,6.174,-0.063,0.089,100.0,-0.044,7.424,0.92,0,35,82,GOOD,GOOD,ANOMALOUS,weather,WIND_RAMP_LEARNED,STEEP_ADJUST,Adjusting wind persistence weights.,WATCH
2025-01-05T17:10:00,17:10,ONLINE_SOL_2025_0105_RAMP_UP,WND_GADAG,WND_G1_T01,5min,Real-time nowcast / control-room forecast,persistence + ramp-rate correction + SCADA quality gate,5.011,5.038,4.110,5.966,-0.109,0.08,100.0,-0.04,7.424,0.92,0,35,82,GOOD,GOOD,ANOMALOUS,weather,WIND_RAMP_LEARNED,STEEP_ADJUST,Adjusting wind persistence weights.,WATCH
2025-01-05T17:15:00,17:15,ONLINE_SOL_2025_0105_RAMP_UP,WND_GADAG,WND_G1_T01,5min,Real-time nowcast / control-room forecast,persistence + ramp-rate correction + SCADA quality gate,4.788,4.828,4.188,5.468,-0.158,0.119,100.0,-0.06,5.12,0.92,0,0,82,GOOD,GOOD,NORMAL,normal,NORMAL_LEARNING,NO_ACTION,Continue normal wind nowcast update.,OK
2025-01-05T17:20:00,17:20,ONLINE_SOL_2025_0105_RAMP_UP,WND_GADAG,WND_G1_T01,5min,Real-time nowcast / control-room forecast,persistence + ramp-rate correction + SCADA quality gate,4.564,4.616,3.976,5.256,-0.208,0.188,100.0,-0.094,5.12,0.92,0,0,82,GOOD,GOOD,NORMAL,normal,NORMAL_LEARNING,NO_ACTION,Continue normal wind nowcast update.,OK
2025-01-05T17:25:00,17:25,ONLINE_SOL_2025_0105_RAMP_UP,WND_GADAG,WND_G1_T01,5min,Real-time nowcast / control-room forecast,persistence + ramp-rate correction + SCADA quality gate,4.338,4.401,3.761,5.041,-0.255,0.272,100.0,-0.136,5.12,0.92,0,0,82,GOOD,GOOD,NORMAL,normal,NORMAL_LEARNING,NO_ACTION,Continue normal wind nowcast update.,OK
2025-01-05T17:30:00,17:30,ONLINE_SOL_2025_0105_RAMP_UP,WND_GADAG,WND_G1_T01,5min,Real-time nowcast / control-room forecast,persistence + ramp-rate correction + SCADA quality gate,4.110,4.184,3.545,4.824,-0.297,0.363,100.0,-0.182,5.12,0.92,0,0,82,GOOD,GOOD,NORMAL,normal,NORMAL_LEARNING,NO_ACTION,Continue normal wind nowcast update.,OK
2025-01-05T17:35:00,17:35,ONLINE_SOL_2025_0105_RAMP_UP,WND_GADAG,WND_G1_T01,5min,Real-time nowcast / control-room forecast,persistence + ramp-rate correction + SCADA quality gate,3.882,3.966,3.325,4.606,-0.333,0.453,100.0,-0.227,5.12,0.92,0,0,82,GOOD,GOOD,NORMAL,normal,NORMAL_LEARNING,NO_ACTION,Continue normal wind nowcast update.,OK
2025-01-05T17:40:00,17:40,ONLINE_SOL_2025_0105_RAMP_UP,WND_GADAG,WND_G1_T01,5min,Real-time nowcast / control-room forecast,persistence + ramp-rate correction + SCADA quality gate,3.654,3.745,3.105,4.385,-0.363,0.538,100.0,-0.269,5.12,0.92,0,0,82,GOOD,GOOD,NORMAL,normal,NORMAL_LEARNING,NO_ACTION,Continue normal wind nowcast update.,OK
2025-01-05T17:45:00,17:45,ONLINE_SOL_2025_0105_RAMP_UP,WND_GADAG,WND_G1_T01,5min,Real-time nowcast / control-room forecast,persistence + ramp-rate correction + SCADA quality gate,3.426,3.522,2.882,4.162,-0.384,0.613,100.0,-0.307,5.12,0.92,0,0,82,GOOD,GOOD,NORMAL,normal,NORMAL_LEARNING,NO_ACTION,Continue normal wind nowcast update.,OK
2025-01-05T17:50:00,17:50,ONLINE_SOL_2025_0105_RAMP_UP,WND_GADAG,WND_G1_T01,5min,Real-time nowcast / control-room forecast,persistence + ramp-rate correction + SCADA quality gate,3.199,3.297,2.658,3.938,-0.396,0.676,100.0,-0.338,5.12,0.92,0,0,82,GOOD,GOOD,NORMAL,normal,NORMAL_LEARNING,NO_ACTION,Continue normal wind nowcast update.,OK
2025-01-05T17:55:00,17:55,ONLINE_SOL_2025_0105_RAMP_UP,WND_GADAG,WND_G1_T01,5min,Real-time nowcast / control-room forecast,persistence + ramp-rate correction + SCADA quality gate,2.971,3.071,2.431,3.711,-0.4,0.725,100.0,-0.362,5.12,0.92,0,0,82,GOOD,GOOD,NORMAL,normal,NORMAL_LEARNING,NO_ACTION,Continue normal wind nowcast update.,OK
2025-01-05T18:00:00,18:00,ONLINE_SOL_2025_0105_RAMP_UP,WND_GADAG,WND_G1_T01,5min,Real-time nowcast / control-room forecast,persistence + ramp-rate correction + SCADA quality gate,2.744,2.843,2.203,3.483,-0.396,0.757,100.0,-0.379,5.12,0.92,0,0,82,GOOD,GOOD,NORMAL,normal,NORMAL_LEARNING,NO_ACTION,Continue normal wind nowcast update.,OK
2025-01-05T18:05:00,18:05,ONLINE_SOL_2025_0105_RAMP_UP,WND_GADAG,WND_G1_T01,5min,Real-time nowcast / control-room forecast,persistence + ramp-rate correction + SCADA quality gate,2.518,2.614,1.974,3.253,-0.384,0.774,100.0,-0.387,5.12,0.92,0,0,82,GOOD,GOOD,NORMAL,normal,NORMAL_LEARNING,NO_ACTION,Continue normal wind nowcast update.,OK
2025-01-05T18:10:00,18:10,ONLINE_SOL_2025_0105_RAMP_UP,WND_GADAG,WND_G1_T01,5min,Real-time nowcast / control-room forecast,persistence + ramp-rate correction + SCADA quality gate,2.291,2.382,1.742,3.022,-0.364,0.775,100.0,-0.387,5.12,0.92,0,0,82,GOOD,GOOD,NORMAL,normal,NORMAL_LEARNING,NO_ACTION,Continue normal wind nowcast update.,OK
2025-01-05T18:15:00,18:15,ONLINE_SOL_2025_0105_RAMP_UP,WND_GADAG,WND_G1_T01,5min,Real-time nowcast / control-room forecast,persistence + ramp-rate correction + SCADA quality gate,2.065,2.150,1.510,2.789,-0.337,0.759,100.0,-0.38,5.12,0.92,0,0,82,GOOD,GOOD,NORMAL,normal,NORMAL_LEARNING,NO_ACTION,Continue normal wind nowcast update.,OK
2025-01-05T18:20:00,18:20,ONLINE_SOL_2025_0105_RAMP_UP,WND_GADAG,WND_G1_T01,5min,Real-time nowcast / control-room forecast,persistence + ramp-rate correction + SCADA quality gate,1.839,1.915,1.275,2.555,-0.305,0.729,100.0,-0.364,5.12,0.92,0,0,82,GOOD,GOOD,NORMAL,normal,NORMAL_LEARNING,NO_ACTION,Continue normal wind nowcast update.,OK
2025-01-05T18:25:00,18:25,ONLINE_SOL_2025_0105_RAMP_UP,WND_GADAG,WND_G1_T01,5min,Real-time nowcast / control-room forecast,persistence + ramp-rate correction + SCADA quality gate,1.613,1.680,1.040,2.320,-0.269,0.685,100.0,-0.342,5.12,0.92,0,0,82,GOOD,GOOD,NORMAL,normal,NORMAL_LEARNING,NO_ACTION,Continue normal wind nowcast update.,OK
2025-01-05T18:30:00,18:30,ONLINE_SOL_2025_0105_RAMP_UP,WND_GADAG,WND_G1_T01,5min,Real-time nowcast / control-room forecast,persistence + ramp-rate correction + SCADA quality gate,1.386,1.443,0.803,2.083,-0.229,0.629,100.0,-0.315,5.12,0.92,0,0,82,GOOD,GOOD,NORMAL,normal,NORMAL_LEARNING,NO_ACTION,Continue normal wind nowcast update.,OK
2025-01-05T18:35:00,18:35,ONLINE_SOL_2025_0105_RAMP_UP,WND_GADAG,WND_G1_T01,5min,Real-time nowcast / control-room forecast,persistence + ramp-rate correction + SCADA quality gate,1.158,1.205,0.565,1.845,-0.188,0.564,100.0,-0.282,5.12,0.92,0,0,82,GOOD,GOOD,NORMAL,normal,NORMAL_LEARNING,NO_ACTION,Continue normal wind nowcast update.,OK
2025-01-05T18:40:00,18:40,ONLINE_SOL_2025_0105_RAMP_UP,WND_GADAG,WND_G1_T01,5min,Real-time nowcast / control-room forecast,persistence + ramp-rate correction + SCADA quality gate,0.929,0.966,0.326,1.606,-0.146,0.491,100.0,-0.246,5.12,0.92,0,0,82,GOOD,GOOD,NORMAL,normal,NORMAL_LEARNING,NO_ACTION,Continue normal wind nowcast update.,OK
2025-01-05T18:45:00,18:45,ONLINE_SOL_2025_0105_RAMP_UP,WND_GADAG,WND_G1_T01,5min,Real-time nowcast / control-room forecast,persistence + ramp-rate correction + SCADA quality gate,0.700,0.726,0.086,1.366,-0.105,0.414,100.0,-0.207,5.12,0.92,0,0,82,GOOD,GOOD,NORMAL,normal,NORMAL_LEARNING,NO_ACTION,Continue normal wind nowcast update.,OK
2025-01-05T18:50:00,18:50,ONLINE_SOL_2025_0105_RAMP_UP,WND_GADAG,WND_G1_T01,5min,Real-time nowcast / control-room forecast,persistence + ramp-rate correction + SCADA quality gate,0.468,0.485,0.000,1.125,-0.066,0.334,100.0,-0.167,4.499,0.92,0,0,82,GOOD,GOOD,NORMAL,normal,NORMAL_LEARNING,NO_ACTION,Continue normal wind nowcast update.,OK
2025-01-05T18:55:00,18:55,ONLINE_SOL_2025_0105_RAMP_UP,WND_GADAG,WND_G1_T01,5min,Real-time nowcast / control-room forecast,persistence + ramp-rate correction + SCADA quality gate,0.235,0.243,0.000,0.883,-0.031,0.255,100.0,-0.128,3.531,0.92,0,0,82,GOOD,GOOD,NORMAL,normal,NORMAL_LEARNING,NO_ACTION,Continue normal wind nowcast update.,OK
2025-01-05T19:00:00,19:00,ONLINE_SOL_2025_0105_RAMP_UP,WND_GADAG,WND_G1_T01,5min,Real-time nowcast / control-room forecast,persistence + ramp-rate correction + SCADA quality gate,0.000,0.000,0.000,0.640,-0.0,0.179,100.0,-0.089,2.56,0.92,0,0,82,GOOD,GOOD,NORMAL,normal,NORMAL_LEARNING,NO_ACTION,Continue normal wind nowcast update.,OK
2025-01-05T05:00:00,05:00,ONLINE_SOL_2025_0105_RAMP_UP,WND_GADAG,WND_G1_T01,15min,Intra-hour dispatch correction,persistence + physical blend + residual correction,0.000,0.000,0.000,0.880,0.0,0.0,100.0,0.0,3.52,0.12,0,0,0,GOOD,GOOD,NORMAL,normal,NORMAL_LEARNING,NO_ACTION,Continue normal wind nowcast update.,OK
2025-01-05T05:05:00,05:05,ONLINE_SOL_2025_0105_RAMP_UP,WND_GADAG,WND_G1_T01,15min,Intra-hour dispatch correction,persistence + physical blend + residual correction,0.110,0.107,0.000,0.987,0.012,0.012,100.0,0.006,3.948,0.12,0,0,0,GOOD,GOOD,NORMAL,normal,NORMAL_LEARNING,NO_ACTION,Continue normal wind nowcast update.,OK
2025-01-05T05:10:00,05:10,ONLINE_SOL_2025_0105_RAMP_UP,WND_GADAG,WND_G1_T01,15min,Intra-hour dispatch correction,persistence + physical blend + residual correction,0.220,0.214,0.000,1.094,0.023,0.024,100.0,0.012,4.375,0.12,0,0,0,GOOD,GOOD,NORMAL,normal,NORMAL_LEARNING,NO_ACTION,Continue normal wind nowcast update.,OK
2025-01-05T05:15:00,05:15,ONLINE_SOL_2025_0105_RAMP_UP,WND_GADAG,WND_G1_T01,15min,Intra-hour dispatch correction,persistence + physical blend + residual correction,0.328,0.320,0.000,1.200,0.032,0.034,100.0,0.017,4.8,0.12,0,0,0,GOOD,GOOD,NORMAL,normal,NORMAL_LEARNING,NO_ACTION,Continue normal wind nowcast update.,OK
2025-01-05T05:20:00,05:20,ONLINE_SOL_2025_0105_RAMP_UP,WND_GADAG,WND_G1_T01,15min,Intra-hour dispatch correction,persistence + physical blend + residual correction,0.436,0.426,0.000,1.306,0.039,0.043,100.0,0.021,5.224,0.12,0,0,0,GOOD,GOOD,NORMAL,normal,NORMAL_LEARNING,NO_ACTION,Continue normal wind nowcast update.,OK
2025-01-05T05:25:00,05:25,ONLINE_SOL_2025_0105_RAMP_UP,WND_GADAG,WND_G1_T01,15min,Intra-hour dispatch correction,persistence + physical blend + residual correction,0.542,0.531,0.000,1.411,0.043,0.05,100.0,0.025,5.646,0.12,0,0,0,GOOD,GOOD,NORMAL,normal,NORMAL_LEARNING,NO_ACTION,Continue normal wind nowcast update.,OK
2025-01-05T05:30:00,05:30,ONLINE_SOL_2025_0105_RAMP_UP,WND_GADAG,WND_G1_T01,15min,Intra-hour dispatch correction,persistence + physical blend + residual correction,0.647,0.636,0.000,1.516,0.044,0.056,100.0,0.028,6.065,0.12,0,0,0,GOOD,GOOD,NORMAL,normal,NORMAL_LEARNING,NO_ACTION,Continue normal wind nowcast update.,OK
2025-01-05T05:35:00,05:35,ONLINE_SOL_2025_0105_RAMP_UP,WND_GADAG,WND_G1_T01,15min,Intra-hour dispatch correction,persistence + physical blend + residual correction,0.751,0.741,0.000,1.621,0.043,0.059,100.0,0.03,6.483,0.12,0,0,0,GOOD,GOOD,NORMAL,normal,NORMAL_LEARNING,NO_ACTION,Continue normal wind nowcast update.,OK
2025-01-05T05:40:00,05:40,ONLINE_SOL_2025_0105_RAMP_UP,WND_GADAG,WND_G1_T01,15min,Intra-hour dispatch correction,persistence + physical blend + residual correction,0.854,0.845,0.000,1.725,0.037,0.061,100.0,0.031,6.899,0.12,0,0,0,GOOD,GOOD,NORMAL,normal,NORMAL_LEARNING,NO_ACTION,Continue normal wind nowcast update.,OK
2025-01-05T05:45:00,05:45,ONLINE_SOL_2025_0105_RAMP_UP,WND_GADAG,WND_G1_T01,15min,Intra-hour dispatch correction,persistence + physical blend + residual correction,0.955,0.948,0.068,1.828,0.029,0.061,100.0,0.03,7.04,0.12,0,0,0,GOOD,GOOD,NORMAL,normal,NORMAL_LEARNING,NO_ACTION,Continue normal wind nowcast update.,OK
2025-01-05T05:50:00,05:50,ONLINE_SOL_2025_0105_RAMP_UP,WND_GADAG,WND_G1_T01,15min,Intra-hour dispatch correction,persistence + physical blend + residual correction,1.055,1.050,0.171,1.931,0.018,0.058,100.0,0.029,7.04,0.12,0,0,0,GOOD,GOOD,NORMAL,normal,NORMAL_LEARNING,NO_ACTION,Continue normal wind nowcast update.,OK
2025-01-05T05:55:00,05:55,ONLINE_SOL_2025_0105_RAMP_UP,WND_GADAG,WND_G1_T01,15min,Intra-hour dispatch correction,persistence + physical blend + residual correction,1.153,1.153,0.273,2.033,0.004,0.054,100.0,0.027,7.04,0.12,0,0,0,GOOD,GOOD,NORMAL,normal,NORMAL_LEARNING,NO_ACTION,Continue normal wind nowcast update.,OK
2025-01-05T06:00:00,06:00,ONLINE_SOL_2025_0105_RAMP_UP,WND_GADAG,WND_G1_T01,15min,Intra-hour dispatch correction,persistence + physical blend + residual correction,1.251,1.254,0.374,2.134,-0.013,0.056,100.0,0.026,7.04,0.12,0,0,0,GOOD,GOOD,NORMAL,normal,NORMAL_LEARNING,NO_ACTION,Continue normal wind nowcast update.,OK
2025-01-05T06:05:00,06:05,ONLINE_SOL_2025_0105_RAMP_UP,WND_GADAG,WND_G1_T01,15min,Intra-hour dispatch correction,persistence + physical blend + residual correction,1.347,1.355,0.474,2.235,-0.031,0.059,100.0,0.022,7.04,0.12,0,0,0,GOOD,GOOD,NORMAL,normal,NORMAL_LEARNING,NO_ACTION,Continue normal wind nowcast update.,OK
2025-01-05T06:10:00,06:10,ONLINE_SOL_2025_0105_RAMP_UP,WND_GADAG,WND_G1_T01,15min,Intra-hour dispatch correction,persistence + physical blend + residual correction,1.442,1.454,0.574,2.334,-0.051,0.064,100.0,0.016,7.04,0.12,0,0,0,GOOD,GOOD,NORMAL,normal,NORMAL_LEARNING,NO_ACTION,Continue normal wind nowcast update.,OK
2025-01-05T06:15:00,06:15,ONLINE_SOL_2025_0105_RAMP_UP,WND_GADAG,WND_G1_T01,15min,Intra-hour dispatch correction,persistence + physical blend + residual correction,1.535,1.553,0.673,2.433,-0.072,0.071,100.0,0.008,7.04,0.12,0,0,0,GOOD,GOOD,NORMAL,normal,NORMAL_LEARNING,NO_ACTION,Continue normal wind nowcast update.,OK
2025-01-05T06:20:00,06:20,ONLINE_SOL_2025_0105_RAMP_UP,WND_GADAG,WND_G1_T01,15min,Intra-hour dispatch correction,persistence + physical blend + residual correction,1.629,1.651,0.771,2.531,-0.092,0.08,100.0,-0.003,7.04,0.12,0,0,0,GOOD,GOOD,NORMAL,normal,NORMAL_LEARNING,NO_ACTION,Continue normal wind nowcast update.,OK
2025-01-05T06:25:00,06:25,ONLINE_SOL_2025_0105_RAMP_UP,WND_GADAG,WND_G1_T01,15min,Intra-hour dispatch correction,persistence + physical blend + residual correction,1.721,1.749,0.869,2.629,-0.113,0.091,100.0,-0.016,7.04,0.12,0,0,0,GOOD,GOOD,NORMAL,normal,NORMAL_LEARNING,NO_ACTION,Continue normal wind nowcast update.,OK
2025-01-05T06:30:00,06:30,ONLINE_SOL_2025_0105_RAMP_UP,WND_GADAG,WND_G1_T01,15min,Intra-hour dispatch correction,persistence + physical blend + residual correction,1.813,1.845,0.965,2.725,-0.131,0.106,100.0,-0.031,7.04,0.12,0,0,0,GOOD,GOOD,NORMAL,normal,NORMAL_LEARNING,NO_ACTION,Continue normal wind nowcast update.,OK
2025-01-05T06:35:00,06:35,ONLINE_SOL_2025_0105_RAMP_UP,WND_GADAG,WND_G1_T01,15min,Intra-hour dispatch correction,persistence + physical blend + residual correction,1.904,1.941,1.061,2.821,-0.148,0.123,100.0,-0.047,7.04,0.12,0,0,0,GOOD,GOOD,NORMAL,normal,NORMAL_LEARNING,NO_ACTION,Continue normal wind nowcast update.,OK
2025-01-05T06:40:00,06:40,ONLINE_SOL_2025_0105_RAMP_UP,WND_GADAG,WND_G1_T01,15min,Intra-hour dispatch correction,persistence + physical blend + residual correction,1.995,2.035,1.155,2.916,-0.163,0.144,100.0,-0.064,7.04,0.12,0,0,0,GOOD,GOOD,NORMAL,normal,NORMAL_LEARNING,NO_ACTION,Continue normal wind nowcast update.,OK
2025-01-05T06:45:00,06:45,ONLINE_SOL_2025_0105_RAMP_UP,WND_GADAG,WND_G1_T01,15min,Intra-hour dispatch correction,persistence + physical blend + residual correction,2.086,2.129,1.249,3.009,-0.174,0.168,100.0,-0.081,7.04,0.12,0,0,0,GOOD,GOOD,NORMAL,normal,NORMAL_LEARNING,NO_ACTION,Continue normal wind nowcast update.,OK
2025-01-05T06:50:00,06:50,ONLINE_SOL_2025_0105_RAMP_UP,WND_GADAG,WND_G1_T01,15min,Intra-hour dispatch correction,persistence + physical blend + residual correction,2.177,2.222,1.342,3.102,-0.181,0.195,100.0,-0.097,7.04,0.12,0,0,0,GOOD,GOOD,NORMAL,normal,NORMAL_LEARNING,NO_ACTION,Continue normal wind nowcast update.,OK
2025-01-05T06:55:00,06:55,ONLINE_SOL_2025_0105_RAMP_UP,WND_GADAG,WND_G1_T01,15min,Intra-hour dispatch correction,persistence + physical blend + residual correction,2.268,2.314,1.434,3.194,-0.183,0.225,100.0,-0.113,7.04,0.12,0,0,0,GOOD,GOOD,NORMAL,normal,NORMAL_LEARNING,NO_ACTION,Continue normal wind nowcast update.,OK
2025-01-05T07:00:00,07:00,ONLINE_SOL_2025_0105_RAMP_UP,WND_GADAG,WND_G1_T01,15min,Intra-hour dispatch correction,persistence + physical blend + residual correction,2.359,2.404,1.524,3.284,-0.181,0.253,100.0,-0.127,7.04,0.12,0,0,0,GOOD,GOOD,NORMAL,normal,NORMAL_LEARNING,NO_ACTION,Continue normal wind nowcast update.,OK
2025-01-05T07:05:00,07:05,ONLINE_SOL_2025_0105_RAMP_UP,WND_GADAG,WND_G1_T01,15min,Intra-hour dispatch correction,persistence + physical blend + residual correction,2.450,2.494,1.614,3.374,-0.174,0.277,100.0,-0.138,7.04,0.12,0,0,0,GOOD,GOOD,NORMAL,normal,NORMAL_LEARNING,NO_ACTION,Continue normal wind nowcast update.,OK
2025-01-05T07:10:00,07:10,ONLINE_SOL_2025_0105_RAMP_UP,WND_GADAG,WND_G1_T01,15min,Intra-hour dispatch correction,persistence + physical blend + residual correction,2.542,2.583,1.702,3.462,-0.161,0.295,100.0,-0.148,7.04,0.12,0,0,0,GOOD,GOOD,NORMAL,normal,NORMAL_LEARNING,NO_ACTION,Continue normal wind nowcast update.,OK
2025-01-05T07:15:00,07:15,ONLINE_SOL_2025_0105_RAMP_UP,WND_GADAG,WND_G1_T01,15min,Intra-hour dispatch correction,persistence + physical blend + residual correction,2.634,2.670,1.790,3.550,-0.143,0.307,100.0,-0.154,7.04,0.12,0,0,0,GOOD,GOOD,NORMAL,normal,NORMAL_LEARNING,NO_ACTION,Continue normal wind nowcast update.,OK
2025-01-05T07:20:00,07:20,ONLINE_SOL_2025_0105_RAMP_UP,WND_GADAG,WND_G1_T01,15min,Intra-hour dispatch correction,persistence + physical blend + residual correction,2.726,2.756,1.876,3.636,-0.119,0.312,100.0,-0.156,7.04,0.12,0,0,0,GOOD,GOOD,NORMAL,normal,NORMAL_LEARNING,NO_ACTION,Continue normal wind nowcast update.,OK
2025-01-05T07:25:00,07:25,ONLINE_SOL_2025_0105_RAMP_UP,WND_GADAG,WND_G1_T01,15min,Intra-hour dispatch correction,persistence + physical blend + residual correction,2.818,2.841,1.961,3.721,-0.091,0.308,100.0,-0.154,7.04,0.12,0,0,0,GOOD,GOOD,NORMAL,normal,NORMAL_LEARNING,NO_ACTION,Continue normal wind nowcast update.,OK
2025-01-05T07:30:00,07:30,ONLINE_SOL_2025_0105_RAMP_UP,WND_GADAG,WND_G1_T01,15min,Intra-hour dispatch correction,persistence + physical blend + residual correction,2.911,2.925,2.045,3.805,-0.058,0.296,100.0,-0.148,7.04,0.12,0,0,0,GOOD,GOOD,NORMAL,normal,NORMAL_LEARNING,NO_ACTION,Continue normal wind nowcast update.,OK
2025-01-05T07:35:00,07:35,ONLINE_SOL_2025_0105_RAMP_UP,WND_GADAG,WND_G1_T01,15min,Intra-hour dispatch correction,persistence + physical blend + residual correction,3.003,3.008,2.128,3.888,-0.02,0.274,100.0,-0.137,7.04,0.12,0,0,0,GOOD,GOOD,NORMAL,normal,NORMAL_LEARNING,NO_ACTION,Continue normal wind nowcast update.,OK
2025-01-05T07:40:00,07:40,ONLINE_SOL_2025_0105_RAMP_UP,WND_GADAG,WND_G1_T01,15min,Intra-hour dispatch correction,persistence + physical blend + residual correction,3.095,3.090,2.209,3.970,0.021,0.251,100.0,-0.122,7.04,0.12,0,0,0,GOOD,GOOD,NORMAL,normal,NORMAL_LEARNING,NO_ACTION,Continue normal wind nowcast update.,OK
2025-01-05T07:45:00,07:45,ONLINE_SOL_2025_0105_RAMP_UP,WND_GADAG,WND_G1_T01,15min,Intra-hour dispatch correction,persistence + physical blend + residual correction,3.186,3.170,2.290,4.050,0.065,0.233,100.0,-0.102,7.04,0.12,0,0,0,GOOD,GOOD,NORMAL,normal,NORMAL_LEARNING,NO_ACTION,Continue normal wind nowcast update.,OK
2025-01-05T07:50:00,07:50,ONLINE_SOL_2025_0105_RAMP_UP,WND_GADAG,WND_G1_T01,15min,Intra-hour dispatch correction,persistence + physical blend + residual correction,3.276,3.249,2.369,4.129,0.111,0.221,100.0,-0.078,7.04,0.12,0,0,0,GOOD,GOOD,NORMAL,normal,NORMAL_LEARNING,NO_ACTION,Continue normal wind nowcast update.,OK
2025-01-05T07:55:00,07:55,ONLINE_SOL_2025_0105_RAMP_UP,WND_GADAG,WND_G1_T01,15min,Intra-hour dispatch correction,persistence + physical blend + residual correction,3.366,3.326,2.446,4.207,0.159,0.217,100.0,-0.049,7.04,0.12,0,0,0,GOOD,GOOD,NORMAL,normal,NORMAL_LEARNING,NO_ACTION,Continue normal wind nowcast update.,OK
2025-01-05T08:00:00,08:00,ONLINE_SOL_2025_0105_RAMP_UP,WND_GADAG,WND_G1_T01,15min,Intra-hour dispatch correction,persistence + physical blend + residual correction,3.454,3.403,2.523,4.283,0.207,0.221,100.0,-0.017,7.04,0.12,0,0,0,GOOD,GOOD,NORMAL,normal,NORMAL_LEARNING,NO_ACTION,Continue normal wind nowcast update.,OK
2025-01-05T08:05:00,08:05,ONLINE_SOL_2025_0105_RAMP_UP,WND_GADAG,WND_G1_T01,15min,Intra-hour dispatch correction,persistence + physical blend + residual correction,3.542,3.478,2.598,4.358,0.254,0.235,100.0,0.019,7.04,0.12,0,0,0,GOOD,GOOD,NORMAL,normal,NORMAL_LEARNING,NO_ACTION,Continue normal wind nowcast update.,OK
2025-01-05T08:10:00,08:10,ONLINE_SOL_2025_0105_RAMP_UP,WND_GADAG,WND_G1_T01,15min,Intra-hour dispatch correction,persistence + physical blend + residual correction,3.627,3.552,2.672,4.432,0.299,0.258,100.0,0.057,7.04,0.12,0,0,0,GOOD,GOOD,NORMAL,normal,NORMAL_LEARNING,NO_ACTION,Continue normal wind nowcast update.,OK
2025-01-05T08:15:00,08:15,ONLINE_SOL_2025_0105_RAMP_UP,WND_GADAG,WND_G1_T01,15min,Intra-hour dispatch correction,persistence + physical blend + residual correction,3.710,3.624,2.744,4.504,0.342,0.291,100.0,0.098,7.04,0.12,0,0,0,GOOD,GOOD,NORMAL,normal,NORMAL_LEARNING,NO_ACTION,Continue normal wind nowcast update.,OK
2025-01-05T08:20:00,08:20,ONLINE_SOL_2025_0105_RAMP_UP,WND_GADAG,WND_G1_T01,15min,Intra-hour dispatch correction,persistence + physical blend + residual correction,3.791,3.695,2.815,4.575,0.381,0.335,100.0,0.139,7.04,0.12,0,0,0,GOOD,GOOD,NORMAL,normal,NORMAL_LEARNING,NO_ACTION,Continue normal wind nowcast update.,OK
2025-01-05T08:25:00,08:25,ONLINE_SOL_2025_0105_RAMP_UP,WND_GADAG,WND_G1_T01,15min,Intra-hour dispatch correction,persistence + physical blend + residual correction,3.869,3.765,2.885,4.645,0.416,0.389,100.0,0.182,7.04,0.12,0,0,0,GOOD,GOOD,NORMAL,normal,NORMAL_LEARNING,NO_ACTION,Continue normal wind nowcast update.,OK
2025-01-05T08:30:00,08:30,ONLINE_SOL_2025_0105_RAMP_UP,WND_GADAG,WND_G1_T01,15min,Intra-hour dispatch correction,persistence + physical blend + residual correction,3.945,3.833,2.953,4.713,0.445,0.454,100.0,0.223,7.04,0.12,0,0,0,GOOD,GOOD,NORMAL,normal,NORMAL_LEARNING,NO_ACTION,Continue normal wind nowcast update.,OK
2025-01-05T08:35:00,08:35,ONLINE_SOL_2025_0105_RAMP_UP,WND_GADAG,WND_G1_T01,15min,Intra-hour dispatch correction,persistence + physical blend + residual correction,4.017,3.900,3.020,4.780,0.468,0.528,100.0,0.264,7.04,0.12,0,0,0,GOOD,GOOD,NORMAL,normal,NORMAL_LEARNING,NO_ACTION,Continue normal wind nowcast update.,OK
2025-01-05T08:40:00,08:40,ONLINE_SOL_2025_0105_RAMP_UP,WND_GADAG,WND_G1_T01,15min,Intra-hour dispatch correction,persistence + physical blend + residual correction,4.087,3.965,3.085,4.845,0.484,0.605,100.0,0.303,7.04,0.12,0,0,0,GOOD,GOOD,NORMAL,normal,NORMAL_LEARNING,NO_ACTION,Continue normal wind nowcast update.,OK
2025-01-05T08:45:00,08:45,ONLINE_SOL_2025_0105_RAMP_UP,WND_GADAG,WND_G1_T01,15min,Intra-hour dispatch correction,persistence + physical blend + residual correction,4.152,4.029,3.149,4.909,0.493,0.677,100.0,0.338,7.04,0.12,0,0,0,GOOD,GOOD,NORMAL,normal,NORMAL_LEARNING,NO_ACTION,Continue normal wind nowcast update.,OK
2025-01-05T08:50:00,08:50,ONLINE_SOL_2025_0105_RAMP_UP,WND_GADAG,WND_G1_T01,15min,Intra-hour dispatch correction,persistence + physical blend + residual correction,4.215,4.092,3.212,4.972,0.494,0.741,100.0,0.37,7.04,0.12,0,0,0,GOOD,GOOD,NORMAL,normal,NORMAL_LEARNING,NO_ACTION,Continue normal wind nowcast update.,OK
2025-01-05T08:55:00,08:55,ONLINE_SOL_2025_0105_RAMP_UP,WND_GADAG,WND_G1_T01,15min,Intra-hour dispatch correction,persistence + physical blend + residual correction,4.274,4.153,3.273,5.033,0.487,0.795,100.0,0.398,7.04,0.12,0,0,0,GOOD,GOOD,NORMAL,normal,NORMAL_LEARNING,NO_ACTION,Continue normal wind nowcast update.,OK
2025-01-05T09:00:00,09:00,ONLINE_SOL_2025_0105_RAMP_UP,WND_GADAG,WND_G1_T01,15min,Intra-hour dispatch correction,persistence + physical blend + residual correction,4.330,4.213,3.333,5.093,0.472,0.839,100.0,0.42,7.04,0.12,0,0,0,GOOD,GOOD,NORMAL,normal,NORMAL_LEARNING,NO_ACTION,Continue normal wind nowcast update.,OK
2025-01-05T09:05:00,09:05,ONLINE_SOL_2025_0105_RAMP_UP,WND_GADAG,WND_G1_T01,15min,Intra-hour dispatch correction,persistence + physical blend + residual correction,4.383,4.271,3.390,5.151,0.449,0.872,100.0,0.436,7.04,0.12,0,0,0,GOOD,GOOD,NORMAL,normal,NORMAL_LEARNING,NO_ACTION,Continue normal wind nowcast update.,OK
2025-01-05T09:10:00,09:10,ONLINE_SOL_2025_0105_RAMP_UP,WND_GADAG,WND_G1_T01,15min,Intra-hour dispatch correction,persistence + physical blend + residual correction,4.431,4.327,3.447,5.207,0.418,0.891,100.0,0.446,7.04,0.12,0,0,0,GOOD,GOOD,NORMAL,normal,NORMAL_LEARNING,NO_ACTION,Continue normal wind nowcast update.,OK
2025-01-05T09:15:00,09:15,ONLINE_SOL_2025_0105_RAMP_UP,WND_GADAG,WND_G1_T01,15min,Intra-hour dispatch correction,persistence + physical blend + residual correction,4.477,4.382,3.502,5.262,0.38,0.898,100.0,0.449,7.04,0.12,0,0,0,GOOD,GOOD,NORMAL,normal,NORMAL_LEARNING,NO_ACTION,Continue normal wind nowcast update.,OK
2025-01-05T09:20:00,09:20,ONLINE_SOL_2025_0105_RAMP_UP,WND_GADAG,WND_G1_T01,15min,Intra-hour dispatch correction,persistence + physical blend + residual correction,4.519,4.436,3.555,5.316,0.336,0.89,100.0,0.445,7.04,0.12,0,0,0,GOOD,GOOD,NORMAL,normal,NORMAL_LEARNING,NO_ACTION,Continue normal wind nowcast update.,OK
2025-01-05T09:25:00,09:25,ONLINE_SOL_2025_0105_RAMP_UP,WND_GADAG,WND_G1_T01,15min,Intra-hour dispatch correction,persistence + physical blend + residual correction,4.559,4.487,3.607,5.367,0.286,0.868,100.0,0.434,7.04,0.12,0,0,0,GOOD,GOOD,NORMAL,normal,NORMAL_LEARNING,NO_ACTION,Continue normal wind nowcast update.,OK
2025-01-05T09:30:00,09:30,ONLINE_SOL_2025_0105_RAMP_UP,WND_GADAG,WND_G1_T01,15min,Intra-hour dispatch correction,persistence + physical blend + residual correction,4.596,4.538,3.658,5.418,0.231,0.833,100.0,0.416,7.04,0.12,0,0,0,GOOD,GOOD,NORMAL,normal,NORMAL_LEARNING,NO_ACTION,Continue normal wind nowcast update.,OK
2025-01-05T09:35:00,09:35,ONLINE_SOL_2025_0105_RAMP_UP,WND_GADAG,WND_G1_T01,15min,Intra-hour dispatch correction,persistence + physical blend + residual correction,4.630,4.587,3.707,5.466,0.172,0.783,100.0,0.392,7.04,0.12,0,0,0,GOOD,GOOD,NORMAL,normal,NORMAL_LEARNING,NO_ACTION,Continue normal wind nowcast update.,OK
2025-01-05T09:40:00,09:40,ONLINE_SOL_2025_0105_RAMP_UP,WND_GADAG,WND_G1_T01,15min,Intra-hour dispatch correction,persistence + physical blend + residual correction,4.661,4.634,3.754,5.514,0.11,0.721,100.0,0.36,7.04,0.12,0,0,0,GOOD,GOOD,NORMAL,normal,NORMAL_LEARNING,NO_ACTION,Continue normal wind nowcast update.,OK
2025-01-05T09:45:00,09:45,ONLINE_SOL_2025_0105_RAMP_UP,WND_GADAG,WND_G1_T01,15min,Intra-hour dispatch correction,persistence + physical blend + residual correction,4.691,4.679,3.800,5.559,0.046,0.646,100.0,0.323,7.04,0.12,0,0,0,GOOD,GOOD,NORMAL,normal,NORMAL_LEARNING,NO_ACTION,Continue normal wind nowcast update.,OK
2025-01-05T09:50:00,09:50,ONLINE_SOL_2025_0105_RAMP_UP,WND_GADAG,WND_G1_T01,15min,Intra-hour dispatch correction,persistence + physical blend + residual correction,4.719,4.723,3.844,5.604,-0.017,0.567,100.0,0.281,7.04,0.12,0,0,0,GOOD,GOOD,NORMAL,normal,NORMAL_LEARNING,NO_ACTION,Continue normal wind nowcast update.,OK
2025-01-05T09:55:00,09:55,ONLINE_SOL_2025_0105_RAMP_UP,WND_GADAG,WND_G1_T01,15min,Intra-hour dispatch correction,persistence + physical blend + residual correction,4.746,4.766,3.886,5.646,-0.08,0.499,100.0,0.233,7.04,0.12,0,0,0,GOOD,GOOD,NORMAL,normal,NORMAL_LEARNING,NO_ACTION,Continue normal wind nowcast update.,OK
2025-01-05T10:00:00,10:00,ONLINE_SOL_2025_0105_RAMP_UP,WND_GADAG,WND_G1_T01,15min,Intra-hour dispatch correction,persistence + physical blend + residual correction,4.772,4.807,3.927,5.687,-0.141,0.444,100.0,0.182,7.04,0.12,0,0,0,GOOD,GOOD,NORMAL,normal,NORMAL_LEARNING,NO_ACTION,Continue normal wind nowcast update.,OK
2025-01-05T10:05:00,10:05,ONLINE_SOL_2025_0105_RAMP_UP,WND_GADAG,WND_G1_T01,15min,Intra-hour dispatch correction,persistence + physical blend + residual correction,4.797,4.846,3.966,5.726,-0.198,0.402,100.0,0.129,7.04,0.12,0,0,0,GOOD,GOOD,NORMAL,normal,NORMAL_LEARNING,NO_ACTION,Continue normal wind nowcast update.,OK
2025-01-05T10:10:00,10:10,ONLINE_SOL_2025_0105_RAMP_UP,WND_GADAG,WND_G1_T01,15min,Intra-hour dispatch correction,persistence + physical blend + residual correction,4.821,4.884,4.004,5.764,-0.25,0.374,100.0,0.073,7.04,0.12,0,0,0,GOOD,GOOD,NORMAL,normal,NORMAL_LEARNING,NO_ACTION,Continue normal wind nowcast update.,OK
2025-01-05T10:15:00,10:15,ONLINE_SOL_2025_0105_RAMP_UP,WND_GADAG,WND_G1_T01,15min,Intra-hour dispatch correction,persistence + physical blend + residual correction,4.846,4.920,4.040,5.800,-0.297,0.36,100.0,0.016,7.04,0.12,0,0,0,GOOD,GOOD,NORMAL,normal,NORMAL_LEARNING,NO_ACTION,Continue normal wind nowcast update.,OK
2025-01-05T10:20:00,10:20,ONLINE_SOL_2025_0105_RAMP_UP,WND_GADAG,WND_G1_T01,15min,Intra-hour dispatch correction,persistence + physical blend + residual correction,4.870,4.954,4.074,5.834,-0.337,0.361,100.0,-0.04,7.04,0.12,0,0,0,GOOD,GOOD,NORMAL,normal,NORMAL_LEARNING,NO_ACTION,Continue normal wind nowcast update.,OK
2025-01-05T10:25:00,10:25,ONLINE_SOL_2025_0105_RAMP_UP,WND_GADAG,WND_G1_T01,15min,Intra-hour dispatch correction,persistence + physical blend + residual correction,4.894,4.987,4.107,5.867,-0.369,0.375,100.0,-0.094,7.04,0.12,0,0,0,GOOD,GOOD,NORMAL,normal,NORMAL_LEARNING,NO_ACTION,Continue normal wind nowcast update.,OK
2025-01-05T10:30:00,10:30,ONLINE_SOL_2025_0105_RAMP_UP,WND_GADAG,WND_G1_T01,15min,Intra-hour dispatch correction,persistence + physical blend + residual correction,4.920,5.018,4.138,5.898,-0.393,0.402,100.0,-0.146,7.04,0.12,0,0,0,GOOD,GOOD,NORMAL,normal,NORMAL_LEARNING,NO_ACTION,Continue normal wind nowcast update.,OK
2025-01-05T10:35:00,10:35,ONLINE_SOL_2025_0105_RAMP_UP,WND_GADAG,WND_G1_T01,15min,Intra-hour dispatch correction,persistence + physical blend + residual correction,4.945,5.048,4.168,5.928,-0.409,0.441,100.0,-0.195,7.04,0.12,0,0,0,GOOD,GOOD,NORMAL,normal,NORMAL_LEARNING,NO_ACTION,Continue normal wind nowcast update.,OK
2025-01-05T10:40:00,10:40,ONLINE_SOL_2025_0105_RAMP_UP,WND_GADAG,WND_G1_T01,15min,Intra-hour dispatch correction,persistence + physical blend + residual correction,4.972,5.075,4.195,5.955,-0.414,0.492,100.0,-0.238,7.04,0.12,0,0,0,GOOD,GOOD,NORMAL,normal,NORMAL_LEARNING,NO_ACTION,Continue normal wind nowcast update.,OK
2025-01-05T10:45:00,10:45,ONLINE_SOL_2025_0105_RAMP_UP,WND_GADAG,WND_G1_T01,15min,Intra-hour dispatch correction,persistence + physical blend + residual correction,4.999,5.101,4.221,5.981,-0.41,0.553,100.0,-0.276,7.04,0.12,0,0,0,GOOD,GOOD,NORMAL,normal,NORMAL_LEARNING,NO_ACTION,Continue normal wind nowcast update.,OK
2025-01-05T10:50:00,10:50,ONLINE_SOL_2025_0105_RAMP_UP,WND_GADAG,WND_G1_T01,15min,Intra-hour dispatch correction,persistence + physical blend + residual correction,5.027,5.126,4.246,6.006,-0.397,0.616,100.0,-0.308,7.04,0.12,0,0,0,GOOD,GOOD,NORMAL,normal,NORMAL_LEARNING,NO_ACTION,Continue normal wind nowcast update.,OK
2025-01-05T10:55:00,10:55,ONLINE_SOL_2025_0105_RAMP_UP,WND_GADAG,WND_G1_T01,15min,Intra-hour dispatch correction,persistence + physical blend + residual correction,5.055,5.149,4.269,6.029,-0.374,0.665,100.0,-0.332,7.04,0.12,0,0,0,GOOD,GOOD,NORMAL,normal,NORMAL_LEARNING,NO_ACTION,Continue normal wind nowcast update.,OK
2025-01-05T11:00:00,11:00,ONLINE_SOL_2025_0105_RAMP_UP,WND_GADAG,WND_G1_T01,15min,Intra-hour dispatch correction,persistence + physical blend + residual correction,5.084,5.170,4.290,6.050,-0.342,0.698,100.0,-0.349,7.04,0.12,0,0,0,GOOD,GOOD,NORMAL,normal,NORMAL_LEARNING,NO_ACTION,Continue normal wind nowcast update.,OK
2025-01-05T11:05:00,11:05,ONLINE_SOL_2025_0105_RAMP_UP,WND_GADAG,WND_G1_T01,15min,Intra-hour dispatch correction,persistence + physical blend + residual correction,5.114,5.189,4.309,6.069,-0.301,0.716,100.0,-0.358,7.04,0.12,0,0,0,GOOD,GOOD,NORMAL,normal,NORMAL_LEARNING,NO_ACTION,Continue normal wind nowcast update.,OK
2025-01-05T11:10:00,11:10,ONLINE_SOL_2025_0105_RAMP_UP,WND_GADAG,WND_G1_T01,15min,Intra-hour dispatch correction,persistence + physical blend + residual correction,5.144,5.207,4.327,6.087,-0.253,0.716,100.0,-0.358,7.04,0.12,0,0,0,GOOD,GOOD,NORMAL,normal,NORMAL_LEARNING,NO_ACTION,Continue normal wind nowcast update.,OK
2025-01-05T11:15:00,11:15,ONLINE_SOL_2025_0105_RAMP_UP,WND_GADAG,WND_G1_T01,15min,Intra-hour dispatch correction,persistence + physical blend + residual correction,5.174,5.223,4.343,6.103,-0.197,0.699,100.0,-0.35,7.04,0.12,0,0,0,GOOD,GOOD,NORMAL,normal,NORMAL_LEARNING,NO_ACTION,Continue normal wind nowcast update.,OK
2025-01-05T11:20:00,11:20,ONLINE_SOL_2025_0105_RAMP_UP,WND_GADAG,WND_G1_T01,15min,Intra-hour dispatch correction,persistence + physical blend + residual correction,5.204,5.237,4.357,6.117,-0.136,0.666,100.0,-0.333,7.04,0.12,0,0,0,GOOD,GOOD,NORMAL,normal,NORMAL_LEARNING,NO_ACTION,Continue normal wind nowcast update.,OK
2025-01-05T11:25:00,11:25,ONLINE_SOL_2025_0105_RAMP_UP,WND_GADAG,WND_G1_T01,15min,Intra-hour dispatch correction,persistence + physical blend + residual correction,5.233,5.250,4.370,6.130,-0.07,0.616,100.0,-0.308,7.04,0.12,0,0,0,GOOD,GOOD,NORMAL,normal,NORMAL_LEARNING,NO_ACTION,Continue normal wind nowcast update.,OK
2025-01-05T11:30:00,11:30,ONLINE_SOL_2025_0105_RAMP_UP,WND_GADAG,WND_G1_T01,15min,Intra-hour dispatch correction,persistence + physical blend + residual correction,5.261,5.261,4.381,6.141,0.0,0.55,100.0,-0.275,7.04,0.12,0,0,0,GOOD,GOOD,NORMAL,normal,NORMAL_LEARNING,NO_ACTION,Continue normal wind nowcast update.,OK
2025-01-05T11:35:00,11:35,ONLINE_SOL_2025_0105_RAMP_UP,WND_GADAG,WND_G1_T01,15min,Intra-hour dispatch correction,persistence + physical blend + residual correction,5.288,5.270,4.390,6.150,0.072,0.494,100.0,-0.235,7.04,0.12,0,0,0,GOOD,GOOD,NORMAL,normal,NORMAL_LEARNING,NO_ACTION,Continue normal wind nowcast update.,OK
2025-01-05T11:40:00,11:40,ONLINE_SOL_2025_0105_RAMP_UP,WND_GADAG,WND_G1_T01,15min,Intra-hour dispatch correction,persistence + physical blend + residual correction,5.314,5.278,4.398,6.158,0.145,0.449,100.0,-0.188,7.04,0.12,0,0,0,GOOD,GOOD,NORMAL,normal,NORMAL_LEARNING,NO_ACTION,Continue normal wind nowcast update.,OK
2025-01-05T11:45:00,11:45,ONLINE_SOL_2025_0105_RAMP_UP,WND_GADAG,WND_G1_T01,15min,Intra-hour dispatch correction,persistence + physical blend + residual correction,5.338,5.284,4.404,6.164,0.217,0.417,100.0,-0.136,7.04,0.12,0,0,0,GOOD,GOOD,NORMAL,normal,NORMAL_LEARNING,NO_ACTION,Continue normal wind nowcast update.,OK
2025-01-05T11:50:00,11:50,ONLINE_SOL_2025_0105_RAMP_UP,WND_GADAG,WND_G1_T01,15min,Intra-hour dispatch correction,persistence + physical blend + residual correction,5.360,5.288,4.408,6.168,0.288,0.399,100.0,-0.079,7.04,0.12,0,0,0,GOOD,GOOD,NORMAL,normal,NORMAL_LEARNING,NO_ACTION,Continue normal wind nowcast update.,OK
2025-01-05T11:55:00,11:55,ONLINE_SOL_2025_0105_RAMP_UP,WND_GADAG,WND_G1_T01,15min,Intra-hour dispatch correction,persistence + physical blend + residual correction,5.380,5.291,4.411,6.171,0.355,0.396,100.0,-0.018,7.04,0.12,0,0,0,GOOD,GOOD,NORMAL,normal,NORMAL_LEARNING,NO_ACTION,Continue normal wind nowcast update.,OK
2025-01-05T12:00:00,12:00,ONLINE_SOL_2025_0105_RAMP_UP,WND_GADAG,WND_G1_T01,15min,Intra-hour dispatch correction,persistence + physical blend + residual correction,5.396,5.292,4.412,6.171,0.417,0.408,100.0,0.045,7.04,0.12,0,0,0,GOOD,GOOD,NORMAL,normal,NORMAL_LEARNING,NO_ACTION,Continue normal wind nowcast update.,OK
2025-01-05T12:05:00,12:05,ONLINE_SOL_2025_0105_RAMP_UP,WND_GADAG,WND_G1_T01,15min,Intra-hour dispatch correction,persistence + physical blend + residual correction,5.409,5.291,4.411,6.171,0.474,0.437,100.0,0.109,7.04,0.12,0,0,0,GOOD,GOOD,NORMAL,normal,NORMAL_LEARNING,NO_ACTION,Continue normal wind nowcast update.,OK
2025-01-05T12:10:00,12:10,ONLINE_SOL_2025_0105_RAMP_UP,WND_GADAG,WND_G1_T01,15min,Intra-hour dispatch correction,persistence + physical blend + residual correction,5.419,5.288,4.408,6.168,0.524,0.482,100.0,0.174,7.04,0.12,0,0,0,GOOD,GOOD,NORMAL,normal,NORMAL_LEARNING,NO_ACTION,Continue normal wind nowcast update.,OK
2025-01-05T12:15:00,12:15,ONLINE_SOL_2025_0105_RAMP_UP,WND_GADAG,WND_G1_T01,15min,Intra-hour dispatch correction,persistence + physical blend + residual correction,5.426,5.284,4.404,6.164,0.566,0.544,100.0,0.238,7.04,0.12,0,0,0,GOOD,GOOD,NORMAL,normal,NORMAL_LEARNING,NO_ACTION,Continue normal wind nowcast update.,OK
2025-01-05T12:20:00,12:20,ONLINE_SOL_2025_0105_RAMP_UP,WND_GADAG,WND_G1_T01,15min,Intra-hour dispatch correction,persistence + physical blend + residual correction,5.428,5.278,4.398,6.158,0.599,0.621,100.0,0.299,7.04,0.12,0,0,0,GOOD,GOOD,NORMAL,normal,NORMAL_LEARNING,NO_ACTION,Continue normal wind nowcast update.,OK
2025-01-05T12:25:00,12:25,ONLINE_SOL_2025_0105_RAMP_UP,WND_GADAG,WND_G1_T01,15min,Intra-hour dispatch correction,persistence + physical blend + residual correction,5.426,5.270,4.390,6.150,0.624,0.714,100.0,0.357,7.04,0.12,0,0,0,GOOD,GOOD,NORMAL,normal,NORMAL_LEARNING,NO_ACTION,Continue normal wind nowcast update.,OK
2025-01-05T12:30:00,12:30,ONLINE_SOL_2025_0105_RAMP_UP,WND_GADAG,WND_G1_T01,15min,Intra-hour dispatch correction,persistence + physical blend + residual correction,5.420,5.261,4.381,6.141,0.638,0.82,100.0,0.41,7.04,0.12,0,0,0,GOOD,GOOD,NORMAL,normal,NORMAL_LEARNING,NO_ACTION,Continue normal wind nowcast update.,OK
2025-01-05T12:35:00,12:35,ONLINE_SOL_2025_0105_RAMP_UP,WND_GADAG,WND_G1_T01,15min,Intra-hour dispatch correction,persistence + physical blend + residual correction,5.411,5.250,4.370,6.130,0.643,0.915,100.0,0.457,7.04,0.12,0,0,0,GOOD,GOOD,NORMAL,normal,NORMAL_LEARNING,NO_ACTION,Continue normal wind nowcast update.,OK
2025-01-05T12:40:00,12:40,ONLINE_SOL_2025_0105_RAMP_UP,WND_GADAG,WND_G1_T01,15min,Intra-hour dispatch correction,persistence + physical blend + residual correction,5.397,5.237,4.357,6.117,0.637,0.997,100.0,0.499,7.04,0.12,0,0,0,GOOD,GOOD,NORMAL,normal,NORMAL_LEARNING,NO_ACTION,Continue normal wind nowcast update.,OK
2025-01-05T12:45:00,12:45,ONLINE_SOL_2025_0105_RAMP_UP,WND_GADAG,WND_G1_T01,15min,Intra-hour dispatch correction,persistence + physical blend + residual correction,5.378,5.223,4.343,6.103,0.622,1.065,100.0,0.532,7.04,0.12,0,0,0,GOOD,GOOD,NORMAL,normal,NORMAL_LEARNING,NO_ACTION,Continue normal wind nowcast update.,OK
2025-01-05T12:50:00,12:50,ONLINE_SOL_2025_0105_RAMP_UP,WND_GADAG,WND_G1_T01,15min,Intra-hour dispatch correction,persistence + physical blend + residual correction,5.356,5.207,4.327,6.087,0.598,1.116,100.0,0.558,7.04,0.12,0,0,0,GOOD,GOOD,NORMAL,normal,NORMAL_LEARNING,NO_ACTION,Continue normal wind nowcast update.,OK
2025-01-05T12:55:00,12:55,ONLINE_SOL_2025_0105_RAMP_UP,WND_GADAG,WND_G1_T01,15min,Intra-hour dispatch correction,persistence + physical blend + residual correction,5.330,5.189,4.309,6.069,0.564,1.151,100.0,0.576,7.04,0.12,0,0,0,GOOD,GOOD,NORMAL,normal,NORMAL_LEARNING,NO_ACTION,Continue normal wind nowcast update.,OK
2025-01-05T13:00:00,13:00,ONLINE_SOL_2025_0105_RAMP_UP,WND_GADAG,WND_G1_T01,15min,Intra-hour dispatch correction,persistence + physical blend + residual correction,5.300,5.170,4.290,6.050,0.522,1.168,100.0,0.584,7.04,0.1201,0,0,0,GOOD,GOOD,NORMAL,normal,NORMAL_LEARNING,NO_ACTION,Continue normal wind nowcast update.,OK
2025-01-05T13:05:00,13:05,ONLINE_SOL_2025_0105_RAMP_UP,WND_GADAG,WND_G1_T01,15min,Intra-hour dispatch correction,persistence + physical blend + residual correction,5.267,5.149,4.269,6.029,0.473,1.168,100.0,0.584,7.04,0.1201,0,0,0,GOOD,GOOD,NORMAL,normal,NORMAL_LEARNING,NO_ACTION,Continue normal wind nowcast update.,OK
2025-01-05T13:10:00,13:10,ONLINE_SOL_2025_0105_RAMP_UP,WND_GADAG,WND_G1_T01,15min,Intra-hour dispatch correction,persistence + physical blend + residual correction,5.230,5.126,4.246,6.006,0.417,1.15,100.0,0.575,7.04,0.1201,0,0,0,GOOD,GOOD,NORMAL,normal,NORMAL_LEARNING,NO_ACTION,Continue normal wind nowcast update.,OK
2025-01-05T13:15:00,13:15,ONLINE_SOL_2025_0105_RAMP_UP,WND_GADAG,WND_G1_T01,15min,Intra-hour dispatch correction,persistence + physical blend + residual correction,5.190,5.101,4.221,5.981,0.356,1.115,100.0,0.558,7.04,0.1202,0,0,0,GOOD,GOOD,NORMAL,normal,NORMAL_LEARNING,NO_ACTION,Continue normal wind nowcast update.,OK
2025-01-05T13:20:00,13:20,ONLINE_SOL_2025_0105_RAMP_UP,WND_GADAG,WND_G1_T01,15min,Intra-hour dispatch correction,persistence + physical blend + residual correction,5.148,5.075,4.195,5.955,0.29,1.064,100.0,0.532,7.04,0.1203,0,0,0,GOOD,GOOD,NORMAL,normal,NORMAL_LEARNING,NO_ACTION,Continue normal wind nowcast update.,OK
2025-01-05T13:25:00,13:25,ONLINE_SOL_2025_0105_RAMP_UP,WND_GADAG,WND_G1_T01,15min,Intra-hour dispatch correction,persistence + physical blend + residual correction,5.103,5.048,4.168,5.928,0.222,0.997,100.0,0.498,7.04,0.1204,0,0,0,GOOD,GOOD,NORMAL,normal,NORMAL_LEARNING,NO_ACTION,Continue normal wind nowcast update.,OK
2025-01-05T13:30:00,13:30,ONLINE_SOL_2025_0105_RAMP_UP,WND_GADAG,WND_G1_T01,15min,Intra-hour dispatch correction,persistence + physical blend + residual correction,5.056,5.018,4.138,5.898,0.152,0.916,100.0,0.458,7.04,0.1206,0,0,0,GOOD,GOOD,NORMAL,normal,NORMAL_LEARNING,NO_ACTION,Continue normal wind nowcast update.,OK
2025-01-05T13:35:00,13:35,ONLINE_SOL_2025_0105_RAMP_UP,WND_GADAG,WND_G1_T01,15min,Intra-hour dispatch correction,persistence + physical blend + residual correction,5.008,4.987,4.107,5.867,0.082,0.823,100.0,0.411,7.04,0.1209,0,0,0,GOOD,GOOD,NORMAL,normal,NORMAL_LEARNING,NO_ACTION,Continue normal wind nowcast update.,OK
2025-01-05T13:40:00,13:40,ONLINE_SOL_2025_0105_RAMP_UP,WND_GADAG,WND_G1_T01,15min,Intra-hour dispatch correction,persistence + physical blend + residual correction,4.958,4.955,4.075,5.835,0.013,0.719,100.0,0.359,7.04,0.1213,0,0,0,GOOD,GOOD,NORMAL,normal,NORMAL_LEARNING,NO_ACTION,Continue normal wind nowcast update.,OK
2025-01-05T13:45:00,13:45,ONLINE_SOL_2025_0105_RAMP_UP,WND_GADAG,WND_G1_T01,15min,Intra-hour dispatch correction,persistence + physical blend + residual correction,4.907,4.920,4.040,5.801,-0.054,0.624,100.0,0.303,7.04,0.122,0,0,0,GOOD,GOOD,NORMAL,normal,NORMAL_LEARNING,NO_ACTION,Continue normal wind nowcast update.,OK
2025-01-05T13:50:00,13:50,ONLINE_SOL_2025_0105_RAMP_UP,WND_GADAG,WND_G1_T01,15min,Intra-hour dispatch correction,persistence + physical blend + residual correction,4.856,4.885,4.005,5.765,-0.118,0.544,100.0,0.243,7.04,0.1229,0,0,0,GOOD,GOOD,NORMAL,normal,NORMAL_LEARNING,NO_ACTION,Continue normal wind nowcast update.,OK
2025-01-05T13:55:00,13:55,ONLINE_SOL_2025_0105_RAMP_UP,WND_GADAG,WND_G1_T01,15min,Intra-hour dispatch correction,persistence + physical blend + residual correction,4.803,4.848,3.968,5.728,-0.178,0.479,100.0,0.182,7.04,0.1244,0,0,0,GOOD,GOOD,NORMAL,normal,NORMAL_LEARNING,NO_ACTION,Continue normal wind nowcast update.,OK
2025-01-05T14:00:00,14:00,ONLINE_SOL_2025_0105_RAMP_UP,WND_GADAG,WND_G1_T01,15min,Intra-hour dispatch correction,persistence + physical blend + residual correction,4.752,4.810,3.930,5.690,-0.233,0.431,100.0,0.119,7.04,0.1265,0,0,0,GOOD,GOOD,NORMAL,normal,NORMAL_LEARNING,NO_ACTION,Continue normal wind nowcast update.,OK
2025-01-05T14:05:00,14:05,ONLINE_SOL_2025_0105_RAMP_UP,WND_GADAG,WND_G1_T01,15min,Intra-hour dispatch correction,persistence + physical blend + residual correction,4.699,4.771,3.890,5.651,-0.284,0.4,100.0,0.056,7.04,0.1297,0,0,0,GOOD,GOOD,NORMAL,normal,NORMAL_LEARNING,NO_ACTION,Continue normal wind nowcast update.,OK
2025-01-05T14:10:00,14:10,ONLINE_SOL_2025_0105_RAMP_UP,WND_GADAG,WND_G1_T01,15min,Intra-hour dispatch correction,persistence + physical blend + residual correction,4.648,4.730,3.850,5.610,-0.33,0.385,100.0,-0.007,7.04,0.1344,0,0,0,GOOD,GOOD,NORMAL,normal,NORMAL_LEARNING,NO_ACTION,Continue normal wind nowcast update.,OK
2025-01-05T14:15:00,14:15,ONLINE_SOL_2025_0105_RAMP_UP,WND_GADAG,WND_G1_T01,15min,Intra-hour dispatch correction,persistence + physical blend + residual correction,4.596,4.690,3.810,5.570,-0.374,0.388,100.0,-0.067,7.04,0.1413,0,0,0,GOOD,GOOD,NORMAL,normal,NORMAL_LEARNING,NO_ACTION,Continue normal wind nowcast update.,OK
2025-01-05T14:20:00,14:20,ONLINE_SOL_2025_0105_RAMP_UP,WND_GADAG,WND_G1_T01,15min,Intra-hour dispatch correction,persistence + physical blend + residual correction,4.546,4.650,3.770,5.530,-0.417,0.409,100.0,-0.126,7.04,0.1513,0,0,0,GOOD,GOOD,NORMAL,normal,NORMAL_LEARNING,NO_ACTION,Continue normal wind nowcast update.,OK
2025-01-05T14:25:00,14:25,ONLINE_SOL_2025_0105_RAMP_UP,WND_GADAG,WND_G1_T01,15min,Intra-hour dispatch correction,persistence + physical blend + residual correction,4.496,4.612,3.732,5.492,-0.463,0.45,100.0,-0.183,7.04,0.1659,0,0,0,GOOD,GOOD,NORMAL,normal,NORMAL_LEARNING,NO_ACTION,Continue normal wind nowcast update.,OK
2025-01-05T14:30:00,14:30,ONLINE_SOL_2025_0105_RAMP_UP,WND_GADAG,WND_G1_T01,15min,Intra-hour dispatch correction,persistence + physical blend + residual correction,4.447,4.577,3.697,5.457,-0.519,0.511,100.0,-0.239,7.04,0.1865,0,0,0,GOOD,GOOD,NORMAL,normal,NORMAL_LEARNING,NO_ACTION,Continue normal wind nowcast update.,OK
2025-01-05T14:35:00,14:35,ONLINE_SOL_2025_0105_RAMP_UP,WND_GADAG,WND_G1_T01,15min,Intra-hour dispatch correction,persistence + physical blend + residual correction,4.399,4.548,3.668,5.428,-0.595,0.596,100.0,-0.296,7.04,0.2154,0,0,0,GOOD,GOOD,NORMAL,normal,NORMAL_LEARNING,NO_ACTION,Continue normal wind nowcast update.,OK
2025-01-05T14:40:00,14:40,ONLINE_SOL_2025_0105_RAMP_UP,WND_GADAG,WND_G1_T01,15min,Intra-hour dispatch correction,persistence + physical blend + residual correction,4.352,4.528,3.648,5.408,-0.706,0.712,100.0,-0.356,7.04,0.2544,0,0,0,GOOD,GOOD,NORMAL,normal,NORMAL_LEARNING,NO_ACTION,Continue normal wind nowcast update.,OK
2025-01-05T14:45:00,14:45,ONLINE_SOL_2025_0105_RAMP_UP,WND_GADAG,WND_G1_T01,15min,Intra-hour dispatch correction,persistence + physical blend + residual correction,4.306,4.524,3.644,5.404,-0.875,0.849,100.0,-0.424,7.04,0.3052,0,0,0,GOOD,GOOD,NORMAL,normal,NORMAL_LEARNING,NO_ACTION,Continue normal wind nowcast update.,OK
2025-01-05T14:50:00,14:50,ONLINE_SOL_2025_0105_RAMP_UP,WND_GADAG,WND_G1_T01,15min,Intra-hour dispatch correction,persistence + physical blend + residual correction,4.261,4.544,3.664,5.424,-1.132,1.018,100.0,-0.509,7.04,0.368,0,0,0,GOOD,GOOD,NORMAL,normal,NORMAL_LEARNING,NO_ACTION,Continue normal wind nowcast update.,OK
2025-01-05T14:55:00,14:55,ONLINE_SOL_2025_0105_RAMP_UP,WND_GADAG,WND_G1_T01,15min,Intra-hour dispatch correction,persistence + physical blend + residual correction,4.219,4.599,3.719,5.479,-1.521,1.242,100.0,-0.621,7.04,0.441,0,0,0,GOOD,GOOD,NORMAL,normal,NORMAL_LEARNING,NO_ACTION,Continue normal wind nowcast update.,OK
2025-01-05T15:00:00,15:00,ONLINE_SOL_2025_0105_RAMP_UP,WND_GADAG,WND_G1_T01,15min,Intra-hour dispatch correction,persistence + physical blend + residual correction,4.179,4.703,3.823,5.583,-2.097,1.552,100.0,-0.776,7.04,0.52,0,0,55,GOOD,GOOD,NORMAL,normal,NORMAL_LEARNING,NO_ACTION,Continue normal wind nowcast update.,OK
2025-01-05T15:05:00,15:05,ONLINE_SOL_2025_0105_RAMP_UP,WND_GADAG,WND_G1_T01,15min,Intra-hour dispatch correction,persistence + physical blend + residual correction,4.143,4.873,3.993,5.753,-2.918,1.991,100.0,-0.996,7.04,0.599,0,0,55,GOOD,GOOD,NORMAL,normal,NORMAL_LEARNING,NO_ACTION,Continue normal wind nowcast update.,OK
2025-01-05T15:10:00,15:10,ONLINE_SOL_2025_0105_RAMP_UP,WND_GADAG,WND_G1_T01,15min,Intra-hour dispatch correction,persistence + physical blend + residual correction,4.114,5.122,4.242,6.002,-4.031,2.608,91.667,-1.304,7.04,0.672,25,0,55,GOOD,GOOD,NORMAL,normal,WIND_RAMP_LEARNED,STEEP_ADJUST,Adjusting wind persistence weights.,WATCH
2025-01-05T15:15:00,15:15,ONLINE_SOL_2025_0105_RAMP_UP,WND_GADAG,WND_G1_T01,15min,Intra-hour dispatch correction,persistence + physical blend + residual correction,4.093,5.453,4.573,6.333,-5.437,3.452,83.333,-1.726,7.04,0.7348,20,0,55,GOOD,GOOD,NORMAL,normal,WIND_RAMP_LEARNED,STEEP_ADJUST,Adjusting wind persistence weights.,WATCH
2025-01-05T15:20:00,15:20,ONLINE_SOL_2025_0105_RAMP_UP,WND_GADAG,WND_G1_T01,15min,Intra-hour dispatch correction,persistence + physical blend + residual correction,4.088,5.853,4.577,7.128,-7.06,4.559,75.0,-2.28,10.208,0.7856,15,35,55,GOOD,GOOD,ANOMALOUS,weather,WIND_RAMP_LEARNED,STEEP_ADJUST,Adjusting wind persistence weights.,WATCH
2025-01-05T15:25:00,15:25,ONLINE_SOL_2025_0105_RAMP_UP,WND_GADAG,WND_G1_T01,15min,Intra-hour dispatch correction,persistence + physical blend + residual correction,4.103,6.283,5.007,7.559,-8.722,5.936,66.667,-2.968,10.208,0.8246,10,35,55,GOOD,GOOD,ANOMALOUS,weather,WIND_RAMP_LEARNED,STEEP_ADJUST,Adjusting wind persistence weights.,WATCH
2025-01-05T15:30:00,15:30,ONLINE_SOL_2025_0105_RAMP_UP,WND_GADAG,WND_G1_T01,15min,Intra-hour dispatch correction,persistence + physical blend + residual correction,4.149,6.694,5.418,7.970,-10.178,7.545,58.333,-3.773,10.208,0.8535,5,35,55,GOOD,GOOD,ANOMALOUS,weather,WIND_RAMP_LEARNED,STEEP_ADJUST,Adjusting wind persistence weights.,WATCH
2025-01-05T15:35:00,15:35,ONLINE_SOL_2025_0105_RAMP_UP,WND_GADAG,WND_G1_T01,15min,Intra-hour dispatch correction,persistence + physical blend + residual correction,4.240,7.036,5.760,8.312,-11.186,9.311,50.0,-4.655,10.208,0.8741,0,35,82,GOOD,GOOD,ANOMALOUS,weather,WIND_RAMP_LEARNED,STEEP_ADJUST,Adjusting wind persistence weights.,WATCH
2025-01-05T15:40:00,15:40,ONLINE_SOL_2025_0105_RAMP_UP,WND_GADAG,WND_G1_T01,15min,Intra-hour dispatch correction,persistence + physical blend + residual correction,4.388,7.282,6.006,8.558,-11.576,11.122,41.667,-5.561,10.208,0.8887,0,35,82,GOOD,GOOD,ANOMALOUS,weather,WIND_RAMP_LEARNED,STEEP_ADJUST,Adjusting wind persistence weights.,WATCH
2025-01-05T15:45:00,15:45,ONLINE_SOL_2025_0105_RAMP_UP,WND_GADAG,WND_G1_T01,15min,Intra-hour dispatch correction,persistence + physical blend + residual correction,4.605,7.425,6.149,8.701,-11.281,12.857,33.333,-6.428,10.208,0.8987,0,35,82,GOOD,GOOD,ANOMALOUS,weather,WIND_RAMP_LEARNED,STEEP_ADJUST,Adjusting wind persistence weights.,WATCH
2025-01-05T15:50:00,15:50,ONLINE_SOL_2025_0105_RAMP_UP,WND_GADAG,WND_G1_T01,15min,Intra-hour dispatch correction,persistence + physical blend + residual correction,4.894,7.479,6.203,8.755,-10.338,14.391,25.0,-7.195,10.208,0.9056,0,35,82,GOOD,GOOD,ANOMALOUS,weather,WIND_RAMP_LEARNED,STEEP_ADJUST,Adjusting wind persistence weights.,WATCH
2025-01-05T15:55:00,15:55,ONLINE_SOL_2025_0105_RAMP_UP,WND_GADAG,WND_G1_T01,15min,Intra-hour dispatch correction,persistence + physical blend + residual correction,5.242,7.461,6.185,8.737,-8.879,15.617,16.667,-7.809,10.208,0.9103,0,35,82,GOOD,GOOD,ANOMALOUS,weather,WIND_RAMP_LEARNED,STEEP_ADJUST,Adjusting wind persistence weights.,WATCH
2025-01-05T16:00:00,16:00,ONLINE_SOL_2025_0105_RAMP_UP,WND_GADAG,WND_G1_T01,15min,Intra-hour dispatch correction,persistence + physical blend + residual correction,5.612,7.391,6.115,8.667,-7.116,16.454,8.333,-8.227,10.208,0.9135,0,35,82,GOOD,GOOD,ANOMALOUS,weather,WIND_RAMP_LEARNED,STEEP_ADJUST,Adjusting wind persistence weights.,WATCH
2025-01-05T16:05:00,16:05,ONLINE_SOL_2025_0105_RAMP_UP,WND_GADAG,WND_G1_T01,15min,Intra-hour dispatch correction,persistence + physical blend + residual correction,5.959,7.284,6.008,8.560,-5.299,16.85,0.0,-8.425,10.208,0.9156,0,35,82,GOOD,GOOD,ANOMALOUS,weather,WIND_RAMP_LEARNED,STEEP_ADJUST,Adjusting wind persistence weights.,WATCH
2025-01-05T16:10:00,16:10,ONLINE_SOL_2025_0105_RAMP_UP,WND_GADAG,WND_G1_T01,15min,Intra-hour dispatch correction,persistence + physical blend + residual correction,6.239,7.151,5.875,8.427,-3.648,16.787,8.333,-8.393,10.208,0.9171,0,35,82,GOOD,GOOD,ANOMALOUS,weather,WIND_RAMP_LEARNED,STEEP_ADJUST,Adjusting wind persistence weights.,WATCH
2025-01-05T16:15:00,16:15,ONLINE_SOL_2025_0105_RAMP_UP,WND_GADAG,WND_G1_T01,15min,Intra-hour dispatch correction,persistence + physical blend + residual correction,6.428,7.001,5.725,8.277,-2.294,16.263,16.667,-8.131,10.208,0.918,0,35,82,GOOD,GOOD,ANOMALOUS,weather,WIND_RAMP_LEARNED,STEEP_ADJUST,Adjusting wind persistence weights.,WATCH
2025-01-05T16:20:00,16:20,ONLINE_SOL_2025_0105_RAMP_UP,WND_GADAG,WND_G1_T01,15min,Intra-hour dispatch correction,persistence + physical blend + residual correction,6.520,6.839,5.563,8.115,-1.276,15.299,25.0,-7.649,10.208,0.9187,0,35,82,GOOD,GOOD,ANOMALOUS,weather,WIND_RAMP_LEARNED,STEEP_ADJUST,Adjusting wind persistence weights.,WATCH
2025-01-05T16:25:00,16:25,ONLINE_SOL_2025_0105_RAMP_UP,WND_GADAG,WND_G1_T01,15min,Intra-hour dispatch correction,persistence + physical blend + residual correction,6.527,6.668,5.392,7.944,-0.563,13.939,33.333,-6.97,10.208,0.9191,0,35,82,GOOD,GOOD,ANOMALOUS,weather,WIND_RAMP_LEARNED,STEEP_ADJUST,Adjusting wind persistence weights.,WATCH
2025-01-05T16:30:00,16:30,ONLINE_SOL_2025_0105_RAMP_UP,WND_GADAG,WND_G1_T01,15min,Intra-hour dispatch correction,persistence + physical blend + residual correction,6.467,6.490,5.214,7.766,-0.092,12.258,41.667,-6.129,10.208,0.9194,0,35,82,GOOD,GOOD,ANOMALOUS,weather,WIND_RAMP_LEARNED,STEEP_ADJUST,Adjusting wind persistence weights.,WATCH
2025-01-05T16:35:00,16:35,ONLINE_SOL_2025_0105_RAMP_UP,WND_GADAG,WND_G1_T01,15min,Intra-hour dispatch correction,persistence + physical blend + residual correction,6.357,6.308,5.032,7.583,0.199,10.427,50.0,-5.18,10.208,0.9196,0,35,82,GOOD,GOOD,ANOMALOUS,weather,WIND_RAMP_LEARNED,STEEP_ADJUST,Adjusting wind persistence weights.,WATCH
2025-01-05T16:40:00,16:40,ONLINE_SOL_2025_0105_RAMP_UP,WND_GADAG,WND_G1_T01,15min,Intra-hour dispatch correction,persistence + physical blend + residual correction,6.212,6.121,4.845,7.397,0.364,8.558,58.333,-4.185,10.208,0.9197,0,35,82,GOOD,GOOD,ANOMALOUS,weather,WIND_RAMP_LEARNED,STEEP_ADJUST,Adjusting wind persistence weights.,WATCH
2025-01-05T16:45:00,16:45,ONLINE_SOL_2025_0105_RAMP_UP,WND_GADAG,WND_G1_T01,15min,Intra-hour dispatch correction,persistence + physical blend + residual correction,6.042,5.931,4.654,7.207,0.444,6.752,66.667,-3.208,10.208,0.9198,0,35,82,GOOD,GOOD,ANOMALOUS,weather,WIND_RAMP_LEARNED,STEEP_ADJUST,Adjusting wind persistence weights.,WATCH
2025-01-05T16:50:00,16:50,ONLINE_SOL_2025_0105_RAMP_UP,WND_GADAG,WND_G1_T01,15min,Intra-hour dispatch correction,persistence + physical blend + residual correction,5.854,5.737,4.461,7.013,0.466,5.107,75.0,-2.308,10.208,0.9199,0,35,82,GOOD,GOOD,ANOMALOUS,weather,WIND_RAMP_LEARNED,STEEP_ADJUST,Adjusting wind persistence weights.,WATCH
2025-01-05T16:55:00,16:55,ONLINE_SOL_2025_0105_RAMP_UP,WND_GADAG,WND_G1_T01,15min,Intra-hour dispatch correction,persistence + physical blend + residual correction,5.654,5.541,4.265,6.817,0.451,3.702,83.333,-1.53,10.208,0.9199,0,35,82,GOOD,GOOD,ANOMALOUS,weather,WIND_RAMP_LEARNED,STEEP_ADJUST,Adjusting wind persistence weights.,WATCH
2025-01-05T17:00:00,17:00,ONLINE_SOL_2025_0105_RAMP_UP,WND_GADAG,WND_G1_T01,15min,Intra-hour dispatch correction,persistence + physical blend + residual correction,5.445,5.343,4.066,6.619,0.411,2.585,91.667,-0.903,10.208,0.9199,0,35,82,GOOD,GOOD,ANOMALOUS,weather,WIND_RAMP_LEARNED,STEEP_ADJUST,Adjusting wind persistence weights.,WATCH
2025-01-05T17:05:00,17:05,ONLINE_SOL_2025_0105_RAMP_UP,WND_GADAG,WND_G1_T01,15min,Intra-hour dispatch correction,persistence + physical blend + residual correction,5.231,5.141,3.865,6.417,0.357,1.761,100.0,-0.432,10.208,0.92,0,35,82,GOOD,GOOD,ANOMALOUS,weather,WIND_RAMP_LEARNED,STEEP_ADJUST,Adjusting wind persistence weights.,WATCH
2025-01-05T17:10:00,17:10,ONLINE_SOL_2025_0105_RAMP_UP,WND_GADAG,WND_G1_T01,15min,Intra-hour dispatch correction,persistence + physical blend + residual correction,5.011,4.938,3.662,6.213,0.294,1.202,100.0,-0.103,10.208,0.92,0,35,82,GOOD,GOOD,ANOMALOUS,weather,WIND_RAMP_LEARNED,STEEP_ADJUST,Adjusting wind persistence weights.,WATCH
2025-01-05T17:15:00,17:15,ONLINE_SOL_2025_0105_RAMP_UP,WND_GADAG,WND_G1_T01,15min,Intra-hour dispatch correction,persistence + physical blend + residual correction,4.788,4.731,3.852,5.612,0.228,0.858,100.0,0.107,7.04,0.92,0,0,82,GOOD,GOOD,NORMAL,normal,NORMAL_LEARNING,NO_ACTION,Continue normal wind nowcast update.,OK
2025-01-05T17:20:00,17:20,ONLINE_SOL_2025_0105_RAMP_UP,WND_GADAG,WND_G1_T01,15min,Intra-hour dispatch correction,persistence + physical blend + residual correction,4.564,4.524,3.643,5.404,0.162,0.672,100.0,0.227,7.04,0.92,0,0,82,GOOD,GOOD,NORMAL,normal,NORMAL_LEARNING,NO_ACTION,Continue normal wind nowcast update.,OK
2025-01-05T17:25:00,17:25,ONLINE_SOL_2025_0105_RAMP_UP,WND_GADAG,WND_G1_T01,15min,Intra-hour dispatch correction,persistence + physical blend + residual correction,4.338,4.313,3.433,5.193,0.097,0.594,100.0,0.282,7.04,0.92,0,0,82,GOOD,GOOD,NORMAL,normal,NORMAL_LEARNING,NO_ACTION,Continue normal wind nowcast update.,OK
2025-01-05T17:30:00,17:30,ONLINE_SOL_2025_0105_RAMP_UP,WND_GADAG,WND_G1_T01,15min,Intra-hour dispatch correction,persistence + physical blend + residual correction,4.110,4.101,3.221,4.981,0.038,0.585,100.0,0.293,7.04,0.92,0,0,82,GOOD,GOOD,NORMAL,normal,NORMAL_LEARNING,NO_ACTION,Continue normal wind nowcast update.,OK
2025-01-05T17:35:00,17:35,ONLINE_SOL_2025_0105_RAMP_UP,WND_GADAG,WND_G1_T01,15min,Intra-hour dispatch correction,persistence + physical blend + residual correction,3.882,3.886,3.006,4.766,-0.016,0.555,100.0,0.275,7.04,0.92,0,0,82,GOOD,GOOD,NORMAL,normal,NORMAL_LEARNING,NO_ACTION,Continue normal wind nowcast update.,OK
2025-01-05T17:40:00,17:40,ONLINE_SOL_2025_0105_RAMP_UP,WND_GADAG,WND_G1_T01,15min,Intra-hour dispatch correction,persistence + physical blend + residual correction,3.654,3.670,2.790,4.550,-0.063,0.505,100.0,0.239,7.04,0.92,0,0,82,GOOD,GOOD,NORMAL,normal,NORMAL_LEARNING,NO_ACTION,Continue normal wind nowcast update.,OK
2025-01-05T17:45:00,17:45,ONLINE_SOL_2025_0105_RAMP_UP,WND_GADAG,WND_G1_T01,15min,Intra-hour dispatch correction,persistence + physical blend + residual correction,3.426,3.452,2.572,4.332,-0.102,0.448,100.0,0.194,7.04,0.92,0,0,82,GOOD,GOOD,NORMAL,normal,NORMAL_LEARNING,NO_ACTION,Continue normal wind nowcast update.,OK
2025-01-05T17:50:00,17:50,ONLINE_SOL_2025_0105_RAMP_UP,WND_GADAG,WND_G1_T01,15min,Intra-hour dispatch correction,persistence + physical blend + residual correction,3.199,3.232,2.352,4.112,-0.133,0.392,100.0,0.144,7.04,0.92,0,0,82,GOOD,GOOD,NORMAL,normal,NORMAL_LEARNING,NO_ACTION,Continue normal wind nowcast update.,OK
2025-01-05T17:55:00,17:55,ONLINE_SOL_2025_0105_RAMP_UP,WND_GADAG,WND_G1_T01,15min,Intra-hour dispatch correction,persistence + physical blend + residual correction,2.971,3.010,2.130,3.890,-0.155,0.343,100.0,0.093,7.04,0.92,0,0,82,GOOD,GOOD,NORMAL,normal,NORMAL_LEARNING,NO_ACTION,Continue normal wind nowcast update.,OK
2025-01-05T18:00:00,18:00,ONLINE_SOL_2025_0105_RAMP_UP,WND_GADAG,WND_G1_T01,15min,Intra-hour dispatch correction,persistence + physical blend + residual correction,2.744,2.786,1.906,3.666,-0.169,0.302,100.0,0.045,7.04,0.92,0,0,82,GOOD,GOOD,NORMAL,normal,NORMAL_LEARNING,NO_ACTION,Continue normal wind nowcast update.,OK
2025-01-05T18:05:00,18:05,ONLINE_SOL_2025_0105_RAMP_UP,WND_GADAG,WND_G1_T01,15min,Intra-hour dispatch correction,persistence + physical blend + residual correction,2.518,2.561,1.681,3.441,-0.174,0.272,100.0,0.001,7.04,0.92,0,0,82,GOOD,GOOD,NORMAL,normal,NORMAL_LEARNING,NO_ACTION,Continue normal wind nowcast update.,OK
2025-01-05T18:10:00,18:10,ONLINE_SOL_2025_0105_RAMP_UP,WND_GADAG,WND_G1_T01,15min,Intra-hour dispatch correction,persistence + physical blend + residual correction,2.291,2.334,1.454,3.215,-0.173,0.252,100.0,-0.038,7.04,0.92,0,0,82,GOOD,GOOD,NORMAL,normal,NORMAL_LEARNING,NO_ACTION,Continue normal wind nowcast update.,OK
2025-01-05T18:15:00,18:15,ONLINE_SOL_2025_0105_RAMP_UP,WND_GADAG,WND_G1_T01,15min,Intra-hour dispatch correction,persistence + physical blend + residual correction,2.065,2.107,1.226,2.986,-0.165,0.241,100.0,-0.071,7.04,0.92,0,0,82,GOOD,GOOD,NORMAL,normal,NORMAL_LEARNING,NO_ACTION,Continue normal wind nowcast update.,OK
2025-01-05T18:20:00,18:20,ONLINE_SOL_2025_0105_RAMP_UP,WND_GADAG,WND_G1_T01,15min,Intra-hour dispatch correction,persistence + physical blend + residual correction,1.839,1.877,0.997,2.757,-0.152,0.239,100.0,-0.097,7.04,0.92,0,0,82,GOOD,GOOD,NORMAL,normal,NORMAL_LEARNING,NO_ACTION,Continue normal wind nowcast update.,OK
2025-01-05T18:25:00,18:25,ONLINE_SOL_2025_0105_RAMP_UP,WND_GADAG,WND_G1_T01,15min,Intra-hour dispatch correction,persistence + physical blend + residual correction,1.613,1.646,0.766,2.526,-0.134,0.246,100.0,-0.117,7.04,0.92,0,0,82,GOOD,GOOD,NORMAL,normal,NORMAL_LEARNING,NO_ACTION,Continue normal wind nowcast update.,OK
2025-01-05T18:30:00,18:30,ONLINE_SOL_2025_0105_RAMP_UP,WND_GADAG,WND_G1_T01,15min,Intra-hour dispatch correction,persistence + physical blend + residual correction,1.386,1.414,0.534,2.294,-0.114,0.258,100.0,-0.129,7.04,0.92,0,0,82,GOOD,GOOD,NORMAL,normal,NORMAL_LEARNING,NO_ACTION,Continue normal wind nowcast update.,OK
2025-01-05T18:35:00,18:35,ONLINE_SOL_2025_0105_RAMP_UP,WND_GADAG,WND_G1_T01,15min,Intra-hour dispatch correction,persistence + physical blend + residual correction,1.158,1.181,0.301,2.061,-0.091,0.271,100.0,-0.135,7.04,0.92,0,0,82,GOOD,GOOD,NORMAL,normal,NORMAL_LEARNING,NO_ACTION,Continue normal wind nowcast update.,OK
2025-01-05T18:40:00,18:40,ONLINE_SOL_2025_0105_RAMP_UP,WND_GADAG,WND_G1_T01,15min,Intra-hour dispatch correction,persistence + physical blend + residual correction,0.929,0.947,0.067,1.827,-0.069,0.272,100.0,-0.136,7.04,0.92,0,0,82,GOOD,GOOD,NORMAL,normal,NORMAL_LEARNING,NO_ACTION,Continue normal wind nowcast update.,OK
2025-01-05T18:45:00,18:45,ONLINE_SOL_2025_0105_RAMP_UP,WND_GADAG,WND_G1_T01,15min,Intra-hour dispatch correction,persistence + physical blend + residual correction,0.700,0.711,0.000,1.591,-0.047,0.263,100.0,-0.131,6.365,0.92,0,0,82,GOOD,GOOD,NORMAL,normal,NORMAL_LEARNING,NO_ACTION,Continue normal wind nowcast update.,OK
2025-01-05T18:50:00,18:50,ONLINE_SOL_2025_0105_RAMP_UP,WND_GADAG,WND_G1_T01,15min,Intra-hour dispatch correction,persistence + physical blend + residual correction,0.468,0.475,0.000,1.355,-0.028,0.245,100.0,-0.123,5.42,0.92,0,0,82,GOOD,GOOD,NORMAL,normal,NORMAL_LEARNING,NO_ACTION,Continue normal wind nowcast update.,OK
2025-01-05T18:55:00,18:55,ONLINE_SOL_2025_0105_RAMP_UP,WND_GADAG,WND_G1_T01,15min,Intra-hour dispatch correction,persistence + physical blend + residual correction,0.235,0.238,0.000,1.118,-0.012,0.221,100.0,-0.111,4.472,0.92,0,0,82,GOOD,GOOD,NORMAL,normal,NORMAL_LEARNING,NO_ACTION,Continue normal wind nowcast update.,OK
2025-01-05T19:00:00,19:00,ONLINE_SOL_2025_0105_RAMP_UP,WND_GADAG,WND_G1_T01,15min,Intra-hour dispatch correction,persistence + physical blend + residual correction,0.000,0.000,0.000,0.880,-0.0,0.193,100.0,-0.097,3.52,0.92,0,0,82,GOOD,GOOD,NORMAL,normal,NORMAL_LEARNING,NO_ACTION,Continue normal wind nowcast update.,OK
2025-01-05T05:00:00,05:00,ONLINE_SOL_2025_0105_RAMP_UP,WND_GADAG,WND_G1_T01,2hour,Intraday forecast / reserve planning,physical weather-to-power + Gaussian residual,0.000,0.000,0.000,1.440,0.0,0.0,100.0,0.0,5.76,0.12,0,0,0,GOOD,GOOD,NORMAL,normal,NORMAL_LEARNING,NO_ACTION,Continue normal wind nowcast update.,OK
2025-01-05T05:05:00,05:05,ONLINE_SOL_2025_0105_RAMP_UP,WND_GADAG,WND_G1_T01,2hour,Intraday forecast / reserve planning,physical weather-to-power + Gaussian residual,0.110,0.105,0.000,1.545,0.021,0.021,100.0,0.011,6.179,0.12,0,0,0,GOOD,GOOD,NORMAL,normal,NORMAL_LEARNING,NO_ACTION,Continue normal wind nowcast update.,OK
2025-01-05T05:10:00,05:10,ONLINE_SOL_2025_0105_RAMP_UP,WND_GADAG,WND_G1_T01,2hour,Intraday forecast / reserve planning,physical weather-to-power + Gaussian residual,0.220,0.209,0.000,1.649,0.041,0.041,100.0,0.021,6.598,0.12,0,0,0,GOOD,GOOD,NORMAL,normal,NORMAL_LEARNING,NO_ACTION,Continue normal wind nowcast update.,OK
2025-01-05T05:15:00,05:15,ONLINE_SOL_2025_0105_RAMP_UP,WND_GADAG,WND_G1_T01,2hour,Intraday forecast / reserve planning,physical weather-to-power + Gaussian residual,0.328,0.314,0.000,1.754,0.058,0.06,100.0,0.03,7.014,0.12,0,0,0,GOOD,GOOD,NORMAL,normal,NORMAL_LEARNING,NO_ACTION,Continue normal wind nowcast update.,OK
2025-01-05T05:20:00,05:20,ONLINE_SOL_2025_0105_RAMP_UP,WND_GADAG,WND_G1_T01,2hour,Intraday forecast / reserve planning,physical weather-to-power + Gaussian residual,0.436,0.417,0.000,1.857,0.074,0.078,100.0,0.039,7.429,0.12,0,0,0,GOOD,GOOD,NORMAL,normal,NORMAL_LEARNING,NO_ACTION,Continue normal wind nowcast update.,OK
2025-01-05T05:25:00,05:25,ONLINE_SOL_2025_0105_RAMP_UP,WND_GADAG,WND_G1_T01,2hour,Intraday forecast / reserve planning,physical weather-to-power + Gaussian residual,0.542,0.520,0.000,1.960,0.087,0.094,100.0,0.047,7.842,0.12,0,0,0,GOOD,GOOD,NORMAL,normal,NORMAL_LEARNING,NO_ACTION,Continue normal wind nowcast update.,OK
2025-01-05T05:30:00,05:30,ONLINE_SOL_2025_0105_RAMP_UP,WND_GADAG,WND_G1_T01,2hour,Intraday forecast / reserve planning,physical weather-to-power + Gaussian residual,0.647,0.623,0.000,2.063,0.096,0.108,100.0,0.054,8.253,0.12,0,0,0,GOOD,GOOD,NORMAL,normal,NORMAL_LEARNING,NO_ACTION,Continue normal wind nowcast update.,OK
2025-01-05T05:35:00,05:35,ONLINE_SOL_2025_0105_RAMP_UP,WND_GADAG,WND_G1_T01,2hour,Intraday forecast / reserve planning,physical weather-to-power + Gaussian residual,0.751,0.726,0.000,2.166,0.103,0.12,100.0,0.06,8.663,0.12,0,0,0,GOOD,GOOD,NORMAL,normal,NORMAL_LEARNING,NO_ACTION,Continue normal wind nowcast update.,OK
2025-01-05T05:40:00,05:40,ONLINE_SOL_2025_0105_RAMP_UP,WND_GADAG,WND_G1_T01,2hour,Intraday forecast / reserve planning,physical weather-to-power + Gaussian residual,0.854,0.828,0.000,2.268,0.106,0.13,100.0,0.065,9.07,0.12,0,0,0,GOOD,GOOD,NORMAL,normal,NORMAL_LEARNING,NO_ACTION,Continue normal wind nowcast update.,OK
2025-01-05T05:45:00,05:45,ONLINE_SOL_2025_0105_RAMP_UP,WND_GADAG,WND_G1_T01,2hour,Intraday forecast / reserve planning,physical weather-to-power + Gaussian residual,0.955,0.928,0.000,2.369,0.106,0.139,100.0,0.069,9.474,0.12,0,0,0,GOOD,GOOD,NORMAL,normal,NORMAL_LEARNING,NO_ACTION,Continue normal wind nowcast update.,OK
2025-01-05T05:50:00,05:50,ONLINE_SOL_2025_0105_RAMP_UP,WND_GADAG,WND_G1_T01,2hour,Intraday forecast / reserve planning,physical weather-to-power + Gaussian residual,1.055,1.029,0.000,2.469,0.103,0.145,100.0,0.072,9.877,0.12,0,0,0,GOOD,GOOD,NORMAL,normal,NORMAL_LEARNING,NO_ACTION,Continue normal wind nowcast update.,OK
2025-01-05T05:55:00,05:55,ONLINE_SOL_2025_0105_RAMP_UP,WND_GADAG,WND_G1_T01,2hour,Intraday forecast / reserve planning,physical weather-to-power + Gaussian residual,1.153,1.129,0.000,2.569,0.098,0.149,100.0,0.075,10.276,0.12,0,0,0,GOOD,GOOD,NORMAL,normal,NORMAL_LEARNING,NO_ACTION,Continue normal wind nowcast update.,OK
2025-01-05T06:00:00,06:00,ONLINE_SOL_2025_0105_RAMP_UP,WND_GADAG,WND_G1_T01,2hour,Intraday forecast / reserve planning,physical weather-to-power + Gaussian residual,1.251,1.228,0.000,2.668,0.09,0.151,100.0,0.076,10.673,0.12,0,0,0,GOOD,GOOD,NORMAL,normal,NORMAL_LEARNING,NO_ACTION,Continue normal wind nowcast update.,OK
2025-01-05T06:05:00,06:05,ONLINE_SOL_2025_0105_RAMP_UP,WND_GADAG,WND_G1_T01,2hour,Intraday forecast / reserve planning,physical weather-to-power + Gaussian residual,1.347,1.327,0.000,2.767,0.079,0.152,100.0,0.076,11.067,0.12,0,0,0,GOOD,GOOD,NORMAL,normal,NORMAL_LEARNING,NO_ACTION,Continue normal wind nowcast update.,OK
2025-01-05T06:10:00,06:10,ONLINE_SOL_2025_0105_RAMP_UP,WND_GADAG,WND_G1_T01,2hour,Intraday forecast / reserve planning,physical weather-to-power + Gaussian residual,1.442,1.425,0.000,2.865,0.068,0.151,100.0,0.075,11.458,0.12,0,0,0,GOOD,GOOD,NORMAL,normal,NORMAL_LEARNING,NO_ACTION,Continue normal wind nowcast update.,OK
2025-01-05T06:15:00,06:15,ONLINE_SOL_2025_0105_RAMP_UP,WND_GADAG,WND_G1_T01,2hour,Intraday forecast / reserve planning,physical weather-to-power + Gaussian residual,1.535,1.522,0.082,2.962,0.055,0.148,100.0,0.074,11.52,0.12,0,0,0,GOOD,GOOD,NORMAL,normal,NORMAL_LEARNING,NO_ACTION,Continue normal wind nowcast update.,OK
2025-01-05T06:20:00,06:20,ONLINE_SOL_2025_0105_RAMP_UP,WND_GADAG,WND_G1_T01,2hour,Intraday forecast / reserve planning,physical weather-to-power + Gaussian residual,1.629,1.618,0.178,3.058,0.042,0.144,100.0,0.072,11.52,0.12,0,0,0,GOOD,GOOD,NORMAL,normal,NORMAL_LEARNING,NO_ACTION,Continue normal wind nowcast update.,OK
2025-01-05T06:25:00,06:25,ONLINE_SOL_2025_0105_RAMP_UP,WND_GADAG,WND_G1_T01,2hour,Intraday forecast / reserve planning,physical weather-to-power + Gaussian residual,1.721,1.713,0.273,3.153,0.03,0.14,100.0,0.07,11.52,0.12,0,0,0,GOOD,GOOD,NORMAL,normal,NORMAL_LEARNING,NO_ACTION,Continue normal wind nowcast update.,OK
2025-01-05T06:30:00,06:30,ONLINE_SOL_2025_0105_RAMP_UP,WND_GADAG,WND_G1_T01,2hour,Intraday forecast / reserve planning,physical weather-to-power + Gaussian residual,1.813,1.808,0.368,3.248,0.019,0.134,100.0,0.067,11.52,0.12,0,0,0,GOOD,GOOD,NORMAL,normal,NORMAL_LEARNING,NO_ACTION,Continue normal wind nowcast update.,OK
2025-01-05T06:35:00,06:35,ONLINE_SOL_2025_0105_RAMP_UP,WND_GADAG,WND_G1_T01,2hour,Intraday forecast / reserve planning,physical weather-to-power + Gaussian residual,1.904,1.901,0.461,3.341,0.01,0.129,100.0,0.064,11.52,0.12,0,0,0,GOOD,GOOD,NORMAL,normal,NORMAL_LEARNING,NO_ACTION,Continue normal wind nowcast update.,OK
2025-01-05T06:40:00,06:40,ONLINE_SOL_2025_0105_RAMP_UP,WND_GADAG,WND_G1_T01,2hour,Intraday forecast / reserve planning,physical weather-to-power + Gaussian residual,1.995,1.994,0.554,3.434,0.004,0.123,100.0,0.061,11.52,0.12,0,0,0,GOOD,GOOD,NORMAL,normal,NORMAL_LEARNING,NO_ACTION,Continue normal wind nowcast update.,OK
2025-01-05T06:45:00,06:45,ONLINE_SOL_2025_0105_RAMP_UP,WND_GADAG,WND_G1_T01,2hour,Intraday forecast / reserve planning,physical weather-to-power + Gaussian residual,2.086,2.086,0.646,3.526,0.0,0.117,100.0,0.059,11.52,0.12,0,0,0,GOOD,GOOD,NORMAL,normal,NORMAL_LEARNING,NO_ACTION,Continue normal wind nowcast update.,OK
2025-01-05T06:50:00,06:50,ONLINE_SOL_2025_0105_RAMP_UP,WND_GADAG,WND_G1_T01,2hour,Intraday forecast / reserve planning,physical weather-to-power + Gaussian residual,2.177,2.177,0.737,3.617,0.001,0.112,100.0,0.056,11.52,0.12,0,0,0,GOOD,GOOD,NORMAL,normal,NORMAL_LEARNING,NO_ACTION,Continue normal wind nowcast update.,OK
2025-01-05T06:55:00,06:55,ONLINE_SOL_2025_0105_RAMP_UP,WND_GADAG,WND_G1_T01,2hour,Intraday forecast / reserve planning,physical weather-to-power + Gaussian residual,2.268,2.267,0.827,3.707,0.006,0.108,100.0,0.054,11.52,0.12,0,0,0,GOOD,GOOD,NORMAL,normal,NORMAL_LEARNING,NO_ACTION,Continue normal wind nowcast update.,OK
2025-01-05T07:00:00,07:00,ONLINE_SOL_2025_0105_RAMP_UP,WND_GADAG,WND_G1_T01,2hour,Intraday forecast / reserve planning,physical weather-to-power + Gaussian residual,2.359,2.355,0.915,3.795,0.015,0.105,100.0,0.053,11.52,0.12,0,0,0,GOOD,GOOD,NORMAL,normal,NORMAL_LEARNING,NO_ACTION,Continue normal wind nowcast update.,OK
2025-01-05T07:05:00,07:05,ONLINE_SOL_2025_0105_RAMP_UP,WND_GADAG,WND_G1_T01,2hour,Intraday forecast / reserve planning,physical weather-to-power + Gaussian residual,2.450,2.443,1.003,3.883,0.03,0.103,100.0,0.052,11.52,0.12,0,0,0,GOOD,GOOD,NORMAL,normal,NORMAL_LEARNING,NO_ACTION,Continue normal wind nowcast update.,OK
2025-01-05T07:10:00,07:10,ONLINE_SOL_2025_0105_RAMP_UP,WND_GADAG,WND_G1_T01,2hour,Intraday forecast / reserve planning,physical weather-to-power + Gaussian residual,2.542,2.530,1.090,3.970,0.05,0.103,100.0,0.052,11.52,0.12,0,0,0,GOOD,GOOD,NORMAL,normal,NORMAL_LEARNING,NO_ACTION,Continue normal wind nowcast update.,OK
2025-01-05T07:15:00,07:15,ONLINE_SOL_2025_0105_RAMP_UP,WND_GADAG,WND_G1_T01,2hour,Intraday forecast / reserve planning,physical weather-to-power + Gaussian residual,2.634,2.615,1.175,4.056,0.075,0.105,100.0,0.052,11.52,0.12,0,0,0,GOOD,GOOD,NORMAL,normal,NORMAL_LEARNING,NO_ACTION,Continue normal wind nowcast update.,OK
2025-01-05T07:20:00,07:20,ONLINE_SOL_2025_0105_RAMP_UP,WND_GADAG,WND_G1_T01,2hour,Intraday forecast / reserve planning,physical weather-to-power + Gaussian residual,2.726,2.700,1.260,4.140,0.106,0.109,100.0,0.054,11.52,0.12,0,0,0,GOOD,GOOD,NORMAL,normal,NORMAL_LEARNING,NO_ACTION,Continue normal wind nowcast update.,OK
2025-01-05T07:25:00,07:25,ONLINE_SOL_2025_0105_RAMP_UP,WND_GADAG,WND_G1_T01,2hour,Intraday forecast / reserve planning,physical weather-to-power + Gaussian residual,2.818,2.783,1.343,4.223,0.141,0.114,100.0,0.057,11.52,0.12,0,0,0,GOOD,GOOD,NORMAL,normal,NORMAL_LEARNING,NO_ACTION,Continue normal wind nowcast update.,OK
2025-01-05T07:30:00,07:30,ONLINE_SOL_2025_0105_RAMP_UP,WND_GADAG,WND_G1_T01,2hour,Intraday forecast / reserve planning,physical weather-to-power + Gaussian residual,2.911,2.865,1.425,4.306,0.181,0.122,100.0,0.061,11.52,0.12,0,0,0,GOOD,GOOD,NORMAL,normal,NORMAL_LEARNING,NO_ACTION,Continue normal wind nowcast update.,OK
2025-01-05T07:35:00,07:35,ONLINE_SOL_2025_0105_RAMP_UP,WND_GADAG,WND_G1_T01,2hour,Intraday forecast / reserve planning,physical weather-to-power + Gaussian residual,3.003,2.946,1.506,4.386,0.225,0.133,100.0,0.066,11.52,0.12,0,0,0,GOOD,GOOD,NORMAL,normal,NORMAL_LEARNING,NO_ACTION,Continue normal wind nowcast update.,OK
2025-01-05T07:40:00,07:40,ONLINE_SOL_2025_0105_RAMP_UP,WND_GADAG,WND_G1_T01,2hour,Intraday forecast / reserve planning,physical weather-to-power + Gaussian residual,3.095,3.026,1.587,4.466,0.273,0.145,100.0,0.073,11.52,0.12,0,0,0,GOOD,GOOD,NORMAL,normal,NORMAL_LEARNING,NO_ACTION,Continue normal wind nowcast update.,OK
2025-01-05T07:45:00,07:45,ONLINE_SOL_2025_0105_RAMP_UP,WND_GADAG,WND_G1_T01,2hour,Intraday forecast / reserve planning,physical weather-to-power + Gaussian residual,3.186,3.105,1.665,4.545,0.324,0.16,100.0,0.08,11.52,0.12,0,0,0,GOOD,GOOD,NORMAL,normal,NORMAL_LEARNING,NO_ACTION,Continue normal wind nowcast update.,OK
2025-01-05T07:50:00,07:50,ONLINE_SOL_2025_0105_RAMP_UP,WND_GADAG,WND_G1_T01,2hour,Intraday forecast / reserve planning,physical weather-to-power + Gaussian residual,3.276,3.183,1.742,4.622,0.377,0.177,100.0,0.088,11.52,0.12,0,0,0,GOOD,GOOD,NORMAL,normal,NORMAL_LEARNING,NO_ACTION,Continue normal wind nowcast update.,OK
2025-01-05T07:55:00,07:55,ONLINE_SOL_2025_0105_RAMP_UP,WND_GADAG,WND_G1_T01,2hour,Intraday forecast / reserve planning,physical weather-to-power + Gaussian residual,3.366,3.259,1.819,4.699,0.43,0.196,100.0,0.098,11.52,0.12,0,0,0,GOOD,GOOD,NORMAL,normal,NORMAL_LEARNING,NO_ACTION,Continue normal wind nowcast update.,OK
2025-01-05T08:00:00,08:00,ONLINE_SOL_2025_0105_RAMP_UP,WND_GADAG,WND_G1_T01,2hour,Intraday forecast / reserve planning,physical weather-to-power + Gaussian residual,3.454,3.333,1.893,4.774,0.485,0.217,100.0,0.108,11.52,0.12,0,0,0,GOOD,GOOD,NORMAL,normal,NORMAL_LEARNING,NO_ACTION,Continue normal wind nowcast update.,OK
2025-01-05T08:05:00,08:05,ONLINE_SOL_2025_0105_RAMP_UP,WND_GADAG,WND_G1_T01,2hour,Intraday forecast / reserve planning,physical weather-to-power + Gaussian residual,3.542,3.407,1.967,4.847,0.538,0.239,100.0,0.12,11.52,0.12,0,0,0,GOOD,GOOD,NORMAL,normal,NORMAL_LEARNING,NO_ACTION,Continue normal wind nowcast update.,OK
2025-01-05T08:10:00,08:10,ONLINE_SOL_2025_0105_RAMP_UP,WND_GADAG,WND_G1_T01,2hour,Intraday forecast / reserve planning,physical weather-to-power + Gaussian residual,3.627,3.479,2.039,4.919,0.589,0.263,100.0,0.132,11.52,0.12,0,0,0,GOOD,GOOD,NORMAL,normal,NORMAL_LEARNING,NO_ACTION,Continue normal wind nowcast update.,OK
2025-01-05T08:15:00,08:15,ONLINE_SOL_2025_0105_RAMP_UP,WND_GADAG,WND_G1_T01,2hour,Intraday forecast / reserve planning,physical weather-to-power + Gaussian residual,3.710,3.550,2.110,4.990,0.638,0.289,100.0,0.144,11.52,0.12,0,0,0,GOOD,GOOD,NORMAL,normal,NORMAL_LEARNING,NO_ACTION,Continue normal wind nowcast update.,OK
2025-01-05T08:20:00,08:20,ONLINE_SOL_2025_0105_RAMP_UP,WND_GADAG,WND_G1_T01,2hour,Intraday forecast / reserve planning,physical weather-to-power + Gaussian residual,3.791,3.620,2.180,5.060,0.683,0.315,100.0,0.158,11.52,0.12,0,0,0,GOOD,GOOD,NORMAL,normal,NORMAL_LEARNING,NO_ACTION,Continue normal wind nowcast update.,OK
2025-01-05T08:25:00,08:25,ONLINE_SOL_2025_0105_RAMP_UP,WND_GADAG,WND_G1_T01,2hour,Intraday forecast / reserve planning,physical weather-to-power + Gaussian residual,3.869,3.688,2.248,5.128,0.723,0.342,100.0,0.171,11.52,0.12,0,0,0,GOOD,GOOD,NORMAL,normal,NORMAL_LEARNING,NO_ACTION,Continue normal wind nowcast update.,OK
2025-01-05T08:30:00,08:30,ONLINE_SOL_2025_0105_RAMP_UP,WND_GADAG,WND_G1_T01,2hour,Intraday forecast / reserve planning,physical weather-to-power + Gaussian residual,3.945,3.755,2.315,5.195,0.758,0.369,100.0,0.185,11.52,0.12,0,0,0,GOOD,GOOD,NORMAL,normal,NORMAL_LEARNING,NO_ACTION,Continue normal wind nowcast update.,OK
2025-01-05T08:35:00,08:35,ONLINE_SOL_2025_0105_RAMP_UP,WND_GADAG,WND_G1_T01,2hour,Intraday forecast / reserve planning,physical weather-to-power + Gaussian residual,4.017,3.820,2.380,5.260,0.786,0.397,100.0,0.198,11.52,0.12,0,0,0,GOOD,GOOD,NORMAL,normal,NORMAL_LEARNING,NO_ACTION,Continue normal wind nowcast update.,OK
2025-01-05T08:40:00,08:40,ONLINE_SOL_2025_0105_RAMP_UP,WND_GADAG,WND_G1_T01,2hour,Intraday forecast / reserve planning,physical weather-to-power + Gaussian residual,4.087,3.885,2.445,5.324,0.808,0.424,100.0,0.212,11.52,0.12,0,0,0,GOOD,GOOD,NORMAL,normal,NORMAL_LEARNING,NO_ACTION,Continue normal wind nowcast update.,OK
2025-01-05T08:45:00,08:45,ONLINE_SOL_2025_0105_RAMP_UP,WND_GADAG,WND_G1_T01,2hour,Intraday forecast / reserve planning,physical weather-to-power + Gaussian residual,4.152,3.947,2.507,5.387,0.822,0.45,100.0,0.225,11.52,0.12,0,0,0,GOOD,GOOD,NORMAL,normal,NORMAL_LEARNING,NO_ACTION,Continue normal wind nowcast update.,OK
2025-01-05T08:50:00,08:50,ONLINE_SOL_2025_0105_RAMP_UP,WND_GADAG,WND_G1_T01,2hour,Intraday forecast / reserve planning,physical weather-to-power + Gaussian residual,4.215,4.008,2.568,5.448,0.828,0.476,100.0,0.238,11.52,0.12,0,0,0,GOOD,GOOD,NORMAL,normal,NORMAL_LEARNING,NO_ACTION,Continue normal wind nowcast update.,OK
2025-01-05T08:55:00,08:55,ONLINE_SOL_2025_0105_RAMP_UP,WND_GADAG,WND_G1_T01,2hour,Intraday forecast / reserve planning,physical weather-to-power + Gaussian residual,4.274,4.068,2.628,5.508,0.826,0.5,100.0,0.25,11.52,0.12,0,0,0,GOOD,GOOD,NORMAL,normal,NORMAL_LEARNING,NO_ACTION,Continue normal wind nowcast update.,OK
2025-01-05T09:00:00,09:00,ONLINE_SOL_2025_0105_RAMP_UP,WND_GADAG,WND_G1_T01,2hour,Intraday forecast / reserve planning,physical weather-to-power + Gaussian residual,4.330,4.127,2.687,5.566,0.815,0.534,100.0,0.267,11.52,0.12,0,0,0,GOOD,GOOD,NORMAL,normal,NORMAL_LEARNING,NO_ACTION,Continue normal wind nowcast update.,OK
2025-01-05T09:05:00,09:05,ONLINE_SOL_2025_0105_RAMP_UP,WND_GADAG,WND_G1_T01,2hour,Intraday forecast / reserve planning,physical weather-to-power + Gaussian residual,4.383,4.183,2.743,5.623,0.797,0.567,100.0,0.283,11.52,0.12,0,0,0,GOOD,GOOD,NORMAL,normal,NORMAL_LEARNING,NO_ACTION,Continue normal wind nowcast update.,OK
2025-01-05T09:10:00,09:10,ONLINE_SOL_2025_0105_RAMP_UP,WND_GADAG,WND_G1_T01,2hour,Intraday forecast / reserve planning,physical weather-to-power + Gaussian residual,4.431,4.239,2.799,5.679,0.771,0.597,100.0,0.299,11.52,0.12,0,0,0,GOOD,GOOD,NORMAL,normal,NORMAL_LEARNING,NO_ACTION,Continue normal wind nowcast update.,OK
2025-01-05T09:15:00,09:15,ONLINE_SOL_2025_0105_RAMP_UP,WND_GADAG,WND_G1_T01,2hour,Intraday forecast / reserve planning,physical weather-to-power + Gaussian residual,4.477,4.293,2.853,5.732,0.738,0.625,100.0,0.313,11.52,0.12,0,0,0,GOOD,GOOD,NORMAL,normal,NORMAL_LEARNING,NO_ACTION,Continue normal wind nowcast update.,OK
2025-01-05T09:20:00,09:20,ONLINE_SOL_2025_0105_RAMP_UP,WND_GADAG,WND_G1_T01,2hour,Intraday forecast / reserve planning,physical weather-to-power + Gaussian residual,4.519,4.345,2.905,5.785,0.698,0.651,100.0,0.326,11.52,0.12,0,0,0,GOOD,GOOD,NORMAL,normal,NORMAL_LEARNING,NO_ACTION,Continue normal wind nowcast update.,OK
2025-01-05T09:25:00,09:25,ONLINE_SOL_2025_0105_RAMP_UP,WND_GADAG,WND_G1_T01,2hour,Intraday forecast / reserve planning,physical weather-to-power + Gaussian residual,4.559,4.396,2.956,5.836,0.652,0.675,100.0,0.338,11.52,0.12,0,0,0,GOOD,GOOD,NORMAL,normal,NORMAL_LEARNING,NO_ACTION,Continue normal wind nowcast update.,OK
2025-01-05T09:30:00,09:30,ONLINE_SOL_2025_0105_RAMP_UP,WND_GADAG,WND_G1_T01,2hour,Intraday forecast / reserve planning,physical weather-to-power + Gaussian residual,4.596,4.445,3.005,5.885,0.601,0.696,100.0,0.348,11.52,0.12,0,0,0,GOOD,GOOD,NORMAL,normal,NORMAL_LEARNING,NO_ACTION,Continue normal wind nowcast update.,OK
2025-01-05T09:35:00,09:35,ONLINE_SOL_2025_0105_RAMP_UP,WND_GADAG,WND_G1_T01,2hour,Intraday forecast / reserve planning,physical weather-to-power + Gaussian residual,4.630,4.493,3.053,5.933,0.546,0.715,100.0,0.357,11.52,0.12,0,0,0,GOOD,GOOD,NORMAL,normal,NORMAL_LEARNING,NO_ACTION,Continue normal wind nowcast update.,OK
2025-01-05T09:40:00,09:40,ONLINE_SOL_2025_0105_RAMP_UP,WND_GADAG,WND_G1_T01,2hour,Intraday forecast / reserve planning,physical weather-to-power + Gaussian residual,4.661,4.539,3.099,5.979,0.488,0.73,100.0,0.365,11.52,0.12,0,0,0,GOOD,GOOD,NORMAL,normal,NORMAL_LEARNING,NO_ACTION,Continue normal wind nowcast update.,OK
2025-01-05T09:45:00,09:45,ONLINE_SOL_2025_0105_RAMP_UP,WND_GADAG,WND_G1_T01,2hour,Intraday forecast / reserve planning,physical weather-to-power + Gaussian residual,4.691,4.584,3.144,6.024,0.428,0.744,100.0,0.372,11.52,0.12,0,0,0,GOOD,GOOD,NORMAL,normal,NORMAL_LEARNING,NO_ACTION,Continue normal wind nowcast update.,OK
2025-01-05T09:50:00,09:50,ONLINE_SOL_2025_0105_RAMP_UP,WND_GADAG,WND_G1_T01,2hour,Intraday forecast / reserve planning,physical weather-to-power + Gaussian residual,4.719,4.627,3.187,6.067,0.368,0.755,100.0,0.377,11.52,0.12,0,0,0,GOOD,GOOD,NORMAL,normal,NORMAL_LEARNING,NO_ACTION,Continue normal wind nowcast update.,OK
2025-01-05T09:55:00,09:55,ONLINE_SOL_2025_0105_RAMP_UP,WND_GADAG,WND_G1_T01,2hour,Intraday forecast / reserve planning,physical weather-to-power + Gaussian residual,4.746,4.669,3.229,6.109,0.309,0.764,100.0,0.382,11.52,0.12,0,0,0,GOOD,GOOD,NORMAL,normal,NORMAL_LEARNING,NO_ACTION,Continue normal wind nowcast update.,OK
2025-01-05T10:00:00,10:00,ONLINE_SOL_2025_0105_RAMP_UP,WND_GADAG,WND_G1_T01,2hour,Intraday forecast / reserve planning,physical weather-to-power + Gaussian residual,4.772,4.709,3.269,6.149,0.252,0.77,100.0,0.385,11.52,0.12,0,0,0,GOOD,GOOD,NORMAL,normal,NORMAL_LEARNING,NO_ACTION,Continue normal wind nowcast update.,OK
2025-01-05T10:05:00,10:05,ONLINE_SOL_2025_0105_RAMP_UP,WND_GADAG,WND_G1_T01,2hour,Intraday forecast / reserve planning,physical weather-to-power + Gaussian residual,4.797,4.747,3.307,6.187,0.198,0.775,100.0,0.388,11.52,0.12,0,0,0,GOOD,GOOD,NORMAL,normal,NORMAL_LEARNING,NO_ACTION,Continue normal wind nowcast update.,OK
2025-01-05T10:10:00,10:10,ONLINE_SOL_2025_0105_RAMP_UP,WND_GADAG,WND_G1_T01,2hour,Intraday forecast / reserve planning,physical weather-to-power + Gaussian residual,4.821,4.784,3.344,6.224,0.148,0.779,100.0,0.389,11.52,0.12,0,0,0,GOOD,GOOD,NORMAL,normal,NORMAL_LEARNING,NO_ACTION,Continue normal wind nowcast update.,OK
2025-01-05T10:15:00,10:15,ONLINE_SOL_2025_0105_RAMP_UP,WND_GADAG,WND_G1_T01,2hour,Intraday forecast / reserve planning,physical weather-to-power + Gaussian residual,4.846,4.819,3.380,6.260,0.105,0.781,100.0,0.39,11.52,0.12,0,0,0,GOOD,GOOD,NORMAL,normal,NORMAL_LEARNING,NO_ACTION,Continue normal wind nowcast update.,OK
2025-01-05T10:20:00,10:20,ONLINE_SOL_2025_0105_RAMP_UP,WND_GADAG,WND_G1_T01,2hour,Intraday forecast / reserve planning,physical weather-to-power + Gaussian residual,4.870,4.853,3.413,6.293,0.067,0.782,100.0,0.391,11.52,0.12,0,0,0,GOOD,GOOD,NORMAL,normal,NORMAL_LEARNING,NO_ACTION,Continue normal wind nowcast update.,OK
2025-01-05T10:25:00,10:25,ONLINE_SOL_2025_0105_RAMP_UP,WND_GADAG,WND_G1_T01,2hour,Intraday forecast / reserve planning,physical weather-to-power + Gaussian residual,4.894,4.885,3.445,6.325,0.038,0.782,100.0,0.391,11.52,0.12,0,0,0,GOOD,GOOD,NORMAL,normal,NORMAL_LEARNING,NO_ACTION,Continue normal wind nowcast update.,OK
2025-01-05T10:30:00,10:30,ONLINE_SOL_2025_0105_RAMP_UP,WND_GADAG,WND_G1_T01,2hour,Intraday forecast / reserve planning,physical weather-to-power + Gaussian residual,4.920,4.915,3.475,6.356,0.016,0.782,100.0,0.391,11.52,0.12,0,0,0,GOOD,GOOD,NORMAL,normal,NORMAL_LEARNING,NO_ACTION,Continue normal wind nowcast update.,OK
2025-01-05T10:35:00,10:35,ONLINE_SOL_2025_0105_RAMP_UP,WND_GADAG,WND_G1_T01,2hour,Intraday forecast / reserve planning,physical weather-to-power + Gaussian residual,4.945,4.944,3.505,6.385,0.003,0.782,100.0,0.391,11.52,0.12,0,0,0,GOOD,GOOD,NORMAL,normal,NORMAL_LEARNING,NO_ACTION,Continue normal wind nowcast update.,OK
2025-01-05T10:40:00,10:40,ONLINE_SOL_2025_0105_RAMP_UP,WND_GADAG,WND_G1_T01,2hour,Intraday forecast / reserve planning,physical weather-to-power + Gaussian residual,4.972,4.972,3.532,6.412,0.0,0.782,100.0,0.391,11.52,0.12,0,0,0,GOOD,GOOD,NORMAL,normal,NORMAL_LEARNING,NO_ACTION,Continue normal wind nowcast update.,OK
2025-01-05T10:45:00,10:45,ONLINE_SOL_2025_0105_RAMP_UP,WND_GADAG,WND_G1_T01,2hour,Intraday forecast / reserve planning,physical weather-to-power + Gaussian residual,4.999,4.997,3.557,6.437,0.006,0.782,100.0,0.391,11.52,0.12,0,0,0,GOOD,GOOD,NORMAL,normal,NORMAL_LEARNING,NO_ACTION,Continue normal wind nowcast update.,OK
2025-01-05T10:50:00,10:50,ONLINE_SOL_2025_0105_RAMP_UP,WND_GADAG,WND_G1_T01,2hour,Intraday forecast / reserve planning,physical weather-to-power + Gaussian residual,5.027,5.021,3.581,6.461,0.022,0.783,100.0,0.391,11.52,0.12,0,0,0,GOOD,GOOD,NORMAL,normal,NORMAL_LEARNING,NO_ACTION,Continue normal wind nowcast update.,OK
2025-01-05T10:55:00,10:55,ONLINE_SOL_2025_0105_RAMP_UP,WND_GADAG,WND_G1_T01,2hour,Intraday forecast / reserve planning,physical weather-to-power + Gaussian residual,5.055,5.043,3.603,6.484,0.047,0.784,100.0,0.392,11.52,0.12,0,0,0,GOOD,GOOD,NORMAL,normal,NORMAL_LEARNING,NO_ACTION,Continue normal wind nowcast update.,OK
2025-01-05T11:00:00,11:00,ONLINE_SOL_2025_0105_RAMP_UP,WND_GADAG,WND_G1_T01,2hour,Intraday forecast / reserve planning,physical weather-to-power + Gaussian residual,5.084,5.064,3.624,6.504,0.08,0.787,100.0,0.394,11.52,0.12,0,0,0,GOOD,GOOD,NORMAL,normal,NORMAL_LEARNING,NO_ACTION,Continue normal wind nowcast update.,OK
2025-01-05T11:05:00,11:05,ONLINE_SOL_2025_0105_RAMP_UP,WND_GADAG,WND_G1_T01,2hour,Intraday forecast / reserve planning,physical weather-to-power + Gaussian residual,5.114,5.083,3.643,6.523,0.123,0.791,100.0,0.395,11.52,0.12,0,0,0,GOOD,GOOD,NORMAL,normal,NORMAL_LEARNING,NO_ACTION,Continue normal wind nowcast update.,OK
2025-01-05T11:10:00,11:10,ONLINE_SOL_2025_0105_RAMP_UP,WND_GADAG,WND_G1_T01,2hour,Intraday forecast / reserve planning,physical weather-to-power + Gaussian residual,5.144,5.101,3.660,6.540,0.172,0.796,100.0,0.398,11.52,0.12,0,0,0,GOOD,GOOD,NORMAL,normal,NORMAL_LEARNING,NO_ACTION,Continue normal wind nowcast update.,OK
2025-01-05T11:15:00,11:15,ONLINE_SOL_2025_0105_RAMP_UP,WND_GADAG,WND_G1_T01,2hour,Intraday forecast / reserve planning,physical weather-to-power + Gaussian residual,5.174,5.116,3.676,6.556,0.229,0.803,100.0,0.401,11.52,0.12,0,0,0,GOOD,GOOD,NORMAL,normal,NORMAL_LEARNING,NO_ACTION,Continue normal wind nowcast update.,OK
2025-01-05T11:20:00,11:20,ONLINE_SOL_2025_0105_RAMP_UP,WND_GADAG,WND_G1_T01,2hour,Intraday forecast / reserve planning,physical weather-to-power + Gaussian residual,5.204,5.130,3.691,6.571,0.292,0.81,100.0,0.405,11.52,0.12,0,0,0,GOOD,GOOD,NORMAL,normal,NORMAL_LEARNING,NO_ACTION,Continue normal wind nowcast update.,OK
2025-01-05T11:25:00,11:25,ONLINE_SOL_2025_0105_RAMP_UP,WND_GADAG,WND_G1_T01,2hour,Intraday forecast / reserve planning,physical weather-to-power + Gaussian residual,5.233,5.143,3.703,6.583,0.359,0.819,100.0,0.41,11.52,0.12,0,0,0,GOOD,GOOD,NORMAL,normal,NORMAL_LEARNING,NO_ACTION,Continue normal wind nowcast update.,OK
2025-01-05T11:30:00,11:30,ONLINE_SOL_2025_0105_RAMP_UP,WND_GADAG,WND_G1_T01,2hour,Intraday forecast / reserve planning,physical weather-to-power + Gaussian residual,5.261,5.154,3.714,6.594,0.43,0.83,100.0,0.415,11.52,0.12,0,0,0,GOOD,GOOD,NORMAL,normal,NORMAL_LEARNING,NO_ACTION,Continue normal wind nowcast update.,OK
2025-01-05T11:35:00,11:35,ONLINE_SOL_2025_0105_RAMP_UP,WND_GADAG,WND_G1_T01,2hour,Intraday forecast / reserve planning,physical weather-to-power + Gaussian residual,5.288,5.163,3.723,6.603,0.502,0.841,100.0,0.421,11.52,0.12,0,0,0,GOOD,GOOD,NORMAL,normal,NORMAL_LEARNING,NO_ACTION,Continue normal wind nowcast update.,OK
2025-01-05T11:40:00,11:40,ONLINE_SOL_2025_0105_RAMP_UP,WND_GADAG,WND_G1_T01,2hour,Intraday forecast / reserve planning,physical weather-to-power + Gaussian residual,5.314,5.170,3.730,6.610,0.576,0.854,100.0,0.427,11.52,0.12,0,0,0,GOOD,GOOD,NORMAL,normal,NORMAL_LEARNING,NO_ACTION,Continue normal wind nowcast update.,OK
2025-01-05T11:45:00,11:45,ONLINE_SOL_2025_0105_RAMP_UP,WND_GADAG,WND_G1_T01,2hour,Intraday forecast / reserve planning,physical weather-to-power + Gaussian residual,5.338,5.176,3.736,6.616,0.649,0.867,100.0,0.434,11.52,0.12,0,0,0,GOOD,GOOD,NORMAL,normal,NORMAL_LEARNING,NO_ACTION,Continue normal wind nowcast update.,OK
2025-01-05T11:50:00,11:50,ONLINE_SOL_2025_0105_RAMP_UP,WND_GADAG,WND_G1_T01,2hour,Intraday forecast / reserve planning,physical weather-to-power + Gaussian residual,5.360,5.180,3.740,6.620,0.719,0.882,100.0,0.441,11.52,0.12,0,0,0,GOOD,GOOD,NORMAL,normal,NORMAL_LEARNING,NO_ACTION,Continue normal wind nowcast update.,OK
2025-01-05T11:55:00,11:55,ONLINE_SOL_2025_0105_RAMP_UP,WND_GADAG,WND_G1_T01,2hour,Intraday forecast / reserve planning,physical weather-to-power + Gaussian residual,5.380,5.183,3.743,6.623,0.787,0.897,100.0,0.448,11.52,0.12,0,0,0,GOOD,GOOD,NORMAL,normal,NORMAL_LEARNING,NO_ACTION,Continue normal wind nowcast update.,OK
2025-01-05T12:00:00,12:00,ONLINE_SOL_2025_0105_RAMP_UP,WND_GADAG,WND_G1_T01,2hour,Intraday forecast / reserve planning,physical weather-to-power + Gaussian residual,5.396,5.184,3.744,6.623,0.849,0.912,100.0,0.456,11.52,0.12,0,0,0,GOOD,GOOD,NORMAL,normal,NORMAL_LEARNING,NO_ACTION,Continue normal wind nowcast update.,OK
2025-01-05T12:05:00,12:05,ONLINE_SOL_2025_0105_RAMP_UP,WND_GADAG,WND_G1_T01,2hour,Intraday forecast / reserve planning,physical weather-to-power + Gaussian residual,5.409,5.183,3.743,6.623,0.906,0.927,100.0,0.464,11.52,0.12,0,0,0,GOOD,GOOD,NORMAL,normal,NORMAL_LEARNING,NO_ACTION,Continue normal wind nowcast update.,OK
2025-01-05T12:10:00,12:10,ONLINE_SOL_2025_0105_RAMP_UP,WND_GADAG,WND_G1_T01,2hour,Intraday forecast / reserve planning,physical weather-to-power + Gaussian residual,5.419,5.180,3.740,6.620,0.956,0.942,100.0,0.471,11.52,0.12,0,0,0,GOOD,GOOD,NORMAL,normal,NORMAL_LEARNING,NO_ACTION,Continue normal wind nowcast update.,OK
2025-01-05T12:15:00,12:15,ONLINE_SOL_2025_0105_RAMP_UP,WND_GADAG,WND_G1_T01,2hour,Intraday forecast / reserve planning,physical weather-to-power + Gaussian residual,5.426,5.176,3.736,6.616,0.997,0.957,100.0,0.479,11.52,0.12,0,0,0,GOOD,GOOD,NORMAL,normal,NORMAL_LEARNING,NO_ACTION,Continue normal wind nowcast update.,OK
2025-01-05T12:20:00,12:20,ONLINE_SOL_2025_0105_RAMP_UP,WND_GADAG,WND_G1_T01,2hour,Intraday forecast / reserve planning,physical weather-to-power + Gaussian residual,5.428,5.170,3.730,6.610,1.03,0.972,100.0,0.486,11.52,0.12,0,0,0,GOOD,GOOD,NORMAL,normal,NORMAL_LEARNING,NO_ACTION,Continue normal wind nowcast update.,OK
2025-01-05T12:25:00,12:25,ONLINE_SOL_2025_0105_RAMP_UP,WND_GADAG,WND_G1_T01,2hour,Intraday forecast / reserve planning,physical weather-to-power + Gaussian residual,5.426,5.163,3.723,6.603,1.054,0.986,100.0,0.493,11.52,0.12,0,0,0,GOOD,GOOD,NORMAL,normal,NORMAL_LEARNING,NO_ACTION,Continue normal wind nowcast update.,OK
2025-01-05T12:30:00,12:30,ONLINE_SOL_2025_0105_RAMP_UP,WND_GADAG,WND_G1_T01,2hour,Intraday forecast / reserve planning,physical weather-to-power + Gaussian residual,5.420,5.154,3.714,6.594,1.068,0.998,100.0,0.499,11.52,0.12,0,0,0,GOOD,GOOD,NORMAL,normal,NORMAL_LEARNING,NO_ACTION,Continue normal wind nowcast update.,OK
2025-01-05T12:35:00,12:35,ONLINE_SOL_2025_0105_RAMP_UP,WND_GADAG,WND_G1_T01,2hour,Intraday forecast / reserve planning,physical weather-to-power + Gaussian residual,5.411,5.143,3.703,6.583,1.071,1.01,100.0,0.505,11.52,0.12,0,0,0,GOOD,GOOD,NORMAL,normal,NORMAL_LEARNING,NO_ACTION,Continue normal wind nowcast update.,OK
2025-01-05T12:40:00,12:40,ONLINE_SOL_2025_0105_RAMP_UP,WND_GADAG,WND_G1_T01,2hour,Intraday forecast / reserve planning,physical weather-to-power + Gaussian residual,5.397,5.130,3.691,6.571,1.065,1.021,100.0,0.51,11.52,0.12,0,0,0,GOOD,GOOD,NORMAL,normal,NORMAL_LEARNING,NO_ACTION,Continue normal wind nowcast update.,OK
2025-01-05T12:45:00,12:45,ONLINE_SOL_2025_0105_RAMP_UP,WND_GADAG,WND_G1_T01,2hour,Intraday forecast / reserve planning,physical weather-to-power + Gaussian residual,5.378,5.116,3.676,6.556,1.049,1.03,100.0,0.515,11.52,0.12,0,0,0,GOOD,GOOD,NORMAL,normal,NORMAL_LEARNING,NO_ACTION,Continue normal wind nowcast update.,OK
2025-01-05T12:50:00,12:50,ONLINE_SOL_2025_0105_RAMP_UP,WND_GADAG,WND_G1_T01,2hour,Intraday forecast / reserve planning,physical weather-to-power + Gaussian residual,5.356,5.101,3.660,6.540,1.023,1.039,100.0,0.519,11.52,0.12,0,0,0,GOOD,GOOD,NORMAL,normal,NORMAL_LEARNING,NO_ACTION,Continue normal wind nowcast update.,OK
2025-01-05T12:55:00,12:55,ONLINE_SOL_2025_0105_RAMP_UP,WND_GADAG,WND_G1_T01,2hour,Intraday forecast / reserve planning,physical weather-to-power + Gaussian residual,5.330,5.083,3.643,6.523,0.988,1.045,100.0,0.523,11.52,0.12,0,0,0,GOOD,GOOD,NORMAL,normal,NORMAL_LEARNING,NO_ACTION,Continue normal wind nowcast update.,OK
2025-01-05T13:00:00,13:00,ONLINE_SOL_2025_0105_RAMP_UP,WND_GADAG,WND_G1_T01,2hour,Intraday forecast / reserve planning,physical weather-to-power + Gaussian residual,5.300,5.064,3.624,6.504,0.944,1.051,100.0,0.525,11.52,0.1201,0,0,0,GOOD,GOOD,NORMAL,normal,NORMAL_LEARNING,NO_ACTION,Continue normal wind nowcast update.,OK
2025-01-05T13:05:00,13:05,ONLINE_SOL_2025_0105_RAMP_UP,WND_GADAG,WND_G1_T01,2hour,Intraday forecast / reserve planning,physical weather-to-power + Gaussian residual,5.267,5.043,3.603,6.484,0.893,1.055,100.0,0.527,11.52,0.1201,0,0,0,GOOD,GOOD,NORMAL,normal,NORMAL_LEARNING,NO_ACTION,Continue normal wind nowcast update.,OK
2025-01-05T13:10:00,13:10,ONLINE_SOL_2025_0105_RAMP_UP,WND_GADAG,WND_G1_T01,2hour,Intraday forecast / reserve planning,physical weather-to-power + Gaussian residual,5.230,5.021,3.581,6.461,0.835,1.057,100.0,0.529,11.52,0.1201,0,0,0,GOOD,GOOD,NORMAL,normal,NORMAL_LEARNING,NO_ACTION,Continue normal wind nowcast update.,OK
2025-01-05T13:15:00,13:15,ONLINE_SOL_2025_0105_RAMP_UP,WND_GADAG,WND_G1_T01,2hour,Intraday forecast / reserve planning,physical weather-to-power + Gaussian residual,5.190,4.997,3.557,6.437,0.772,1.059,100.0,0.529,11.52,0.1202,0,0,0,GOOD,GOOD,NORMAL,normal,NORMAL_LEARNING,NO_ACTION,Continue normal wind nowcast update.,OK
2025-01-05T13:20:00,13:20,ONLINE_SOL_2025_0105_RAMP_UP,WND_GADAG,WND_G1_T01,2hour,Intraday forecast / reserve planning,physical weather-to-power + Gaussian residual,5.148,4.972,3.532,6.412,0.705,1.059,100.0,0.53,11.52,0.1203,0,0,0,GOOD,GOOD,NORMAL,normal,NORMAL_LEARNING,NO_ACTION,Continue normal wind nowcast update.,OK
2025-01-05T13:25:00,13:25,ONLINE_SOL_2025_0105_RAMP_UP,WND_GADAG,WND_G1_T01,2hour,Intraday forecast / reserve planning,physical weather-to-power + Gaussian residual,5.103,4.944,3.505,6.385,0.634,1.058,100.0,0.529,11.52,0.1204,0,0,0,GOOD,GOOD,NORMAL,normal,NORMAL_LEARNING,NO_ACTION,Continue normal wind nowcast update.,OK
2025-01-05T13:30:00,13:30,ONLINE_SOL_2025_0105_RAMP_UP,WND_GADAG,WND_G1_T01,2hour,Intraday forecast / reserve planning,physical weather-to-power + Gaussian residual,5.056,4.916,3.476,6.356,0.562,1.057,100.0,0.528,11.52,0.1206,0,0,0,GOOD,GOOD,NORMAL,normal,NORMAL_LEARNING,NO_ACTION,Continue normal wind nowcast update.,OK
2025-01-05T13:35:00,13:35,ONLINE_SOL_2025_0105_RAMP_UP,WND_GADAG,WND_G1_T01,2hour,Intraday forecast / reserve planning,physical weather-to-power + Gaussian residual,5.008,4.886,3.446,6.325,0.489,1.054,100.0,0.527,11.52,0.1209,0,0,0,GOOD,GOOD,NORMAL,normal,NORMAL_LEARNING,NO_ACTION,Continue normal wind nowcast update.,OK
2025-01-05T13:40:00,13:40,ONLINE_SOL_2025_0105_RAMP_UP,WND_GADAG,WND_G1_T01,2hour,Intraday forecast / reserve planning,physical weather-to-power + Gaussian residual,4.958,4.854,3.413,6.293,0.418,1.051,100.0,0.526,11.52,0.1213,0,0,0,GOOD,GOOD,NORMAL,normal,NORMAL_LEARNING,NO_ACTION,Continue normal wind nowcast update.,OK
2025-01-05T13:45:00,13:45,ONLINE_SOL_2025_0105_RAMP_UP,WND_GADAG,WND_G1_T01,2hour,Intraday forecast / reserve planning,physical weather-to-power + Gaussian residual,4.907,4.820,3.380,6.260,0.348,1.048,100.0,0.524,11.52,0.122,0,0,0,GOOD,GOOD,NORMAL,normal,NORMAL_LEARNING,NO_ACTION,Continue normal wind nowcast update.,OK
2025-01-05T13:50:00,13:50,ONLINE_SOL_2025_0105_RAMP_UP,WND_GADAG,WND_G1_T01,2hour,Intraday forecast / reserve planning,physical weather-to-power + Gaussian residual,4.856,4.785,3.345,6.225,0.281,1.044,100.0,0.522,11.52,0.1229,0,0,0,GOOD,GOOD,NORMAL,normal,NORMAL_LEARNING,NO_ACTION,Continue normal wind nowcast update.,OK
2025-01-05T13:55:00,13:55,ONLINE_SOL_2025_0105_RAMP_UP,WND_GADAG,WND_G1_T01,2hour,Intraday forecast / reserve planning,physical weather-to-power + Gaussian residual,4.803,4.749,3.309,6.189,0.218,1.041,100.0,0.52,11.52,0.1244,0,0,0,GOOD,GOOD,NORMAL,normal,NORMAL_LEARNING,NO_ACTION,Continue normal wind nowcast update.,OK
2025-01-05T14:00:00,14:00,ONLINE_SOL_2025_0105_RAMP_UP,WND_GADAG,WND_G1_T01,2hour,Intraday forecast / reserve planning,physical weather-to-power + Gaussian residual,4.752,4.712,3.272,6.152,0.16,1.037,100.0,0.518,11.52,0.1265,0,0,0,GOOD,GOOD,NORMAL,normal,NORMAL_LEARNING,NO_ACTION,Continue normal wind nowcast update.,OK
2025-01-05T14:05:00,14:05,ONLINE_SOL_2025_0105_RAMP_UP,WND_GADAG,WND_G1_T01,2hour,Intraday forecast / reserve planning,physical weather-to-power + Gaussian residual,4.699,4.673,3.233,6.113,0.106,1.033,100.0,0.516,11.52,0.1297,0,0,0,GOOD,GOOD,NORMAL,normal,NORMAL_LEARNING,NO_ACTION,Continue normal wind nowcast update.,OK
2025-01-05T14:10:00,14:10,ONLINE_SOL_2025_0105_RAMP_UP,WND_GADAG,WND_G1_T01,2hour,Intraday forecast / reserve planning,physical weather-to-power + Gaussian residual,4.648,4.634,3.194,6.074,0.056,1.029,100.0,0.515,11.52,0.1344,0,0,0,GOOD,GOOD,NORMAL,normal,NORMAL_LEARNING,NO_ACTION,Continue normal wind nowcast update.,OK
2025-01-05T14:15:00,14:15,ONLINE_SOL_2025_0105_RAMP_UP,WND_GADAG,WND_G1_T01,2hour,Intraday forecast / reserve planning,physical weather-to-power + Gaussian residual,4.596,4.594,3.154,6.034,0.009,1.025,100.0,0.513,11.52,0.1413,0,0,0,GOOD,GOOD,NORMAL,normal,NORMAL_LEARNING,NO_ACTION,Continue normal wind nowcast update.,OK
2025-01-05T14:20:00,14:20,ONLINE_SOL_2025_0105_RAMP_UP,WND_GADAG,WND_G1_T01,2hour,Intraday forecast / reserve planning,physical weather-to-power + Gaussian residual,4.546,4.555,3.115,5.995,-0.037,1.024,100.0,0.51,11.52,0.1513,0,0,0,GOOD,GOOD,NORMAL,normal,NORMAL_LEARNING,NO_ACTION,Continue normal wind nowcast update.,OK
2025-01-05T14:25:00,14:25,ONLINE_SOL_2025_0105_RAMP_UP,WND_GADAG,WND_G1_T01,2hour,Intraday forecast / reserve planning,physical weather-to-power + Gaussian residual,4.496,4.518,3.078,5.958,-0.087,1.026,100.0,0.508,11.52,0.1659,0,0,0,GOOD,GOOD,NORMAL,normal,NORMAL_LEARNING,NO_ACTION,Continue normal wind nowcast update.,OK
2025-01-05T14:30:00,14:30,ONLINE_SOL_2025_0105_RAMP_UP,WND_GADAG,WND_G1_T01,2hour,Intraday forecast / reserve planning,physical weather-to-power + Gaussian residual,4.447,4.484,3.043,5.923,-0.146,1.031,100.0,0.504,11.52,0.1865,0,0,0,GOOD,GOOD,NORMAL,normal,NORMAL_LEARNING,NO_ACTION,Continue normal wind nowcast update.,OK
2025-01-05T14:35:00,14:35,ONLINE_SOL_2025_0105_RAMP_UP,WND_GADAG,WND_G1_T01,2hour,Intraday forecast / reserve planning,physical weather-to-power + Gaussian residual,4.399,4.455,3.015,5.895,-0.224,1.04,100.0,0.5,11.52,0.2154,0,0,0,GOOD,GOOD,NORMAL,normal,NORMAL_LEARNING,NO_ACTION,Continue normal wind nowcast update.,OK
2025-01-05T14:40:00,14:40,ONLINE_SOL_2025_0105_RAMP_UP,WND_GADAG,WND_G1_T01,2hour,Intraday forecast / reserve planning,physical weather-to-power + Gaussian residual,4.352,4.436,2.996,5.876,-0.337,1.054,100.0,0.493,11.52,0.2544,0,0,0,GOOD,GOOD,NORMAL,normal,NORMAL_LEARNING,NO_ACTION,Continue normal wind nowcast update.,OK
2025-01-05T14:45:00,14:45,ONLINE_SOL_2025_0105_RAMP_UP,WND_GADAG,WND_G1_T01,2hour,Intraday forecast / reserve planning,physical weather-to-power + Gaussian residual,4.306,4.432,2.992,5.872,-0.505,1.075,100.0,0.482,11.52,0.3052,0,0,0,GOOD,GOOD,NORMAL,normal,NORMAL_LEARNING,NO_ACTION,Continue normal wind nowcast update.,OK
2025-01-05T14:50:00,14:50,ONLINE_SOL_2025_0105_RAMP_UP,WND_GADAG,WND_G1_T01,2hour,Intraday forecast / reserve planning,physical weather-to-power + Gaussian residual,4.261,4.452,3.011,5.891,-0.761,1.106,100.0,0.466,11.52,0.368,0,0,0,GOOD,GOOD,NORMAL,normal,NORMAL_LEARNING,NO_ACTION,Continue normal wind nowcast update.,OK
2025-01-05T14:55:00,14:55,ONLINE_SOL_2025_0105_RAMP_UP,WND_GADAG,WND_G1_T01,2hour,Intraday forecast / reserve planning,physical weather-to-power + Gaussian residual,4.219,4.505,3.065,5.945,-1.146,1.152,100.0,0.441,11.52,0.441,0,0,0,GOOD,GOOD,NORMAL,normal,NORMAL_LEARNING,NO_ACTION,Continue normal wind nowcast update.,OK
2025-01-05T15:00:00,15:00,ONLINE_SOL_2025_0105_RAMP_UP,WND_GADAG,WND_G1_T01,2hour,Intraday forecast / reserve planning,physical weather-to-power + Gaussian residual,4.179,4.607,3.167,6.047,-1.713,1.22,100.0,0.403,11.52,0.52,0,0,55,GOOD,GOOD,NORMAL,normal,NORMAL_LEARNING,NO_ACTION,Continue normal wind nowcast update.,OK
2025-01-05T15:05:00,15:05,ONLINE_SOL_2025_0105_RAMP_UP,WND_GADAG,WND_G1_T01,2hour,Intraday forecast / reserve planning,physical weather-to-power + Gaussian residual,4.143,4.774,3.333,6.213,-2.52,1.32,100.0,0.348,11.52,0.599,0,0,55,GOOD,GOOD,NORMAL,normal,NORMAL_LEARNING,NO_ACTION,Continue normal wind nowcast update.,OK
2025-01-05T15:10:00,15:10,ONLINE_SOL_2025_0105_RAMP_UP,WND_GADAG,WND_G1_T01,2hour,Intraday forecast / reserve planning,physical weather-to-power + Gaussian residual,4.114,5.017,3.577,6.457,-3.613,1.463,100.0,0.27,11.52,0.672,25,0,55,GOOD,GOOD,NORMAL,normal,WIND_RAMP_LEARNED,STEEP_ADJUST,Adjusting wind persistence weights.,WATCH
2025-01-05T15:15:00,15:15,ONLINE_SOL_2025_0105_RAMP_UP,WND_GADAG,WND_G1_T01,2hour,Intraday forecast / reserve planning,physical weather-to-power + Gaussian residual,4.093,5.341,3.901,6.782,-4.992,1.662,100.0,0.161,11.52,0.7348,20,0,55,GOOD,GOOD,NORMAL,normal,WIND_RAMP_LEARNED,STEEP_ADJUST,Adjusting wind persistence weights.,WATCH
2025-01-05T15:20:00,15:20,ONLINE_SOL_2025_0105_RAMP_UP,WND_GADAG,WND_G1_T01,2hour,Intraday forecast / reserve planning,physical weather-to-power + Gaussian residual,4.088,5.733,3.645,7.821,-6.582,1.924,100.0,0.018,16.704,0.7856,15,35,55,GOOD,GOOD,ANOMALOUS,weather,WIND_RAMP_LEARNED,STEEP_ADJUST,Adjusting wind persistence weights.,WATCH
2025-01-05T15:25:00,15:25,ONLINE_SOL_2025_0105_RAMP_UP,WND_GADAG,WND_G1_T01,2hour,Intraday forecast / reserve planning,physical weather-to-power + Gaussian residual,4.103,6.155,4.067,8.243,-8.209,2.251,100.0,-0.161,16.704,0.8246,10,35,55,GOOD,GOOD,ANOMALOUS,weather,WIND_RAMP_LEARNED,STEEP_ADJUST,Adjusting wind persistence weights.,WATCH
2025-01-05T15:30:00,15:30,ONLINE_SOL_2025_0105_RAMP_UP,WND_GADAG,WND_G1_T01,2hour,Intraday forecast / reserve planning,physical weather-to-power + Gaussian residual,4.149,6.557,4.469,8.645,-9.631,2.634,97.917,-0.371,16.704,0.8535,5,35,55,GOOD,GOOD,ANOMALOUS,weather,WIND_RAMP_LEARNED,STEEP_ADJUST,Adjusting wind persistence weights.,WATCH
2025-01-05T15:35:00,15:35,ONLINE_SOL_2025_0105_RAMP_UP,WND_GADAG,WND_G1_T01,2hour,Intraday forecast / reserve planning,physical weather-to-power + Gaussian residual,4.240,6.893,4.805,8.981,-10.612,3.055,95.833,-0.602,16.704,0.8741,0,35,82,GOOD,GOOD,ANOMALOUS,weather,WIND_RAMP_LEARNED,STEEP_ADJUST,Adjusting wind persistence weights.,WATCH
2025-01-05T15:40:00,15:40,ONLINE_SOL_2025_0105_RAMP_UP,WND_GADAG,WND_G1_T01,2hour,Intraday forecast / reserve planning,physical weather-to-power + Gaussian residual,4.388,7.133,5.045,9.221,-10.982,3.489,93.75,-0.843,16.704,0.8887,0,35,82,GOOD,GOOD,ANOMALOUS,weather,WIND_RAMP_LEARNED,STEEP_ADJUST,Adjusting wind persistence weights.,WATCH
2025-01-05T15:45:00,15:45,ONLINE_SOL_2025_0105_RAMP_UP,WND_GADAG,WND_G1_T01,2hour,Intraday forecast / reserve planning,physical weather-to-power + Gaussian residual,4.605,7.274,5.186,9.362,-10.675,3.907,91.667,-1.079,16.704,0.8987,0,35,82,GOOD,GOOD,ANOMALOUS,weather,WIND_RAMP_LEARNED,STEEP_ADJUST,Adjusting wind persistence weights.,WATCH
2025-01-05T15:50:00,15:50,ONLINE_SOL_2025_0105_RAMP_UP,WND_GADAG,WND_G1_T01,2hour,Intraday forecast / reserve planning,physical weather-to-power + Gaussian residual,4.894,7.326,5.238,9.414,-9.727,4.282,89.583,-1.296,16.704,0.9056,0,35,82,GOOD,GOOD,ANOMALOUS,weather,WIND_RAMP_LEARNED,STEEP_ADJUST,Adjusting wind persistence weights.,WATCH
2025-01-05T15:55:00,15:55,ONLINE_SOL_2025_0105_RAMP_UP,WND_GADAG,WND_G1_T01,2hour,Intraday forecast / reserve planning,physical weather-to-power + Gaussian residual,5.242,7.309,5.221,9.397,-8.27,4.594,89.583,-1.485,16.704,0.9103,0,35,82,GOOD,GOOD,ANOMALOUS,weather,WIND_RAMP_LEARNED,STEEP_ADJUST,Adjusting wind persistence weights.,WATCH
2025-01-05T16:00:00,16:00,ONLINE_SOL_2025_0105_RAMP_UP,WND_GADAG,WND_G1_T01,2hour,Intraday forecast / reserve planning,physical weather-to-power + Gaussian residual,5.612,7.240,5.152,9.328,-6.513,4.83,89.583,-1.638,16.704,0.9135,0,35,82,GOOD,GOOD,ANOMALOUS,weather,WIND_RAMP_LEARNED,STEEP_ADJUST,Adjusting wind persistence weights.,WATCH
2025-01-05T16:05:00,16:05,ONLINE_SOL_2025_0105_RAMP_UP,WND_GADAG,WND_G1_T01,2hour,Intraday forecast / reserve planning,physical weather-to-power + Gaussian residual,5.959,7.135,5.047,9.223,-4.705,4.988,89.583,-1.755,16.704,0.9156,0,35,82,GOOD,GOOD,ANOMALOUS,weather,WIND_RAMP_LEARNED,STEEP_ADJUST,Adjusting wind persistence weights.,WATCH
2025-01-05T16:10:00,16:10,ONLINE_SOL_2025_0105_RAMP_UP,WND_GADAG,WND_G1_T01,2hour,Intraday forecast / reserve planning,physical weather-to-power + Gaussian residual,6.239,7.005,4.918,9.094,-3.064,5.076,89.583,-1.839,16.704,0.9171,0,35,82,GOOD,GOOD,ANOMALOUS,weather,WIND_RAMP_LEARNED,STEEP_ADJUST,Adjusting wind persistence weights.,WATCH
2025-01-05T16:15:00,16:15,ONLINE_SOL_2025_0105_RAMP_UP,WND_GADAG,WND_G1_T01,2hour,Intraday forecast / reserve planning,physical weather-to-power + Gaussian residual,6.428,6.858,4.770,8.946,-1.723,5.106,89.583,-1.896,16.704,0.918,0,35,82,GOOD,GOOD,ANOMALOUS,weather,WIND_RAMP_LEARNED,STEEP_ADJUST,Adjusting wind persistence weights.,WATCH
2025-01-05T16:20:00,16:20,ONLINE_SOL_2025_0105_RAMP_UP,WND_GADAG,WND_G1_T01,2hour,Intraday forecast / reserve planning,physical weather-to-power + Gaussian residual,6.520,6.699,4.611,8.787,-0.718,5.093,89.583,-1.932,16.704,0.9187,0,35,82,GOOD,GOOD,ANOMALOUS,weather,WIND_RAMP_LEARNED,STEEP_ADJUST,Adjusting wind persistence weights.,WATCH
2025-01-05T16:25:00,16:25,ONLINE_SOL_2025_0105_RAMP_UP,WND_GADAG,WND_G1_T01,2hour,Intraday forecast / reserve planning,physical weather-to-power + Gaussian residual,6.527,6.532,4.444,8.620,-0.018,5.05,89.583,-1.955,16.704,0.9191,0,35,82,GOOD,GOOD,ANOMALOUS,weather,WIND_RAMP_LEARNED,STEEP_ADJUST,Adjusting wind persistence weights.,WATCH
2025-01-05T16:30:00,16:30,ONLINE_SOL_2025_0105_RAMP_UP,WND_GADAG,WND_G1_T01,2hour,Intraday forecast / reserve planning,physical weather-to-power + Gaussian residual,6.467,6.358,4.270,8.446,0.438,5.024,89.583,-1.968,16.704,0.9194,0,35,82,GOOD,GOOD,ANOMALOUS,weather,WIND_RAMP_LEARNED,STEEP_ADJUST,Adjusting wind persistence weights.,WATCH
2025-01-05T16:35:00,16:35,ONLINE_SOL_2025_0105_RAMP_UP,WND_GADAG,WND_G1_T01,2hour,Intraday forecast / reserve planning,physical weather-to-power + Gaussian residual,6.357,6.179,4.091,8.267,0.714,5.009,89.583,-1.975,16.704,0.9196,0,35,82,GOOD,GOOD,ANOMALOUS,weather,WIND_RAMP_LEARNED,STEEP_ADJUST,Adjusting wind persistence weights.,WATCH
2025-01-05T16:40:00,16:40,ONLINE_SOL_2025_0105_RAMP_UP,WND_GADAG,WND_G1_T01,2hour,Intraday forecast / reserve planning,physical weather-to-power + Gaussian residual,6.212,5.996,3.908,8.084,0.864,5.001,89.583,-1.979,16.704,0.9197,0,35,82,GOOD,GOOD,ANOMALOUS,weather,WIND_RAMP_LEARNED,STEEP_ADJUST,Adjusting wind persistence weights.,WATCH
2025-01-05T16:45:00,16:45,ONLINE_SOL_2025_0105_RAMP_UP,WND_GADAG,WND_G1_T01,2hour,Intraday forecast / reserve planning,physical weather-to-power + Gaussian residual,6.042,5.809,3.721,7.897,0.928,4.996,89.583,-1.982,16.704,0.9198,0,35,82,GOOD,GOOD,ANOMALOUS,weather,WIND_RAMP_LEARNED,STEEP_ADJUST,Adjusting wind persistence weights.,WATCH
2025-01-05T16:50:00,16:50,ONLINE_SOL_2025_0105_RAMP_UP,WND_GADAG,WND_G1_T01,2hour,Intraday forecast / reserve planning,physical weather-to-power + Gaussian residual,5.854,5.620,3.532,7.708,0.934,4.992,89.583,-1.984,16.704,0.9199,0,35,82,GOOD,GOOD,ANOMALOUS,weather,WIND_RAMP_LEARNED,STEEP_ADJUST,Adjusting wind persistence weights.,WATCH
2025-01-05T16:55:00,16:55,ONLINE_SOL_2025_0105_RAMP_UP,WND_GADAG,WND_G1_T01,2hour,Intraday forecast / reserve planning,physical weather-to-power + Gaussian residual,5.654,5.428,3.340,7.516,0.903,4.988,89.583,-1.985,16.704,0.9199,0,35,82,GOOD,GOOD,ANOMALOUS,weather,WIND_RAMP_LEARNED,STEEP_ADJUST,Adjusting wind persistence weights.,WATCH
2025-01-05T17:00:00,17:00,ONLINE_SOL_2025_0105_RAMP_UP,WND_GADAG,WND_G1_T01,2hour,Intraday forecast / reserve planning,physical weather-to-power + Gaussian residual,5.445,5.234,3.146,7.322,0.847,4.984,89.583,-1.987,16.704,0.9199,0,35,82,GOOD,GOOD,ANOMALOUS,weather,WIND_RAMP_LEARNED,STEEP_ADJUST,Adjusting wind persistence weights.,WATCH
2025-01-05T17:05:00,17:05,ONLINE_SOL_2025_0105_RAMP_UP,WND_GADAG,WND_G1_T01,2hour,Intraday forecast / reserve planning,physical weather-to-power + Gaussian residual,5.231,5.036,2.948,7.124,0.777,4.98,89.583,-1.99,16.704,0.92,0,35,82,GOOD,GOOD,ANOMALOUS,weather,WIND_RAMP_LEARNED,STEEP_ADJUST,Adjusting wind persistence weights.,WATCH
2025-01-05T17:10:00,17:10,ONLINE_SOL_2025_0105_RAMP_UP,WND_GADAG,WND_G1_T01,2hour,Intraday forecast / reserve planning,physical weather-to-power + Gaussian residual,5.011,4.837,2.749,6.925,0.697,4.974,89.583,-1.993,16.704,0.92,0,35,82,GOOD,GOOD,ANOMALOUS,weather,WIND_RAMP_LEARNED,STEEP_ADJUST,Adjusting wind persistence weights.,WATCH
2025-01-05T17:15:00,17:15,ONLINE_SOL_2025_0105_RAMP_UP,WND_GADAG,WND_G1_T01,2hour,Intraday forecast / reserve planning,physical weather-to-power + Gaussian residual,4.788,4.635,3.195,6.075,0.614,4.967,89.583,-1.996,11.52,0.92,0,0,82,GOOD,GOOD,NORMAL,normal,NORMAL_LEARNING,NO_ACTION,Continue normal wind nowcast update.,OK
2025-01-05T17:20:00,17:20,ONLINE_SOL_2025_0105_RAMP_UP,WND_GADAG,WND_G1_T01,2hour,Intraday forecast / reserve planning,physical weather-to-power + Gaussian residual,4.564,4.431,2.991,5.871,0.531,4.96,89.583,-2.0,11.52,0.92,0,0,82,GOOD,GOOD,NORMAL,normal,NORMAL_LEARNING,NO_ACTION,Continue normal wind nowcast update.,OK
2025-01-05T17:25:00,17:25,ONLINE_SOL_2025_0105_RAMP_UP,WND_GADAG,WND_G1_T01,2hour,Intraday forecast / reserve planning,physical weather-to-power + Gaussian residual,4.338,4.225,2.785,5.665,0.449,4.952,89.583,-2.003,11.52,0.92,0,0,82,GOOD,GOOD,NORMAL,normal,NORMAL_LEARNING,NO_ACTION,Continue normal wind nowcast update.,OK
2025-01-05T17:30:00,17:30,ONLINE_SOL_2025_0105_RAMP_UP,WND_GADAG,WND_G1_T01,2hour,Intraday forecast / reserve planning,physical weather-to-power + Gaussian residual,4.110,4.017,2.577,5.457,0.372,4.944,89.583,-2.007,11.52,0.92,0,0,82,GOOD,GOOD,NORMAL,normal,NORMAL_LEARNING,NO_ACTION,Continue normal wind nowcast update.,OK
2025-01-05T17:35:00,17:35,ONLINE_SOL_2025_0105_RAMP_UP,WND_GADAG,WND_G1_T01,2hour,Intraday forecast / reserve planning,physical weather-to-power + Gaussian residual,3.882,3.807,2.367,5.247,0.301,4.936,89.583,-2.011,11.52,0.92,0,0,82,GOOD,GOOD,NORMAL,normal,NORMAL_LEARNING,NO_ACTION,Continue normal wind nowcast update.,OK
2025-01-05T17:40:00,17:40,ONLINE_SOL_2025_0105_RAMP_UP,WND_GADAG,WND_G1_T01,2hour,Intraday forecast / reserve planning,physical weather-to-power + Gaussian residual,3.654,3.595,2.155,5.035,0.237,4.929,89.583,-2.015,11.52,0.92,0,0,82,GOOD,GOOD,NORMAL,normal,NORMAL_LEARNING,NO_ACTION,Continue normal wind nowcast update.,OK
2025-01-05T17:45:00,17:45,ONLINE_SOL_2025_0105_RAMP_UP,WND_GADAG,WND_G1_T01,2hour,Intraday forecast / reserve planning,physical weather-to-power + Gaussian residual,3.426,3.381,1.941,4.821,0.18,4.922,89.583,-2.019,11.52,0.92,0,0,82,GOOD,GOOD,NORMAL,normal,NORMAL_LEARNING,NO_ACTION,Continue normal wind nowcast update.,OK
2025-01-05T17:50:00,17:50,ONLINE_SOL_2025_0105_RAMP_UP,WND_GADAG,WND_G1_T01,2hour,Intraday forecast / reserve planning,physical weather-to-power + Gaussian residual,3.199,3.166,1.726,4.606,0.131,4.916,89.583,-2.022,11.52,0.92,0,0,82,GOOD,GOOD,NORMAL,normal,NORMAL_LEARNING,NO_ACTION,Continue normal wind nowcast update.,OK
2025-01-05T17:55:00,17:55,ONLINE_SOL_2025_0105_RAMP_UP,WND_GADAG,WND_G1_T01,2hour,Intraday forecast / reserve planning,physical weather-to-power + Gaussian residual,2.971,2.949,1.508,4.388,0.091,4.91,89.583,-2.024,11.52,0.92,0,0,82,GOOD,GOOD,NORMAL,normal,NORMAL_LEARNING,NO_ACTION,Continue normal wind nowcast update.,OK
2025-01-05T18:00:00,18:00,ONLINE_SOL_2025_0105_RAMP_UP,WND_GADAG,WND_G1_T01,2hour,Intraday forecast / reserve planning,physical weather-to-power + Gaussian residual,2.744,2.729,1.290,4.170,0.059,4.906,89.583,-2.026,11.52,0.92,0,0,82,GOOD,GOOD,NORMAL,normal,NORMAL_LEARNING,NO_ACTION,Continue normal wind nowcast update.,OK
2025-01-05T18:05:00,18:05,ONLINE_SOL_2025_0105_RAMP_UP,WND_GADAG,WND_G1_T01,2hour,Intraday forecast / reserve planning,physical weather-to-power + Gaussian residual,2.518,2.509,1.069,3.949,0.035,4.903,89.583,-2.028,11.52,0.92,0,0,82,GOOD,GOOD,NORMAL,normal,NORMAL_LEARNING,NO_ACTION,Continue normal wind nowcast update.,OK
2025-01-05T18:10:00,18:10,ONLINE_SOL_2025_0105_RAMP_UP,WND_GADAG,WND_G1_T01,2hour,Intraday forecast / reserve planning,physical weather-to-power + Gaussian residual,2.291,2.287,0.847,3.727,0.017,4.902,89.583,-2.029,11.52,0.92,0,0,82,GOOD,GOOD,NORMAL,normal,NORMAL_LEARNING,NO_ACTION,Continue normal wind nowcast update.,OK
2025-01-05T18:15:00,18:15,ONLINE_SOL_2025_0105_RAMP_UP,WND_GADAG,WND_G1_T01,2hour,Intraday forecast / reserve planning,physical weather-to-power + Gaussian residual,2.065,2.063,0.624,3.503,0.007,4.902,89.583,-2.029,11.52,0.92,0,0,82,GOOD,GOOD,NORMAL,normal,NORMAL_LEARNING,NO_ACTION,Continue normal wind nowcast update.,OK
2025-01-05T18:20:00,18:20,ONLINE_SOL_2025_0105_RAMP_UP,WND_GADAG,WND_G1_T01,2hour,Intraday forecast / reserve planning,physical weather-to-power + Gaussian residual,1.839,1.839,0.399,3.279,0.001,4.9,89.583,-2.028,11.52,0.92,0,0,82,GOOD,GOOD,NORMAL,normal,NORMAL_LEARNING,NO_ACTION,Continue normal wind nowcast update.,OK
2025-01-05T18:25:00,18:25,ONLINE_SOL_2025_0105_RAMP_UP,WND_GADAG,WND_G1_T01,2hour,Intraday forecast / reserve planning,physical weather-to-power + Gaussian residual,1.613,1.613,0.172,3.053,0.0,4.896,89.583,-2.026,11.52,0.92,0,0,82,GOOD,GOOD,NORMAL,normal,NORMAL_LEARNING,NO_ACTION,Continue normal wind nowcast update.,OK
2025-01-05T18:30:00,18:30,ONLINE_SOL_2025_0105_RAMP_UP,WND_GADAG,WND_G1_T01,2hour,Intraday forecast / reserve planning,physical weather-to-power + Gaussian residual,1.386,1.385,0.000,2.825,0.002,4.89,89.583,-2.023,11.301,0.92,0,0,82,GOOD,GOOD,NORMAL,normal,NORMAL_LEARNING,NO_ACTION,Continue normal wind nowcast update.,OK
2025-01-05T18:35:00,18:35,ONLINE_SOL_2025_0105_RAMP_UP,WND_GADAG,WND_G1_T01,2hour,Intraday forecast / reserve planning,physical weather-to-power + Gaussian residual,1.158,1.157,0.000,2.597,0.005,4.881,89.583,-2.018,10.387,0.92,0,0,82,GOOD,GOOD,NORMAL,normal,NORMAL_LEARNING,NO_ACTION,Continue normal wind nowcast update.,OK
2025-01-05T18:40:00,18:40,ONLINE_SOL_2025_0105_RAMP_UP,WND_GADAG,WND_G1_T01,2hour,Intraday forecast / reserve planning,physical weather-to-power + Gaussian residual,0.929,0.927,0.000,2.367,0.009,4.868,89.583,-2.011,9.469,0.92,0,0,82,GOOD,GOOD,NORMAL,normal,NORMAL_LEARNING,NO_ACTION,Continue normal wind nowcast update.,OK
2025-01-05T18:45:00,18:45,ONLINE_SOL_2025_0105_RAMP_UP,WND_GADAG,WND_G1_T01,2hour,Intraday forecast / reserve planning,physical weather-to-power + Gaussian residual,0.700,0.697,0.000,2.137,0.011,4.847,89.583,-2.0,8.547,0.92,0,0,82,GOOD,GOOD,NORMAL,normal,NORMAL_LEARNING,NO_ACTION,Continue normal wind nowcast update.,OK
2025-01-05T18:50:00,18:50,ONLINE_SOL_2025_0105_RAMP_UP,WND_GADAG,WND_G1_T01,2hour,Intraday forecast / reserve planning,physical weather-to-power + Gaussian residual,0.468,0.465,0.000,1.905,0.011,4.816,89.583,-1.984,7.621,0.92,0,0,82,GOOD,GOOD,NORMAL,normal,NORMAL_LEARNING,NO_ACTION,Continue normal wind nowcast update.,OK
2025-01-05T18:55:00,18:55,ONLINE_SOL_2025_0105_RAMP_UP,WND_GADAG,WND_G1_T01,2hour,Intraday forecast / reserve planning,physical weather-to-power + Gaussian residual,0.235,0.233,0.000,1.673,0.008,4.768,89.583,-1.96,6.692,0.92,0,0,82,GOOD,GOOD,NORMAL,normal,NORMAL_LEARNING,NO_ACTION,Continue normal wind nowcast update.,OK
2025-01-05T19:00:00,19:00,ONLINE_SOL_2025_0105_RAMP_UP,WND_GADAG,WND_G1_T01,2hour,Intraday forecast / reserve planning,physical weather-to-power + Gaussian residual,0.000,0.000,0.000,1.440,0.0,4.697,89.583,-1.925,5.76,0.92,0,0,82,GOOD,GOOD,NORMAL,normal,NORMAL_LEARNING,NO_ACTION,Continue normal wind nowcast update.,OK
2025-01-05T05:00:00,05:00,ONLINE_SOL_2025_0105_RAMP_UP,WND_GADAG,WND_G1_T01,40hour,Day-ahead probabilistic forecast,NWP ensemble weather-to-power + calibration,0.000,0.000,0.000,2.320,0.0,0.0,100.0,0.0,9.28,0.12,0,0,0,GOOD,GOOD,NORMAL,normal,NORMAL_LEARNING,NO_ACTION,Continue normal wind nowcast update.,OK
2025-01-05T05:05:00,05:05,ONLINE_SOL_2025_0105_RAMP_UP,WND_GADAG,WND_G1_T01,40hour,Day-ahead probabilistic forecast,NWP ensemble weather-to-power + calibration,0.110,0.103,0.000,2.423,0.03,0.03,100.0,0.015,9.691,0.12,0,0,0,GOOD,GOOD,NORMAL,normal,NORMAL_LEARNING,NO_ACTION,Continue normal wind nowcast update.,OK
2025-01-05T05:10:00,05:10,ONLINE_SOL_2025_0105_RAMP_UP,WND_GADAG,WND_G1_T01,40hour,Day-ahead probabilistic forecast,NWP ensemble weather-to-power + calibration,0.220,0.205,0.000,2.525,0.058,0.059,100.0,0.029,10.1,0.12,0,0,0,GOOD,GOOD,NORMAL,normal,NORMAL_LEARNING,NO_ACTION,Continue normal wind nowcast update.,OK
2025-01-05T05:15:00,05:15,ONLINE_SOL_2025_0105_RAMP_UP,WND_GADAG,WND_G1_T01,40hour,Day-ahead probabilistic forecast,NWP ensemble weather-to-power + calibration,0.328,0.307,0.000,2.627,0.085,0.086,100.0,0.043,10.508,0.12,0,0,0,GOOD,GOOD,NORMAL,normal,NORMAL_LEARNING,NO_ACTION,Continue normal wind nowcast update.,OK
2025-01-05T05:20:00,05:20,ONLINE_SOL_2025_0105_RAMP_UP,WND_GADAG,WND_G1_T01,40hour,Day-ahead probabilistic forecast,NWP ensemble weather-to-power + calibration,0.436,0.408,0.000,2.728,0.109,0.112,100.0,0.056,10.914,0.12,0,0,0,GOOD,GOOD,NORMAL,normal,NORMAL_LEARNING,NO_ACTION,Continue normal wind nowcast update.,OK
2025-01-05T05:25:00,05:25,ONLINE_SOL_2025_0105_RAMP_UP,WND_GADAG,WND_G1_T01,40hour,Day-ahead probabilistic forecast,NWP ensemble weather-to-power + calibration,0.542,0.510,0.000,2.830,0.13,0.137,100.0,0.069,11.319,0.12,0,0,0,GOOD,GOOD,NORMAL,normal,NORMAL_LEARNING,NO_ACTION,Continue normal wind nowcast update.,OK
2025-01-05T05:30:00,05:30,ONLINE_SOL_2025_0105_RAMP_UP,WND_GADAG,WND_G1_T01,40hour,Day-ahead probabilistic forecast,NWP ensemble weather-to-power + calibration,0.647,0.611,0.000,2.930,0.148,0.16,100.0,0.08,11.722,0.12,0,0,0,GOOD,GOOD,NORMAL,normal,NORMAL_LEARNING,NO_ACTION,Continue normal wind nowcast update.,OK
2025-01-05T05:35:00,05:35,ONLINE_SOL_2025_0105_RAMP_UP,WND_GADAG,WND_G1_T01,40hour,Day-ahead probabilistic forecast,NWP ensemble weather-to-power + calibration,0.751,0.711,0.000,3.030,0.163,0.181,100.0,0.09,12.122,0.12,0,0,0,GOOD,GOOD,NORMAL,normal,NORMAL_LEARNING,NO_ACTION,Continue normal wind nowcast update.,OK
2025-01-05T05:40:00,05:40,ONLINE_SOL_2025_0105_RAMP_UP,WND_GADAG,WND_G1_T01,40hour,Day-ahead probabilistic forecast,NWP ensemble weather-to-power + calibration,0.854,0.810,0.000,3.130,0.175,0.2,100.0,0.1,12.521,0.12,0,0,0,GOOD,GOOD,NORMAL,normal,NORMAL_LEARNING,NO_ACTION,Continue normal wind nowcast update.,OK
2025-01-05T05:45:00,05:45,ONLINE_SOL_2025_0105_RAMP_UP,WND_GADAG,WND_G1_T01,40hour,Day-ahead probabilistic forecast,NWP ensemble weather-to-power + calibration,0.955,0.909,0.000,3.229,0.184,0.216,100.0,0.108,12.917,0.12,0,0,0,GOOD,GOOD,NORMAL,normal,NORMAL_LEARNING,NO_ACTION,Continue normal wind nowcast update.,OK
2025-01-05T05:50:00,05:50,ONLINE_SOL_2025_0105_RAMP_UP,WND_GADAG,WND_G1_T01,40hour,Day-ahead probabilistic forecast,NWP ensemble weather-to-power + calibration,1.055,1.008,0.000,3.328,0.189,0.231,100.0,0.116,13.311,0.12,0,0,0,GOOD,GOOD,NORMAL,normal,NORMAL_LEARNING,NO_ACTION,Continue normal wind nowcast update.,OK
2025-01-05T05:55:00,05:55,ONLINE_SOL_2025_0105_RAMP_UP,WND_GADAG,WND_G1_T01,40hour,Day-ahead probabilistic forecast,NWP ensemble weather-to-power + calibration,1.153,1.105,0.000,3.425,0.192,0.244,100.0,0.122,13.702,0.12,0,0,0,GOOD,GOOD,NORMAL,normal,NORMAL_LEARNING,NO_ACTION,Continue normal wind nowcast update.,OK
2025-01-05T06:00:00,06:00,ONLINE_SOL_2025_0105_RAMP_UP,WND_GADAG,WND_G1_T01,40hour,Day-ahead probabilistic forecast,NWP ensemble weather-to-power + calibration,1.251,1.203,0.000,3.523,0.192,0.255,100.0,0.127,14.091,0.12,0,0,0,GOOD,GOOD,NORMAL,normal,NORMAL_LEARNING,NO_ACTION,Continue normal wind nowcast update.,OK
2025-01-05T06:05:00,06:05,ONLINE_SOL_2025_0105_RAMP_UP,WND_GADAG,WND_G1_T01,40hour,Day-ahead probabilistic forecast,NWP ensemble weather-to-power + calibration,1.347,1.299,0.000,3.619,0.19,0.264,100.0,0.132,14.477,0.12,0,0,0,GOOD,GOOD,NORMAL,normal,NORMAL_LEARNING,NO_ACTION,Continue normal wind nowcast update.,OK
2025-01-05T06:10:00,06:10,ONLINE_SOL_2025_0105_RAMP_UP,WND_GADAG,WND_G1_T01,40hour,Day-ahead probabilistic forecast,NWP ensemble weather-to-power + calibration,1.442,1.395,0.000,3.715,0.186,0.271,100.0,0.135,14.86,0.12,0,0,0,GOOD,GOOD,NORMAL,normal,NORMAL_LEARNING,NO_ACTION,Continue normal wind nowcast update.,OK
2025-01-05T06:15:00,06:15,ONLINE_SOL_2025_0105_RAMP_UP,WND_GADAG,WND_G1_T01,40hour,Day-ahead probabilistic forecast,NWP ensemble weather-to-power + calibration,1.535,1.490,0.000,3.810,0.182,0.277,100.0,0.138,15.239,0.12,0,0,0,GOOD,GOOD,NORMAL,normal,NORMAL_LEARNING,NO_ACTION,Continue normal wind nowcast update.,OK
2025-01-05T06:20:00,06:20,ONLINE_SOL_2025_0105_RAMP_UP,WND_GADAG,WND_G1_T01,40hour,Day-ahead probabilistic forecast,NWP ensemble weather-to-power + calibration,1.629,1.584,0.000,3.904,0.177,0.281,100.0,0.141,15.616,0.12,0,0,0,GOOD,GOOD,NORMAL,normal,NORMAL_LEARNING,NO_ACTION,Continue normal wind nowcast update.,OK
2025-01-05T06:25:00,06:25,ONLINE_SOL_2025_0105_RAMP_UP,WND_GADAG,WND_G1_T01,40hour,Day-ahead probabilistic forecast,NWP ensemble weather-to-power + calibration,1.721,1.677,0.000,3.998,0.173,0.285,100.0,0.142,15.99,0.12,0,0,0,GOOD,GOOD,NORMAL,normal,NORMAL_LEARNING,NO_ACTION,Continue normal wind nowcast update.,OK
2025-01-05T06:30:00,06:30,ONLINE_SOL_2025_0105_RAMP_UP,WND_GADAG,WND_G1_T01,40hour,Day-ahead probabilistic forecast,NWP ensemble weather-to-power + calibration,1.813,1.770,0.000,4.090,0.17,0.288,100.0,0.144,16.36,0.12,0,0,0,GOOD,GOOD,NORMAL,normal,NORMAL_LEARNING,NO_ACTION,Continue normal wind nowcast update.,OK
2025-01-05T06:35:00,06:35,ONLINE_SOL_2025_0105_RAMP_UP,WND_GADAG,WND_G1_T01,40hour,Day-ahead probabilistic forecast,NWP ensemble weather-to-power + calibration,1.904,1.862,0.000,4.182,0.168,0.29,100.0,0.145,16.727,0.12,0,0,0,GOOD,GOOD,NORMAL,normal,NORMAL_LEARNING,NO_ACTION,Continue normal wind nowcast update.,OK
2025-01-05T06:40:00,06:40,ONLINE_SOL_2025_0105_RAMP_UP,WND_GADAG,WND_G1_T01,40hour,Day-ahead probabilistic forecast,NWP ensemble weather-to-power + calibration,1.995,1.952,0.000,4.272,0.17,0.293,100.0,0.146,17.09,0.12,0,0,0,GOOD,GOOD,NORMAL,normal,NORMAL_LEARNING,NO_ACTION,Continue normal wind nowcast update.,OK
2025-01-05T06:45:00,06:45,ONLINE_SOL_2025_0105_RAMP_UP,WND_GADAG,WND_G1_T01,40hour,Day-ahead probabilistic forecast,NWP ensemble weather-to-power + calibration,2.086,2.042,0.000,4.362,0.174,0.295,100.0,0.148,17.449,0.12,0,0,0,GOOD,GOOD,NORMAL,normal,NORMAL_LEARNING,NO_ACTION,Continue normal wind nowcast update.,OK
2025-01-05T06:50:00,06:50,ONLINE_SOL_2025_0105_RAMP_UP,WND_GADAG,WND_G1_T01,40hour,Day-ahead probabilistic forecast,NWP ensemble weather-to-power + calibration,2.177,2.131,0.000,4.451,0.182,0.298,100.0,0.149,17.805,0.12,0,0,0,GOOD,GOOD,NORMAL,normal,NORMAL_LEARNING,NO_ACTION,Continue normal wind nowcast update.,OK
2025-01-05T06:55:00,06:55,ONLINE_SOL_2025_0105_RAMP_UP,WND_GADAG,WND_G1_T01,40hour,Day-ahead probabilistic forecast,NWP ensemble weather-to-power + calibration,2.268,2.219,0.000,4.539,0.195,0.302,100.0,0.151,18.157,0.12,0,0,0,GOOD,GOOD,NORMAL,normal,NORMAL_LEARNING,NO_ACTION,Continue normal wind nowcast update.,OK
2025-01-05T07:00:00,07:00,ONLINE_SOL_2025_0105_RAMP_UP,WND_GADAG,WND_G1_T01,40hour,Day-ahead probabilistic forecast,NWP ensemble weather-to-power + calibration,2.359,2.306,0.000,4.626,0.212,0.307,100.0,0.153,18.505,0.12,0,0,0,GOOD,GOOD,NORMAL,normal,NORMAL_LEARNING,NO_ACTION,Continue normal wind nowcast update.,OK
2025-01-05T07:05:00,07:05,ONLINE_SOL_2025_0105_RAMP_UP,WND_GADAG,WND_G1_T01,40hour,Day-ahead probabilistic forecast,NWP ensemble weather-to-power + calibration,2.450,2.392,0.072,4.712,0.234,0.313,100.0,0.156,18.56,0.12,0,0,0,GOOD,GOOD,NORMAL,normal,NORMAL_LEARNING,NO_ACTION,Continue normal wind nowcast update.,OK
2025-01-05T07:10:00,07:10,ONLINE_SOL_2025_0105_RAMP_UP,WND_GADAG,WND_G1_T01,40hour,Day-ahead probabilistic forecast,NWP ensemble weather-to-power + calibration,2.542,2.477,0.157,4.797,0.261,0.321,100.0,0.16,18.56,0.12,0,0,0,GOOD,GOOD,NORMAL,normal,NORMAL_LEARNING,NO_ACTION,Continue normal wind nowcast update.,OK
2025-01-05T07:15:00,07:15,ONLINE_SOL_2025_0105_RAMP_UP,WND_GADAG,WND_G1_T01,40hour,Day-ahead probabilistic forecast,NWP ensemble weather-to-power + calibration,2.634,2.561,0.241,4.881,0.293,0.33,100.0,0.165,18.56,0.12,0,0,0,GOOD,GOOD,NORMAL,normal,NORMAL_LEARNING,NO_ACTION,Continue normal wind nowcast update.,OK
2025-01-05T07:20:00,07:20,ONLINE_SOL_2025_0105_RAMP_UP,WND_GADAG,WND_G1_T01,40hour,Day-ahead probabilistic forecast,NWP ensemble weather-to-power + calibration,2.726,2.644,0.324,4.964,0.331,0.342,100.0,0.171,18.56,0.12,0,0,0,GOOD,GOOD,NORMAL,normal,NORMAL_LEARNING,NO_ACTION,Continue normal wind nowcast update.,OK
2025-01-05T07:25:00,07:25,ONLINE_SOL_2025_0105_RAMP_UP,WND_GADAG,WND_G1_T01,40hour,Day-ahead probabilistic forecast,NWP ensemble weather-to-power + calibration,2.818,2.725,0.405,5.045,0.373,0.355,100.0,0.178,18.56,0.12,0,0,0,GOOD,GOOD,NORMAL,normal,NORMAL_LEARNING,NO_ACTION,Continue normal wind nowcast update.,OK
2025-01-05T07:30:00,07:30,ONLINE_SOL_2025_0105_RAMP_UP,WND_GADAG,WND_G1_T01,40hour,Day-ahead probabilistic forecast,NWP ensemble weather-to-power + calibration,2.911,2.806,0.486,5.126,0.42,0.371,100.0,0.185,18.56,0.12,0,0,0,GOOD,GOOD,NORMAL,normal,NORMAL_LEARNING,NO_ACTION,Continue normal wind nowcast update.,OK
2025-01-05T07:35:00,07:35,ONLINE_SOL_2025_0105_RAMP_UP,WND_GADAG,WND_G1_T01,40hour,Day-ahead probabilistic forecast,NWP ensemble weather-to-power + calibration,3.003,2.885,0.565,5.205,0.471,0.388,100.0,0.194,18.56,0.12,0,0,0,GOOD,GOOD,NORMAL,normal,NORMAL_LEARNING,NO_ACTION,Continue normal wind nowcast update.,OK
2025-01-05T07:40:00,07:40,ONLINE_SOL_2025_0105_RAMP_UP,WND_GADAG,WND_G1_T01,40hour,Day-ahead probabilistic forecast,NWP ensemble weather-to-power + calibration,3.095,2.963,0.643,5.283,0.525,0.409,100.0,0.204,18.56,0.12,0,0,0,GOOD,GOOD,NORMAL,normal,NORMAL_LEARNING,NO_ACTION,Continue normal wind nowcast update.,OK
2025-01-05T07:45:00,07:45,ONLINE_SOL_2025_0105_RAMP_UP,WND_GADAG,WND_G1_T01,40hour,Day-ahead probabilistic forecast,NWP ensemble weather-to-power + calibration,3.186,3.040,0.720,5.360,0.583,0.431,100.0,0.215,18.56,0.12,0,0,0,GOOD,GOOD,NORMAL,normal,NORMAL_LEARNING,NO_ACTION,Continue normal wind nowcast update.,OK
2025-01-05T07:50:00,07:50,ONLINE_SOL_2025_0105_RAMP_UP,WND_GADAG,WND_G1_T01,40hour,Day-ahead probabilistic forecast,NWP ensemble weather-to-power + calibration,3.276,3.116,0.796,5.436,0.642,0.455,100.0,0.228,18.56,0.12,0,0,0,GOOD,GOOD,NORMAL,normal,NORMAL_LEARNING,NO_ACTION,Continue normal wind nowcast update.,OK
2025-01-05T07:55:00,07:55,ONLINE_SOL_2025_0105_RAMP_UP,WND_GADAG,WND_G1_T01,40hour,Day-ahead probabilistic forecast,NWP ensemble weather-to-power + calibration,3.366,3.191,0.871,5.511,0.702,0.482,100.0,0.241,18.56,0.12,0,0,0,GOOD,GOOD,NORMAL,normal,NORMAL_LEARNING,NO_ACTION,Continue normal wind nowcast update.,OK
2025-01-05T08:00:00,08:00,ONLINE_SOL_2025_0105_RAMP_UP,WND_GADAG,WND_G1_T01,40hour,Day-ahead probabilistic forecast,NWP ensemble weather-to-power + calibration,3.454,3.264,0.944,5.584,0.762,0.51,100.0,0.255,18.56,0.12,0,0,0,GOOD,GOOD,NORMAL,normal,NORMAL_LEARNING,NO_ACTION,Continue normal wind nowcast update.,OK
2025-01-05T08:05:00,08:05,ONLINE_SOL_2025_0105_RAMP_UP,WND_GADAG,WND_G1_T01,40hour,Day-ahead probabilistic forecast,NWP ensemble weather-to-power + calibration,3.542,3.336,1.016,5.656,0.822,0.54,100.0,0.27,18.56,0.12,0,0,0,GOOD,GOOD,NORMAL,normal,NORMAL_LEARNING,NO_ACTION,Continue normal wind nowcast update.,OK
2025-01-05T08:10:00,08:10,ONLINE_SOL_2025_0105_RAMP_UP,WND_GADAG,WND_G1_T01,40hour,Day-ahead probabilistic forecast,NWP ensemble weather-to-power + calibration,3.627,3.407,1.087,5.727,0.879,0.571,100.0,0.285,18.56,0.12,0,0,0,GOOD,GOOD,NORMAL,normal,NORMAL_LEARNING,NO_ACTION,Continue normal wind nowcast update.,OK
2025-01-05T08:15:00,08:15,ONLINE_SOL_2025_0105_RAMP_UP,WND_GADAG,WND_G1_T01,40hour,Day-ahead probabilistic forecast,NWP ensemble weather-to-power + calibration,3.710,3.476,1.156,5.796,0.934,0.603,100.0,0.302,18.56,0.12,0,0,0,GOOD,GOOD,NORMAL,normal,NORMAL_LEARNING,NO_ACTION,Continue normal wind nowcast update.,OK
2025-01-05T08:20:00,08:20,ONLINE_SOL_2025_0105_RAMP_UP,WND_GADAG,WND_G1_T01,40hour,Day-ahead probabilistic forecast,NWP ensemble weather-to-power + calibration,3.791,3.545,1.224,5.864,0.985,0.637,100.0,0.318,18.56,0.12,0,0,0,GOOD,GOOD,NORMAL,normal,NORMAL_LEARNING,NO_ACTION,Continue normal wind nowcast update.,OK
2025-01-05T08:25:00,08:25,ONLINE_SOL_2025_0105_RAMP_UP,WND_GADAG,WND_G1_T01,40hour,Day-ahead probabilistic forecast,NWP ensemble weather-to-power + calibration,3.869,3.611,1.291,5.931,1.031,0.671,100.0,0.335,18.56,0.12,0,0,0,GOOD,GOOD,NORMAL,normal,NORMAL_LEARNING,NO_ACTION,Continue normal wind nowcast update.,OK
2025-01-05T08:30:00,08:30,ONLINE_SOL_2025_0105_RAMP_UP,WND_GADAG,WND_G1_T01,40hour,Day-ahead probabilistic forecast,NWP ensemble weather-to-power + calibration,3.945,3.677,1.357,5.997,1.071,0.705,100.0,0.352,18.56,0.12,0,0,0,GOOD,GOOD,NORMAL,normal,NORMAL_LEARNING,NO_ACTION,Continue normal wind nowcast update.,OK
2025-01-05T08:35:00,08:35,ONLINE_SOL_2025_0105_RAMP_UP,WND_GADAG,WND_G1_T01,40hour,Day-ahead probabilistic forecast,NWP ensemble weather-to-power + calibration,4.017,3.741,1.421,6.061,1.105,0.739,100.0,0.369,18.56,0.12,0,0,0,GOOD,GOOD,NORMAL,normal,NORMAL_LEARNING,NO_ACTION,Continue normal wind nowcast update.,OK
2025-01-05T08:40:00,08:40,ONLINE_SOL_2025_0105_RAMP_UP,WND_GADAG,WND_G1_T01,40hour,Day-ahead probabilistic forecast,NWP ensemble weather-to-power + calibration,4.087,3.804,1.484,6.123,1.132,0.773,100.0,0.386,18.56,0.12,0,0,0,GOOD,GOOD,NORMAL,normal,NORMAL_LEARNING,NO_ACTION,Continue normal wind nowcast update.,OK
2025-01-05T08:45:00,08:45,ONLINE_SOL_2025_0105_RAMP_UP,WND_GADAG,WND_G1_T01,40hour,Day-ahead probabilistic forecast,NWP ensemble weather-to-power + calibration,4.152,3.865,1.545,6.185,1.151,0.806,100.0,0.403,18.56,0.12,0,0,0,GOOD,GOOD,NORMAL,normal,NORMAL_LEARNING,NO_ACTION,Continue normal wind nowcast update.,OK
2025-01-05T08:50:00,08:50,ONLINE_SOL_2025_0105_RAMP_UP,WND_GADAG,WND_G1_T01,40hour,Day-ahead probabilistic forecast,NWP ensemble weather-to-power + calibration,4.215,3.925,1.605,6.245,1.162,0.838,100.0,0.419,18.56,0.12,0,0,0,GOOD,GOOD,NORMAL,normal,NORMAL_LEARNING,NO_ACTION,Continue normal wind nowcast update.,OK
2025-01-05T08:55:00,08:55,ONLINE_SOL_2025_0105_RAMP_UP,WND_GADAG,WND_G1_T01,40hour,Day-ahead probabilistic forecast,NWP ensemble weather-to-power + calibration,4.274,3.983,1.663,6.303,1.165,0.869,100.0,0.435,18.56,0.12,0,0,0,GOOD,GOOD,NORMAL,normal,NORMAL_LEARNING,NO_ACTION,Continue normal wind nowcast update.,OK
2025-01-05T09:00:00,09:00,ONLINE_SOL_2025_0105_RAMP_UP,WND_GADAG,WND_G1_T01,40hour,Day-ahead probabilistic forecast,NWP ensemble weather-to-power + calibration,4.330,4.040,1.720,6.361,1.159,0.899,100.0,0.449,18.56,0.12,0,0,0,GOOD,GOOD,NORMAL,normal,NORMAL_LEARNING,NO_ACTION,Continue normal wind nowcast update.,OK
2025-01-05T09:05:00,09:05,ONLINE_SOL_2025_0105_RAMP_UP,WND_GADAG,WND_G1_T01,40hour,Day-ahead probabilistic forecast,NWP ensemble weather-to-power + calibration,4.383,4.096,1.776,6.416,1.146,0.927,100.0,0.463,18.56,0.12,0,0,0,GOOD,GOOD,NORMAL,normal,NORMAL_LEARNING,NO_ACTION,Continue normal wind nowcast update.,OK
2025-01-05T09:10:00,09:10,ONLINE_SOL_2025_0105_RAMP_UP,WND_GADAG,WND_G1_T01,40hour,Day-ahead probabilistic forecast,NWP ensemble weather-to-power + calibration,4.431,4.150,1.830,6.470,1.124,0.953,100.0,0.476,18.56,0.12,0,0,0,GOOD,GOOD,NORMAL,normal,NORMAL_LEARNING,NO_ACTION,Continue normal wind nowcast update.,OK
2025-01-05T09:15:00,09:15,ONLINE_SOL_2025_0105_RAMP_UP,WND_GADAG,WND_G1_T01,40hour,Day-ahead probabilistic forecast,NWP ensemble weather-to-power + calibration,4.477,4.203,1.883,6.523,1.096,0.977,100.0,0.488,18.56,0.12,0,0,0,GOOD,GOOD,NORMAL,normal,NORMAL_LEARNING,NO_ACTION,Continue normal wind nowcast update.,OK
2025-01-05T09:20:00,09:20,ONLINE_SOL_2025_0105_RAMP_UP,WND_GADAG,WND_G1_T01,40hour,Day-ahead probabilistic forecast,NWP ensemble weather-to-power + calibration,4.519,4.255,1.935,6.574,1.06,0.998,100.0,0.499,18.56,0.12,0,0,0,GOOD,GOOD,NORMAL,normal,NORMAL_LEARNING,NO_ACTION,Continue normal wind nowcast update.,OK
2025-01-05T09:25:00,09:25,ONLINE_SOL_2025_0105_RAMP_UP,WND_GADAG,WND_G1_T01,40hour,Day-ahead probabilistic forecast,NWP ensemble weather-to-power + calibration,4.559,4.304,1.984,6.624,1.018,1.017,100.0,0.509,18.56,0.12,0,0,0,GOOD,GOOD,NORMAL,normal,NORMAL_LEARNING,NO_ACTION,Continue normal wind nowcast update.,OK
2025-01-05T09:30:00,09:30,ONLINE_SOL_2025_0105_RAMP_UP,WND_GADAG,WND_G1_T01,40hour,Day-ahead probabilistic forecast,NWP ensemble weather-to-power + calibration,4.596,4.353,2.033,6.673,0.971,1.034,100.0,0.517,18.56,0.12,0,0,0,GOOD,GOOD,NORMAL,normal,NORMAL_LEARNING,NO_ACTION,Continue normal wind nowcast update.,OK
2025-01-05T09:35:00,09:35,ONLINE_SOL_2025_0105_RAMP_UP,WND_GADAG,WND_G1_T01,40hour,Day-ahead probabilistic forecast,NWP ensemble weather-to-power + calibration,4.630,4.399,2.079,6.720,0.92,1.049,100.0,0.524,18.56,0.12,0,0,0,GOOD,GOOD,NORMAL,normal,NORMAL_LEARNING,NO_ACTION,Continue normal wind nowcast update.,OK
2025-01-05T09:40:00,09:40,ONLINE_SOL_2025_0105_RAMP_UP,WND_GADAG,WND_G1_T01,40hour,Day-ahead probabilistic forecast,NWP ensemble weather-to-power + calibration,4.661,4.445,2.125,6.765,0.866,1.061,100.0,0.53,18.56,0.12,0,0,0,GOOD,GOOD,NORMAL,normal,NORMAL_LEARNING,NO_ACTION,Continue normal wind nowcast update.,OK
2025-01-05T09:45:00,09:45,ONLINE_SOL_2025_0105_RAMP_UP,WND_GADAG,WND_G1_T01,40hour,Day-ahead probabilistic forecast,NWP ensemble weather-to-power + calibration,4.691,4.489,2.168,6.809,0.81,1.07,100.0,0.535,18.56,0.12,0,0,0,GOOD,GOOD,NORMAL,normal,NORMAL_LEARNING,NO_ACTION,Continue normal wind nowcast update.,OK
2025-01-05T09:50:00,09:50,ONLINE_SOL_2025_0105_RAMP_UP,WND_GADAG,WND_G1_T01,40hour,Day-ahead probabilistic forecast,NWP ensemble weather-to-power + calibration,4.719,4.531,2.211,6.851,0.754,1.078,100.0,0.539,18.56,0.12,0,0,0,GOOD,GOOD,NORMAL,normal,NORMAL_LEARNING,NO_ACTION,Continue normal wind nowcast update.,OK
2025-01-05T09:55:00,09:55,ONLINE_SOL_2025_0105_RAMP_UP,WND_GADAG,WND_G1_T01,40hour,Day-ahead probabilistic forecast,NWP ensemble weather-to-power + calibration,4.746,4.572,2.252,6.891,0.698,1.083,100.0,0.541,18.56,0.12,0,0,0,GOOD,GOOD,NORMAL,normal,NORMAL_LEARNING,NO_ACTION,Continue normal wind nowcast update.,OK
2025-01-05T10:00:00,10:00,ONLINE_SOL_2025_0105_RAMP_UP,WND_GADAG,WND_G1_T01,40hour,Day-ahead probabilistic forecast,NWP ensemble weather-to-power + calibration,4.772,4.611,2.291,6.931,0.644,1.086,100.0,0.543,18.56,0.12,0,0,0,GOOD,GOOD,NORMAL,normal,NORMAL_LEARNING,NO_ACTION,Continue normal wind nowcast update.,OK
2025-01-05T10:05:00,10:05,ONLINE_SOL_2025_0105_RAMP_UP,WND_GADAG,WND_G1_T01,40hour,Day-ahead probabilistic forecast,NWP ensemble weather-to-power + calibration,4.797,4.648,2.328,6.968,0.593,1.088,100.0,0.544,18.56,0.12,0,0,0,GOOD,GOOD,NORMAL,normal,NORMAL_LEARNING,NO_ACTION,Continue normal wind nowcast update.,OK
2025-01-05T10:10:00,10:10,ONLINE_SOL_2025_0105_RAMP_UP,WND_GADAG,WND_G1_T01,40hour,Day-ahead probabilistic forecast,NWP ensemble weather-to-power + calibration,4.821,4.684,2.365,7.005,0.547,1.088,100.0,0.544,18.56,0.12,0,0,0,GOOD,GOOD,NORMAL,normal,NORMAL_LEARNING,NO_ACTION,Continue normal wind nowcast update.,OK
2025-01-05T10:15:00,10:15,ONLINE_SOL_2025_0105_RAMP_UP,WND_GADAG,WND_G1_T01,40hour,Day-ahead probabilistic forecast,NWP ensemble weather-to-power + calibration,4.846,4.719,2.399,7.039,0.506,1.087,100.0,0.543,18.56,0.12,0,0,0,GOOD,GOOD,NORMAL,normal,NORMAL_LEARNING,NO_ACTION,Continue normal wind nowcast update.,OK
2025-01-05T10:20:00,10:20,ONLINE_SOL_2025_0105_RAMP_UP,WND_GADAG,WND_G1_T01,40hour,Day-ahead probabilistic forecast,NWP ensemble weather-to-power + calibration,4.870,4.752,2.432,7.072,0.472,1.085,100.0,0.542,18.56,0.12,0,0,0,GOOD,GOOD,NORMAL,normal,NORMAL_LEARNING,NO_ACTION,Continue normal wind nowcast update.,OK
2025-01-05T10:25:00,10:25,ONLINE_SOL_2025_0105_RAMP_UP,WND_GADAG,WND_G1_T01,40hour,Day-ahead probabilistic forecast,NWP ensemble weather-to-power + calibration,4.894,4.783,2.463,7.103,0.445,1.082,100.0,0.541,18.56,0.12,0,0,0,GOOD,GOOD,NORMAL,normal,NORMAL_LEARNING,NO_ACTION,Continue normal wind nowcast update.,OK
2025-01-05T10:30:00,10:30,ONLINE_SOL_2025_0105_RAMP_UP,WND_GADAG,WND_G1_T01,40hour,Day-ahead probabilistic forecast,NWP ensemble weather-to-power + calibration,4.920,4.813,2.493,7.133,0.426,1.078,100.0,0.539,18.56,0.12,0,0,0,GOOD,GOOD,NORMAL,normal,NORMAL_LEARNING,NO_ACTION,Continue normal wind nowcast update.,OK
2025-01-05T10:35:00,10:35,ONLINE_SOL_2025_0105_RAMP_UP,WND_GADAG,WND_G1_T01,40hour,Day-ahead probabilistic forecast,NWP ensemble weather-to-power + calibration,4.945,4.841,2.522,7.162,0.416,1.075,100.0,0.537,18.56,0.12,0,0,0,GOOD,GOOD,NORMAL,normal,NORMAL_LEARNING,NO_ACTION,Continue normal wind nowcast update.,OK
2025-01-05T10:40:00,10:40,ONLINE_SOL_2025_0105_RAMP_UP,WND_GADAG,WND_G1_T01,40hour,Day-ahead probabilistic forecast,NWP ensemble weather-to-power + calibration,4.972,4.868,2.548,7.188,0.414,1.071,100.0,0.536,18.56,0.12,0,0,0,GOOD,GOOD,NORMAL,normal,NORMAL_LEARNING,NO_ACTION,Continue normal wind nowcast update.,OK
2025-01-05T10:45:00,10:45,ONLINE_SOL_2025_0105_RAMP_UP,WND_GADAG,WND_G1_T01,40hour,Day-ahead probabilistic forecast,NWP ensemble weather-to-power + calibration,4.999,4.893,2.573,7.213,0.423,1.068,100.0,0.534,18.56,0.12,0,0,0,GOOD,GOOD,NORMAL,normal,NORMAL_LEARNING,NO_ACTION,Continue normal wind nowcast update.,OK
2025-01-05T10:50:00,10:50,ONLINE_SOL_2025_0105_RAMP_UP,WND_GADAG,WND_G1_T01,40hour,Day-ahead probabilistic forecast,NWP ensemble weather-to-power + calibration,5.027,4.917,2.596,7.237,0.44,1.065,100.0,0.533,18.56,0.12,0,0,0,GOOD,GOOD,NORMAL,normal,NORMAL_LEARNING,NO_ACTION,Continue normal wind nowcast update.,OK
2025-01-05T10:55:00,10:55,ONLINE_SOL_2025_0105_RAMP_UP,WND_GADAG,WND_G1_T01,40hour,Day-ahead probabilistic forecast,NWP ensemble weather-to-power + calibration,5.055,4.939,2.619,7.258,0.467,1.063,100.0,0.532,18.56,0.12,0,0,0,GOOD,GOOD,NORMAL,normal,NORMAL_LEARNING,NO_ACTION,Continue normal wind nowcast update.,OK
2025-01-05T11:00:00,11:00,ONLINE_SOL_2025_0105_RAMP_UP,WND_GADAG,WND_G1_T01,40hour,Day-ahead probabilistic forecast,NWP ensemble weather-to-power + calibration,5.084,4.959,2.639,7.279,0.502,1.063,100.0,0.531,18.56,0.12,0,0,0,GOOD,GOOD,NORMAL,normal,NORMAL_LEARNING,NO_ACTION,Continue normal wind nowcast update.,OK
2025-01-05T11:05:00,11:05,ONLINE_SOL_2025_0105_RAMP_UP,WND_GADAG,WND_G1_T01,40hour,Day-ahead probabilistic forecast,NWP ensemble weather-to-power + calibration,5.114,4.977,2.657,7.297,0.546,1.063,100.0,0.531,18.56,0.12,0,0,0,GOOD,GOOD,NORMAL,normal,NORMAL_LEARNING,NO_ACTION,Continue normal wind nowcast update.,OK
2025-01-05T11:10:00,11:10,ONLINE_SOL_2025_0105_RAMP_UP,WND_GADAG,WND_G1_T01,40hour,Day-ahead probabilistic forecast,NWP ensemble weather-to-power + calibration,5.144,4.994,2.674,7.314,0.598,1.065,100.0,0.532,18.56,0.12,0,0,0,GOOD,GOOD,NORMAL,normal,NORMAL_LEARNING,NO_ACTION,Continue normal wind nowcast update.,OK
2025-01-05T11:15:00,11:15,ONLINE_SOL_2025_0105_RAMP_UP,WND_GADAG,WND_G1_T01,40hour,Day-ahead probabilistic forecast,NWP ensemble weather-to-power + calibration,5.174,5.010,2.690,7.330,0.656,1.068,100.0,0.534,18.56,0.12,0,0,0,GOOD,GOOD,NORMAL,normal,NORMAL_LEARNING,NO_ACTION,Continue normal wind nowcast update.,OK
2025-01-05T11:20:00,11:20,ONLINE_SOL_2025_0105_RAMP_UP,WND_GADAG,WND_G1_T01,40hour,Day-ahead probabilistic forecast,NWP ensemble weather-to-power + calibration,5.204,5.024,2.704,7.343,0.719,1.073,100.0,0.536,18.56,0.12,0,0,0,GOOD,GOOD,NORMAL,normal,NORMAL_LEARNING,NO_ACTION,Continue normal wind nowcast update.,OK
2025-01-05T11:25:00,11:25,ONLINE_SOL_2025_0105_RAMP_UP,WND_GADAG,WND_G1_T01,40hour,Day-ahead probabilistic forecast,NWP ensemble weather-to-power + calibration,5.233,5.036,2.716,7.356,0.788,1.079,100.0,0.54,18.56,0.12,0,0,0,GOOD,GOOD,NORMAL,normal,NORMAL_LEARNING,NO_ACTION,Continue normal wind nowcast update.,OK
2025-01-05T11:30:00,11:30,ONLINE_SOL_2025_0105_RAMP_UP,WND_GADAG,WND_G1_T01,40hour,Day-ahead probabilistic forecast,NWP ensemble weather-to-power + calibration,5.261,5.046,2.726,7.366,0.859,1.087,100.0,0.544,18.56,0.12,0,0,0,GOOD,GOOD,NORMAL,normal,NORMAL_LEARNING,NO_ACTION,Continue normal wind nowcast update.,OK
2025-01-05T11:35:00,11:35,ONLINE_SOL_2025_0105_RAMP_UP,WND_GADAG,WND_G1_T01,40hour,Day-ahead probabilistic forecast,NWP ensemble weather-to-power + calibration,5.288,5.055,2.735,7.375,0.933,1.097,100.0,0.549,18.56,0.12,0,0,0,GOOD,GOOD,NORMAL,normal,NORMAL_LEARNING,NO_ACTION,Continue normal wind nowcast update.,OK
2025-01-05T11:40:00,11:40,ONLINE_SOL_2025_0105_RAMP_UP,WND_GADAG,WND_G1_T01,40hour,Day-ahead probabilistic forecast,NWP ensemble weather-to-power + calibration,5.314,5.063,2.743,7.383,1.007,1.108,100.0,0.554,18.56,0.12,0,0,0,GOOD,GOOD,NORMAL,normal,NORMAL_LEARNING,NO_ACTION,Continue normal wind nowcast update.,OK
2025-01-05T11:45:00,11:45,ONLINE_SOL_2025_0105_RAMP_UP,WND_GADAG,WND_G1_T01,40hour,Day-ahead probabilistic forecast,NWP ensemble weather-to-power + calibration,5.338,5.068,2.748,7.388,1.08,1.121,100.0,0.561,18.56,0.12,0,0,0,GOOD,GOOD,NORMAL,normal,NORMAL_LEARNING,NO_ACTION,Continue normal wind nowcast update.,OK
2025-01-05T11:50:00,11:50,ONLINE_SOL_2025_0105_RAMP_UP,WND_GADAG,WND_G1_T01,40hour,Day-ahead probabilistic forecast,NWP ensemble weather-to-power + calibration,5.360,5.072,2.752,7.392,1.151,1.135,100.0,0.568,18.56,0.12,0,0,0,GOOD,GOOD,NORMAL,normal,NORMAL_LEARNING,NO_ACTION,Continue normal wind nowcast update.,OK
2025-01-05T11:55:00,11:55,ONLINE_SOL_2025_0105_RAMP_UP,WND_GADAG,WND_G1_T01,40hour,Day-ahead probabilistic forecast,NWP ensemble weather-to-power + calibration,5.380,5.075,2.755,7.395,1.219,1.151,100.0,0.575,18.56,0.12,0,0,0,GOOD,GOOD,NORMAL,normal,NORMAL_LEARNING,NO_ACTION,Continue normal wind nowcast update.,OK
2025-01-05T12:00:00,12:00,ONLINE_SOL_2025_0105_RAMP_UP,WND_GADAG,WND_G1_T01,40hour,Day-ahead probabilistic forecast,NWP ensemble weather-to-power + calibration,5.396,5.075,2.756,7.396,1.281,1.168,100.0,0.584,18.56,0.12,0,0,0,GOOD,GOOD,NORMAL,normal,NORMAL_LEARNING,NO_ACTION,Continue normal wind nowcast update.,OK
2025-01-05T12:05:00,12:05,ONLINE_SOL_2025_0105_RAMP_UP,WND_GADAG,WND_G1_T01,40hour,Day-ahead probabilistic forecast,NWP ensemble weather-to-power + calibration,5.409,5.075,2.755,7.395,1.338,1.185,100.0,0.593,18.56,0.12,0,0,0,GOOD,GOOD,NORMAL,normal,NORMAL_LEARNING,NO_ACTION,Continue normal wind nowcast update.,OK
2025-01-05T12:10:00,12:10,ONLINE_SOL_2025_0105_RAMP_UP,WND_GADAG,WND_G1_T01,40hour,Day-ahead probabilistic forecast,NWP ensemble weather-to-power + calibration,5.419,5.072,2.752,7.392,1.387,1.203,100.0,0.602,18.56,0.12,0,0,0,GOOD,GOOD,NORMAL,normal,NORMAL_LEARNING,NO_ACTION,Continue normal wind nowcast update.,OK
2025-01-05T12:15:00,12:15,ONLINE_SOL_2025_0105_RAMP_UP,WND_GADAG,WND_G1_T01,40hour,Day-ahead probabilistic forecast,NWP ensemble weather-to-power + calibration,5.426,5.068,2.748,7.388,1.429,1.222,100.0,0.611,18.56,0.12,0,0,0,GOOD,GOOD,NORMAL,normal,NORMAL_LEARNING,NO_ACTION,Continue normal wind nowcast update.,OK
2025-01-05T12:20:00,12:20,ONLINE_SOL_2025_0105_RAMP_UP,WND_GADAG,WND_G1_T01,40hour,Day-ahead probabilistic forecast,NWP ensemble weather-to-power + calibration,5.428,5.063,2.743,7.383,1.461,1.241,100.0,0.621,18.56,0.12,0,0,0,GOOD,GOOD,NORMAL,normal,NORMAL_LEARNING,NO_ACTION,Continue normal wind nowcast update.,OK
2025-01-05T12:25:00,12:25,ONLINE_SOL_2025_0105_RAMP_UP,WND_GADAG,WND_G1_T01,40hour,Day-ahead probabilistic forecast,NWP ensemble weather-to-power + calibration,5.426,5.055,2.735,7.375,1.484,1.26,100.0,0.63,18.56,0.12,0,0,0,GOOD,GOOD,NORMAL,normal,NORMAL_LEARNING,NO_ACTION,Continue normal wind nowcast update.,OK
2025-01-05T12:30:00,12:30,ONLINE_SOL_2025_0105_RAMP_UP,WND_GADAG,WND_G1_T01,40hour,Day-ahead probabilistic forecast,NWP ensemble weather-to-power + calibration,5.420,5.046,2.726,7.366,1.497,1.279,100.0,0.64,18.56,0.12,0,0,0,GOOD,GOOD,NORMAL,normal,NORMAL_LEARNING,NO_ACTION,Continue normal wind nowcast update.,OK
2025-01-05T12:35:00,12:35,ONLINE_SOL_2025_0105_RAMP_UP,WND_GADAG,WND_G1_T01,40hour,Day-ahead probabilistic forecast,NWP ensemble weather-to-power + calibration,5.411,5.036,2.716,7.356,1.5,1.298,100.0,0.649,18.56,0.12,0,0,0,GOOD,GOOD,NORMAL,normal,NORMAL_LEARNING,NO_ACTION,Continue normal wind nowcast update.,OK
2025-01-05T12:40:00,12:40,ONLINE_SOL_2025_0105_RAMP_UP,WND_GADAG,WND_G1_T01,40hour,Day-ahead probabilistic forecast,NWP ensemble weather-to-power + calibration,5.397,5.024,2.704,7.343,1.493,1.316,100.0,0.658,18.56,0.12,0,0,0,GOOD,GOOD,NORMAL,normal,NORMAL_LEARNING,NO_ACTION,Continue normal wind nowcast update.,OK
2025-01-05T12:45:00,12:45,ONLINE_SOL_2025_0105_RAMP_UP,WND_GADAG,WND_G1_T01,40hour,Day-ahead probabilistic forecast,NWP ensemble weather-to-power + calibration,5.378,5.010,2.690,7.330,1.475,1.334,100.0,0.667,18.56,0.12,0,0,0,GOOD,GOOD,NORMAL,normal,NORMAL_LEARNING,NO_ACTION,Continue normal wind nowcast update.,OK
2025-01-05T12:50:00,12:50,ONLINE_SOL_2025_0105_RAMP_UP,WND_GADAG,WND_G1_T01,40hour,Day-ahead probabilistic forecast,NWP ensemble weather-to-power + calibration,5.356,4.994,2.674,7.314,1.448,1.35,100.0,0.675,18.56,0.12,0,0,0,GOOD,GOOD,NORMAL,normal,NORMAL_LEARNING,NO_ACTION,Continue normal wind nowcast update.,OK
2025-01-05T12:55:00,12:55,ONLINE_SOL_2025_0105_RAMP_UP,WND_GADAG,WND_G1_T01,40hour,Day-ahead probabilistic forecast,NWP ensemble weather-to-power + calibration,5.330,4.977,2.657,7.297,1.411,1.365,100.0,0.683,18.56,0.12,0,0,0,GOOD,GOOD,NORMAL,normal,NORMAL_LEARNING,NO_ACTION,Continue normal wind nowcast update.,OK
2025-01-05T13:00:00,13:00,ONLINE_SOL_2025_0105_RAMP_UP,WND_GADAG,WND_G1_T01,40hour,Day-ahead probabilistic forecast,NWP ensemble weather-to-power + calibration,5.300,4.959,2.639,7.279,1.366,1.394,100.0,0.697,18.56,0.1201,0,0,0,GOOD,GOOD,NORMAL,normal,NORMAL_LEARNING,NO_ACTION,Continue normal wind nowcast update.,OK
2025-01-05T13:05:00,13:05,ONLINE_SOL_2025_0105_RAMP_UP,WND_GADAG,WND_G1_T01,40hour,Day-ahead probabilistic forecast,NWP ensemble weather-to-power + calibration,5.267,4.939,2.619,7.258,1.313,1.421,100.0,0.71,18.56,0.1201,0,0,0,GOOD,GOOD,NORMAL,normal,NORMAL_LEARNING,NO_ACTION,Continue normal wind nowcast update.,OK
2025-01-05T13:10:00,13:10,ONLINE_SOL_2025_0105_RAMP_UP,WND_GADAG,WND_G1_T01,40hour,Day-ahead probabilistic forecast,NWP ensemble weather-to-power + calibration,5.230,4.917,2.596,7.237,1.254,1.446,100.0,0.723,18.56,0.1201,0,0,0,GOOD,GOOD,NORMAL,normal,NORMAL_LEARNING,NO_ACTION,Continue normal wind nowcast update.,OK
2025-01-05T13:15:00,13:15,ONLINE_SOL_2025_0105_RAMP_UP,WND_GADAG,WND_G1_T01,40hour,Day-ahead probabilistic forecast,NWP ensemble weather-to-power + calibration,5.190,4.893,2.573,7.213,1.188,1.469,100.0,0.734,18.56,0.1202,0,0,0,GOOD,GOOD,NORMAL,normal,NORMAL_LEARNING,NO_ACTION,Continue normal wind nowcast update.,OK
2025-01-05T13:20:00,13:20,ONLINE_SOL_2025_0105_RAMP_UP,WND_GADAG,WND_G1_T01,40hour,Day-ahead probabilistic forecast,NWP ensemble weather-to-power + calibration,5.148,4.868,2.548,7.188,1.119,1.49,100.0,0.745,18.56,0.1203,0,0,0,GOOD,GOOD,NORMAL,normal,NORMAL_LEARNING,NO_ACTION,Continue normal wind nowcast update.,OK
2025-01-05T13:25:00,13:25,ONLINE_SOL_2025_0105_RAMP_UP,WND_GADAG,WND_G1_T01,40hour,Day-ahead probabilistic forecast,NWP ensemble weather-to-power + calibration,5.103,4.841,2.522,7.162,1.046,1.509,100.0,0.754,18.56,0.1204,0,0,0,GOOD,GOOD,NORMAL,normal,NORMAL_LEARNING,NO_ACTION,Continue normal wind nowcast update.,OK
2025-01-05T13:30:00,13:30,ONLINE_SOL_2025_0105_RAMP_UP,WND_GADAG,WND_G1_T01,40hour,Day-ahead probabilistic forecast,NWP ensemble weather-to-power + calibration,5.056,4.813,2.493,7.133,0.972,1.526,100.0,0.763,18.56,0.1206,0,0,0,GOOD,GOOD,NORMAL,normal,NORMAL_LEARNING,NO_ACTION,Continue normal wind nowcast update.,OK
2025-01-05T13:35:00,13:35,ONLINE_SOL_2025_0105_RAMP_UP,WND_GADAG,WND_G1_T01,40hour,Day-ahead probabilistic forecast,NWP ensemble weather-to-power + calibration,5.008,4.784,2.464,7.104,0.897,1.541,100.0,0.771,18.56,0.1209,0,0,0,GOOD,GOOD,NORMAL,normal,NORMAL_LEARNING,NO_ACTION,Continue normal wind nowcast update.,OK
2025-01-05T13:40:00,13:40,ONLINE_SOL_2025_0105_RAMP_UP,WND_GADAG,WND_G1_T01,40hour,Day-ahead probabilistic forecast,NWP ensemble weather-to-power + calibration,4.958,4.753,2.433,7.072,0.822,1.555,100.0,0.777,18.56,0.1213,0,0,0,GOOD,GOOD,NORMAL,normal,NORMAL_LEARNING,NO_ACTION,Continue normal wind nowcast update.,OK
2025-01-05T13:45:00,13:45,ONLINE_SOL_2025_0105_RAMP_UP,WND_GADAG,WND_G1_T01,40hour,Day-ahead probabilistic forecast,NWP ensemble weather-to-power + calibration,4.907,4.720,2.400,7.040,0.75,1.566,100.0,0.783,18.56,0.122,0,0,0,GOOD,GOOD,NORMAL,normal,NORMAL_LEARNING,NO_ACTION,Continue normal wind nowcast update.,OK
2025-01-05T13:50:00,13:50,ONLINE_SOL_2025_0105_RAMP_UP,WND_GADAG,WND_G1_T01,40hour,Day-ahead probabilistic forecast,NWP ensemble weather-to-power + calibration,4.856,4.686,2.365,7.005,0.68,1.577,100.0,0.788,18.56,0.1229,0,0,0,GOOD,GOOD,NORMAL,normal,NORMAL_LEARNING,NO_ACTION,Continue normal wind nowcast update.,OK
2025-01-05T13:55:00,13:55,ONLINE_SOL_2025_0105_RAMP_UP,WND_GADAG,WND_G1_T01,40hour,Day-ahead probabilistic forecast,NWP ensemble weather-to-power + calibration,4.803,4.650,2.330,6.970,0.614,1.585,100.0,0.793,18.56,0.1244,0,0,0,GOOD,GOOD,NORMAL,normal,NORMAL_LEARNING,NO_ACTION,Continue normal wind nowcast update.,OK
2025-01-05T14:00:00,14:00,ONLINE_SOL_2025_0105_RAMP_UP,WND_GADAG,WND_G1_T01,40hour,Day-ahead probabilistic forecast,NWP ensemble weather-to-power + calibration,4.752,4.614,2.293,6.934,0.552,1.593,100.0,0.796,18.56,0.1265,0,0,0,GOOD,GOOD,NORMAL,normal,NORMAL_LEARNING,NO_ACTION,Continue normal wind nowcast update.,OK
2025-01-05T14:05:00,14:05,ONLINE_SOL_2025_0105_RAMP_UP,WND_GADAG,WND_G1_T01,40hour,Day-ahead probabilistic forecast,NWP ensemble weather-to-power + calibration,4.699,4.576,2.256,6.896,0.495,1.599,100.0,0.8,18.56,0.1297,0,0,0,GOOD,GOOD,NORMAL,normal,NORMAL_LEARNING,NO_ACTION,Continue normal wind nowcast update.,OK
2025-01-05T14:10:00,14:10,ONLINE_SOL_2025_0105_RAMP_UP,WND_GADAG,WND_G1_T01,40hour,Day-ahead probabilistic forecast,NWP ensemble weather-to-power + calibration,4.648,4.537,2.217,6.857,0.442,1.605,100.0,0.802,18.56,0.1344,0,0,0,GOOD,GOOD,NORMAL,normal,NORMAL_LEARNING,NO_ACTION,Continue normal wind nowcast update.,OK
2025-01-05T14:15:00,14:15,ONLINE_SOL_2025_0105_RAMP_UP,WND_GADAG,WND_G1_T01,40hour,Day-ahead probabilistic forecast,NWP ensemble weather-to-power + calibration,4.596,4.498,2.179,6.819,0.392,1.609,100.0,0.804,18.56,0.1413,0,0,0,GOOD,GOOD,NORMAL,normal,NORMAL_LEARNING,NO_ACTION,Continue normal wind nowcast update.,OK
2025-01-05T14:20:00,14:20,ONLINE_SOL_2025_0105_RAMP_UP,WND_GADAG,WND_G1_T01,40hour,Day-ahead probabilistic forecast,NWP ensemble weather-to-power + calibration,4.546,4.460,2.140,6.780,0.342,1.612,100.0,0.806,18.56,0.1513,0,0,0,GOOD,GOOD,NORMAL,normal,NORMAL_LEARNING,NO_ACTION,Continue normal wind nowcast update.,OK
2025-01-05T14:25:00,14:25,ONLINE_SOL_2025_0105_RAMP_UP,WND_GADAG,WND_G1_T01,40hour,Day-ahead probabilistic forecast,NWP ensemble weather-to-power + calibration,4.496,4.423,2.103,6.744,0.29,1.615,100.0,0.807,18.56,0.1659,0,0,0,GOOD,GOOD,NORMAL,normal,NORMAL_LEARNING,NO_ACTION,Continue normal wind nowcast update.,OK
2025-01-05T14:30:00,14:30,ONLINE_SOL_2025_0105_RAMP_UP,WND_GADAG,WND_G1_T01,40hour,Day-ahead probabilistic forecast,NWP ensemble weather-to-power + calibration,4.447,4.390,2.070,6.710,0.228,1.616,100.0,0.808,18.56,0.1865,0,0,0,GOOD,GOOD,NORMAL,normal,NORMAL_LEARNING,NO_ACTION,Continue normal wind nowcast update.,OK
2025-01-05T14:35:00,14:35,ONLINE_SOL_2025_0105_RAMP_UP,WND_GADAG,WND_G1_T01,40hour,Day-ahead probabilistic forecast,NWP ensemble weather-to-power + calibration,4.399,4.362,2.042,6.682,0.147,1.616,100.0,0.808,18.56,0.2154,0,0,0,GOOD,GOOD,NORMAL,normal,NORMAL_LEARNING,NO_ACTION,Continue normal wind nowcast update.,OK
2025-01-05T14:40:00,14:40,ONLINE_SOL_2025_0105_RAMP_UP,WND_GADAG,WND_G1_T01,40hour,Day-ahead probabilistic forecast,NWP ensemble weather-to-power + calibration,4.352,4.343,2.023,6.663,0.033,1.613,100.0,0.806,18.56,0.2544,0,0,0,GOOD,GOOD,NORMAL,normal,NORMAL_LEARNING,NO_ACTION,Continue normal wind nowcast update.,OK
2025-01-05T14:45:00,14:45,ONLINE_SOL_2025_0105_RAMP_UP,WND_GADAG,WND_G1_T01,40hour,Day-ahead probabilistic forecast,NWP ensemble weather-to-power + calibration,4.306,4.340,2.020,6.660,-0.136,1.612,100.0,0.803,18.56,0.3052,0,0,0,GOOD,GOOD,NORMAL,normal,NORMAL_LEARNING,NO_ACTION,Continue normal wind nowcast update.,OK
2025-01-05T14:50:00,14:50,ONLINE_SOL_2025_0105_RAMP_UP,WND_GADAG,WND_G1_T01,40hour,Day-ahead probabilistic forecast,NWP ensemble weather-to-power + calibration,4.261,4.359,2.039,6.679,-0.39,1.616,100.0,0.797,18.56,0.368,0,0,0,GOOD,GOOD,NORMAL,normal,NORMAL_LEARNING,NO_ACTION,Continue normal wind nowcast update.,OK
2025-01-05T14:55:00,14:55,ONLINE_SOL_2025_0105_RAMP_UP,WND_GADAG,WND_G1_T01,40hour,Day-ahead probabilistic forecast,NWP ensemble weather-to-power + calibration,4.219,4.412,2.091,6.731,-0.771,1.628,100.0,0.787,18.56,0.441,0,0,0,GOOD,GOOD,NORMAL,normal,NORMAL_LEARNING,NO_ACTION,Continue normal wind nowcast update.,OK
2025-01-05T15:00:00,15:00,ONLINE_SOL_2025_0105_RAMP_UP,WND_GADAG,WND_G1_T01,40hour,Day-ahead probabilistic forecast,NWP ensemble weather-to-power + calibration,4.179,4.511,2.191,6.831,-1.329,1.652,100.0,0.771,18.56,0.52,0,0,55,GOOD,GOOD,NORMAL,normal,NORMAL_LEARNING,NO_ACTION,Continue normal wind nowcast update.,OK
2025-01-05T15:05:00,15:05,ONLINE_SOL_2025_0105_RAMP_UP,WND_GADAG,WND_G1_T01,40hour,Day-ahead probabilistic forecast,NWP ensemble weather-to-power + calibration,4.143,4.674,2.354,6.994,-2.123,1.691,100.0,0.747,18.56,0.599,0,0,55,GOOD,GOOD,NORMAL,normal,NORMAL_LEARNING,NO_ACTION,Continue normal wind nowcast update.,OK
2025-01-05T15:10:00,15:10,ONLINE_SOL_2025_0105_RAMP_UP,WND_GADAG,WND_G1_T01,40hour,Day-ahead probabilistic forecast,NWP ensemble weather-to-power + calibration,4.114,4.912,2.592,7.232,-3.195,1.752,100.0,0.711,18.56,0.672,25,0,55,GOOD,GOOD,NORMAL,normal,WIND_RAMP_LEARNED,STEEP_ADJUST,Adjusting wind persistence weights.,WATCH
2025-01-05T15:15:00,15:15,ONLINE_SOL_2025_0105_RAMP_UP,WND_GADAG,WND_G1_T01,40hour,Day-ahead probabilistic forecast,NWP ensemble weather-to-power + calibration,4.093,5.230,2.910,7.550,-4.547,1.841,100.0,0.66,18.56,0.7348,20,0,55,GOOD,GOOD,NORMAL,normal,WIND_RAMP_LEARNED,STEEP_ADJUST,Adjusting wind persistence weights.,WATCH
2025-01-05T15:20:00,15:20,ONLINE_SOL_2025_0105_RAMP_UP,WND_GADAG,WND_G1_T01,40hour,Day-ahead probabilistic forecast,NWP ensemble weather-to-power + calibration,4.088,5.614,2.249,8.977,-6.104,1.961,100.0,0.593,26.912,0.7856,15,35,55,GOOD,GOOD,ANOMALOUS,weather,WIND_RAMP_LEARNED,STEEP_ADJUST,Adjusting wind persistence weights.,WATCH
2025-01-05T15:25:00,15:25,ONLINE_SOL_2025_0105_RAMP_UP,WND_GADAG,WND_G1_T01,40hour,Day-ahead probabilistic forecast,NWP ensemble weather-to-power + calibration,4.103,6.027,2.663,9.391,-7.696,2.114,100.0,0.509,26.912,0.8246,10,35,55,GOOD,GOOD,ANOMALOUS,weather,WIND_RAMP_LEARNED,STEEP_ADJUST,Adjusting wind persistence weights.,WATCH
2025-01-05T15:30:00,15:30,ONLINE_SOL_2025_0105_RAMP_UP,WND_GADAG,WND_G1_T01,40hour,Day-ahead probabilistic forecast,NWP ensemble weather-to-power + calibration,4.149,6.421,3.057,9.785,-9.085,2.294,100.0,0.41,26.912,0.8535,5,35,55,GOOD,GOOD,ANOMALOUS,weather,WIND_RAMP_LEARNED,STEEP_ADJUST,Adjusting wind persistence weights.,WATCH
2025-01-05T15:35:00,15:35,ONLINE_SOL_2025_0105_RAMP_UP,WND_GADAG,WND_G1_T01,40hour,Day-ahead probabilistic forecast,NWP ensemble weather-to-power + calibration,4.240,6.749,3.385,10.113,-10.037,2.493,100.0,0.301,26.912,0.8741,0,35,82,GOOD,GOOD,ANOMALOUS,weather,WIND_RAMP_LEARNED,STEEP_ADJUST,Adjusting wind persistence weights.,WATCH
2025-01-05T15:40:00,15:40,ONLINE_SOL_2025_0105_RAMP_UP,WND_GADAG,WND_G1_T01,40hour,Day-ahead probabilistic forecast,NWP ensemble weather-to-power + calibration,4.388,6.984,3.620,10.348,-10.387,2.699,100.0,0.187,26.912,0.8887,0,35,82,GOOD,GOOD,ANOMALOUS,weather,WIND_RAMP_LEARNED,STEEP_ADJUST,Adjusting wind persistence weights.,WATCH
2025-01-05T15:45:00,15:45,ONLINE_SOL_2025_0105_RAMP_UP,WND_GADAG,WND_G1_T01,40hour,Day-ahead probabilistic forecast,NWP ensemble weather-to-power + calibration,4.605,7.122,3.758,10.486,-10.069,2.896,100.0,0.076,26.912,0.8987,0,35,82,GOOD,GOOD,ANOMALOUS,weather,WIND_RAMP_LEARNED,STEEP_ADJUST,Adjusting wind persistence weights.,WATCH
2025-01-05T15:50:00,15:50,ONLINE_SOL_2025_0105_RAMP_UP,WND_GADAG,WND_G1_T01,40hour,Day-ahead probabilistic forecast,NWP ensemble weather-to-power + calibration,4.894,7.173,3.809,10.537,-9.117,3.073,100.0,-0.026,26.912,0.9056,0,35,82,GOOD,GOOD,ANOMALOUS,weather,WIND_RAMP_LEARNED,STEEP_ADJUST,Adjusting wind persistence weights.,WATCH
2025-01-05T15:55:00,15:55,ONLINE_SOL_2025_0105_RAMP_UP,WND_GADAG,WND_G1_T01,40hour,Day-ahead probabilistic forecast,NWP ensemble weather-to-power + calibration,5.242,7.157,3.792,10.521,-7.661,3.218,100.0,-0.113,26.912,0.9103,0,35,82,GOOD,GOOD,ANOMALOUS,weather,WIND_RAMP_LEARNED,STEEP_ADJUST,Adjusting wind persistence weights.,WATCH
2025-01-05T16:00:00,16:00,ONLINE_SOL_2025_0105_RAMP_UP,WND_GADAG,WND_G1_T01,40hour,Day-ahead probabilistic forecast,NWP ensemble weather-to-power + calibration,5.612,7.089,3.725,10.453,-5.91,3.325,100.0,-0.182,26.912,0.9135,0,35,82,GOOD,GOOD,ANOMALOUS,weather,WIND_RAMP_LEARNED,STEEP_ADJUST,Adjusting wind persistence weights.,WATCH
2025-01-05T16:05:00,16:05,ONLINE_SOL_2025_0105_RAMP_UP,WND_GADAG,WND_G1_T01,40hour,Day-ahead probabilistic forecast,NWP ensemble weather-to-power + calibration,5.959,6.987,3.623,10.351,-4.11,3.394,100.0,-0.234,26.912,0.9156,0,35,82,GOOD,GOOD,ANOMALOUS,weather,WIND_RAMP_LEARNED,STEEP_ADJUST,Adjusting wind persistence weights.,WATCH
2025-01-05T16:10:00,16:10,ONLINE_SOL_2025_0105_RAMP_UP,WND_GADAG,WND_G1_T01,40hour,Day-ahead probabilistic forecast,NWP ensemble weather-to-power + calibration,6.239,6.859,3.495,10.223,-2.48,3.427,100.0,-0.269,26.912,0.9171,0,35,82,GOOD,GOOD,ANOMALOUS,weather,WIND_RAMP_LEARNED,STEEP_ADJUST,Adjusting wind persistence weights.,WATCH
2025-01-05T16:15:00,16:15,ONLINE_SOL_2025_0105_RAMP_UP,WND_GADAG,WND_G1_T01,40hour,Day-ahead probabilistic forecast,NWP ensemble weather-to-power + calibration,6.428,6.715,3.352,10.079,-1.151,3.432,100.0,-0.29,26.912,0.918,0,35,82,GOOD,GOOD,ANOMALOUS,weather,WIND_RAMP_LEARNED,STEEP_ADJUST,Adjusting wind persistence weights.,WATCH
2025-01-05T16:20:00,16:20,ONLINE_SOL_2025_0105_RAMP_UP,WND_GADAG,WND_G1_T01,40hour,Day-ahead probabilistic forecast,NWP ensemble weather-to-power + calibration,6.520,6.560,3.196,9.924,-0.16,3.414,100.0,-0.302,26.912,0.9187,0,35,82,GOOD,GOOD,ANOMALOUS,weather,WIND_RAMP_LEARNED,STEEP_ADJUST,Adjusting wind persistence weights.,WATCH
2025-01-05T16:25:00,16:25,ONLINE_SOL_2025_0105_RAMP_UP,WND_GADAG,WND_G1_T01,40hour,Day-ahead probabilistic forecast,NWP ensemble weather-to-power + calibration,6.527,6.396,3.031,9.759,0.526,3.404,100.0,-0.308,26.912,0.9191,0,35,82,GOOD,GOOD,ANOMALOUS,weather,WIND_RAMP_LEARNED,STEEP_ADJUST,Adjusting wind persistence weights.,WATCH
2025-01-05T16:30:00,16:30,ONLINE_SOL_2025_0105_RAMP_UP,WND_GADAG,WND_G1_T01,40hour,Day-ahead probabilistic forecast,NWP ensemble weather-to-power + calibration,6.467,6.225,2.861,9.589,0.968,3.402,100.0,-0.309,26.912,0.9194,0,35,82,GOOD,GOOD,ANOMALOUS,weather,WIND_RAMP_LEARNED,STEEP_ADJUST,Adjusting wind persistence weights.,WATCH
2025-01-05T16:35:00,16:35,ONLINE_SOL_2025_0105_RAMP_UP,WND_GADAG,WND_G1_T01,40hour,Day-ahead probabilistic forecast,NWP ensemble weather-to-power + calibration,6.357,6.050,2.686,9.414,1.229,3.404,100.0,-0.307,26.912,0.9196,0,35,82,GOOD,GOOD,ANOMALOUS,weather,WIND_RAMP_LEARNED,STEEP_ADJUST,Adjusting wind persistence weights.,WATCH
2025-01-05T16:40:00,16:40,ONLINE_SOL_2025_0105_RAMP_UP,WND_GADAG,WND_G1_T01,40hour,Day-ahead probabilistic forecast,NWP ensemble weather-to-power + calibration,6.212,5.871,2.507,9.235,1.364,3.409,100.0,-0.305,26.912,0.9197,0,35,82,GOOD,GOOD,ANOMALOUS,weather,WIND_RAMP_LEARNED,STEEP_ADJUST,Adjusting wind persistence weights.,WATCH
2025-01-05T16:45:00,16:45,ONLINE_SOL_2025_0105_RAMP_UP,WND_GADAG,WND_G1_T01,40hour,Day-ahead probabilistic forecast,NWP ensemble weather-to-power + calibration,6.042,5.689,2.325,9.053,1.412,3.415,100.0,-0.302,26.912,0.9198,0,35,82,GOOD,GOOD,ANOMALOUS,weather,WIND_RAMP_LEARNED,STEEP_ADJUST,Adjusting wind persistence weights.,WATCH
2025-01-05T16:50:00,16:50,ONLINE_SOL_2025_0105_RAMP_UP,WND_GADAG,WND_G1_T01,40hour,Day-ahead probabilistic forecast,NWP ensemble weather-to-power + calibration,5.854,5.503,2.139,8.867,1.403,3.42,100.0,-0.3,26.912,0.9199,0,35,82,GOOD,GOOD,ANOMALOUS,weather,WIND_RAMP_LEARNED,STEEP_ADJUST,Adjusting wind persistence weights.,WATCH
2025-01-05T16:55:00,16:55,ONLINE_SOL_2025_0105_RAMP_UP,WND_GADAG,WND_G1_T01,40hour,Day-ahead probabilistic forecast,NWP ensemble weather-to-power + calibration,5.654,5.315,1.951,8.679,1.355,3.424,100.0,-0.298,26.912,0.9199,0,35,82,GOOD,GOOD,ANOMALOUS,weather,WIND_RAMP_LEARNED,STEEP_ADJUST,Adjusting wind persistence weights.,WATCH
2025-01-05T17:00:00,17:00,ONLINE_SOL_2025_0105_RAMP_UP,WND_GADAG,WND_G1_T01,40hour,Day-ahead probabilistic forecast,NWP ensemble weather-to-power + calibration,5.445,5.125,1.760,8.489,1.284,3.426,100.0,-0.296,26.912,0.9199,0,35,82,GOOD,GOOD,ANOMALOUS,weather,WIND_RAMP_LEARNED,STEEP_ADJUST,Adjusting wind persistence weights.,WATCH
2025-01-05T17:05:00,17:05,ONLINE_SOL_2025_0105_RAMP_UP,WND_GADAG,WND_G1_T01,40hour,Day-ahead probabilistic forecast,NWP ensemble weather-to-power + calibration,5.231,4.931,1.567,8.295,1.196,3.427,100.0,-0.296,26.912,0.92,0,35,82,GOOD,GOOD,ANOMALOUS,weather,WIND_RAMP_LEARNED,STEEP_ADJUST,Adjusting wind persistence weights.,WATCH
2025-01-05T17:10:00,17:10,ONLINE_SOL_2025_0105_RAMP_UP,WND_GADAG,WND_G1_T01,40hour,Day-ahead probabilistic forecast,NWP ensemble weather-to-power + calibration,5.011,4.736,1.372,8.100,1.101,3.427,100.0,-0.296,26.912,0.92,0,35,82,GOOD,GOOD,ANOMALOUS,weather,WIND_RAMP_LEARNED,STEEP_ADJUST,Adjusting wind persistence weights.,WATCH
2025-01-05T17:15:00,17:15,ONLINE_SOL_2025_0105_RAMP_UP,WND_GADAG,WND_G1_T01,40hour,Day-ahead probabilistic forecast,NWP ensemble weather-to-power + calibration,4.788,4.538,2.219,6.859,1.001,3.425,100.0,-0.297,18.56,0.92,0,0,82,GOOD,GOOD,NORMAL,normal,NORMAL_LEARNING,NO_ACTION,Continue normal wind nowcast update.,OK
2025-01-05T17:20:00,17:20,ONLINE_SOL_2025_0105_RAMP_UP,WND_GADAG,WND_G1_T01,40hour,Day-ahead probabilistic forecast,NWP ensemble weather-to-power + calibration,4.564,4.339,2.019,6.659,0.9,3.421,100.0,-0.299,18.56,0.92,0,0,82,GOOD,GOOD,NORMAL,normal,NORMAL_LEARNING,NO_ACTION,Continue normal wind nowcast update.,OK
2025-01-05T17:25:00,17:25,ONLINE_SOL_2025_0105_RAMP_UP,WND_GADAG,WND_G1_T01,40hour,Day-ahead probabilistic forecast,NWP ensemble weather-to-power + calibration,4.338,4.137,1.817,6.457,0.802,3.417,100.0,-0.301,18.56,0.92,0,0,82,GOOD,GOOD,NORMAL,normal,NORMAL_LEARNING,NO_ACTION,Continue normal wind nowcast update.,OK
2025-01-05T17:30:00,17:30,ONLINE_SOL_2025_0105_RAMP_UP,WND_GADAG,WND_G1_T01,40hour,Day-ahead probabilistic forecast,NWP ensemble weather-to-power + calibration,4.110,3.933,1.613,6.253,0.707,3.411,100.0,-0.304,18.56,0.92,0,0,82,GOOD,GOOD,NORMAL,normal,NORMAL_LEARNING,NO_ACTION,Continue normal wind nowcast update.,OK
2025-01-05T17:35:00,17:35,ONLINE_SOL_2025_0105_RAMP_UP,WND_GADAG,WND_G1_T01,40hour,Day-ahead probabilistic forecast,NWP ensemble weather-to-power + calibration,3.882,3.728,1.408,6.048,0.618,3.405,100.0,-0.307,18.56,0.92,0,0,82,GOOD,GOOD,NORMAL,normal,NORMAL_LEARNING,NO_ACTION,Continue normal wind nowcast update.,OK
2025-01-05T17:40:00,17:40,ONLINE_SOL_2025_0105_RAMP_UP,WND_GADAG,WND_G1_T01,40hour,Day-ahead probabilistic forecast,NWP ensemble weather-to-power + calibration,3.654,3.520,1.200,5.840,0.536,3.398,100.0,-0.31,18.56,0.92,0,0,82,GOOD,GOOD,NORMAL,normal,NORMAL_LEARNING,NO_ACTION,Continue normal wind nowcast update.,OK
2025-01-05T17:45:00,17:45,ONLINE_SOL_2025_0105_RAMP_UP,WND_GADAG,WND_G1_T01,40hour,Day-ahead probabilistic forecast,NWP ensemble weather-to-power + calibration,3.426,3.311,0.991,5.631,0.462,3.391,100.0,-0.314,18.56,0.92,0,0,82,GOOD,GOOD,NORMAL,normal,NORMAL_LEARNING,NO_ACTION,Continue normal wind nowcast update.,OK
2025-01-05T17:50:00,17:50,ONLINE_SOL_2025_0105_RAMP_UP,WND_GADAG,WND_G1_T01,40hour,Day-ahead probabilistic forecast,NWP ensemble weather-to-power + calibration,3.199,3.100,0.780,5.420,0.395,3.383,100.0,-0.318,18.56,0.92,0,0,82,GOOD,GOOD,NORMAL,normal,NORMAL_LEARNING,NO_ACTION,Continue normal wind nowcast update.,OK
2025-01-05T17:55:00,17:55,ONLINE_SOL_2025_0105_RAMP_UP,WND_GADAG,WND_G1_T01,40hour,Day-ahead probabilistic forecast,NWP ensemble weather-to-power + calibration,2.971,2.887,0.567,5.207,0.337,3.376,100.0,-0.322,18.56,0.92,0,0,82,GOOD,GOOD,NORMAL,normal,NORMAL_LEARNING,NO_ACTION,Continue normal wind nowcast update.,OK
2025-01-05T18:00:00,18:00,ONLINE_SOL_2025_0105_RAMP_UP,WND_GADAG,WND_G1_T01,40hour,Day-ahead probabilistic forecast,NWP ensemble weather-to-power + calibration,2.744,2.672,0.352,4.992,0.286,3.368,100.0,-0.325,18.56,0.92,0,0,82,GOOD,GOOD,NORMAL,normal,NORMAL_LEARNING,NO_ACTION,Continue normal wind nowcast update.,OK
2025-01-05T18:05:00,18:05,ONLINE_SOL_2025_0105_RAMP_UP,WND_GADAG,WND_G1_T01,40hour,Day-ahead probabilistic forecast,NWP ensemble weather-to-power + calibration,2.518,2.457,0.137,4.777,0.244,3.361,100.0,-0.329,18.56,0.92,0,0,82,GOOD,GOOD,NORMAL,normal,NORMAL_LEARNING,NO_ACTION,Continue normal wind nowcast update.,OK
2025-01-05T18:10:00,18:10,ONLINE_SOL_2025_0105_RAMP_UP,WND_GADAG,WND_G1_T01,40hour,Day-ahead probabilistic forecast,NWP ensemble weather-to-power + calibration,2.291,2.239,0.000,4.559,0.208,3.354,100.0,-0.332,18.237,0.92,0,0,82,GOOD,GOOD,NORMAL,normal,NORMAL_LEARNING,NO_ACTION,Continue normal wind nowcast update.,OK
2025-01-05T18:15:00,18:15,ONLINE_SOL_2025_0105_RAMP_UP,WND_GADAG,WND_G1_T01,40hour,Day-ahead probabilistic forecast,NWP ensemble weather-to-power + calibration,2.065,2.021,0.000,4.340,0.179,3.347,100.0,-0.336,17.362,0.92,0,0,82,GOOD,GOOD,NORMAL,normal,NORMAL_LEARNING,NO_ACTION,Continue normal wind nowcast update.,OK
2025-01-05T18:20:00,18:20,ONLINE_SOL_2025_0105_RAMP_UP,WND_GADAG,WND_G1_T01,40hour,Day-ahead probabilistic forecast,NWP ensemble weather-to-power + calibration,1.839,1.800,0.000,4.120,0.154,3.341,100.0,-0.339,16.482,0.92,0,0,82,GOOD,GOOD,NORMAL,normal,NORMAL_LEARNING,NO_ACTION,Continue normal wind nowcast update.,OK
2025-01-05T18:25:00,18:25,ONLINE_SOL_2025_0105_RAMP_UP,WND_GADAG,WND_G1_T01,40hour,Day-ahead probabilistic forecast,NWP ensemble weather-to-power + calibration,1.613,1.579,0.000,3.899,0.134,3.334,100.0,-0.342,15.596,0.92,0,0,82,GOOD,GOOD,NORMAL,normal,NORMAL_LEARNING,NO_ACTION,Continue normal wind nowcast update.,OK
2025-01-05T18:30:00,18:30,ONLINE_SOL_2025_0105_RAMP_UP,WND_GADAG,WND_G1_T01,40hour,Day-ahead probabilistic forecast,NWP ensemble weather-to-power + calibration,1.386,1.357,0.000,3.676,0.117,3.328,100.0,-0.346,14.706,0.92,0,0,82,GOOD,GOOD,NORMAL,normal,NORMAL_LEARNING,NO_ACTION,Continue normal wind nowcast update.,OK
2025-01-05T18:35:00,18:35,ONLINE_SOL_2025_0105_RAMP_UP,WND_GADAG,WND_G1_T01,40hour,Day-ahead probabilistic forecast,NWP ensemble weather-to-power + calibration,1.158,1.133,0.000,3.453,0.101,3.321,100.0,-0.349,13.811,0.92,0,0,82,GOOD,GOOD,NORMAL,normal,NORMAL_LEARNING,NO_ACTION,Continue normal wind nowcast update.,OK
2025-01-05T18:40:00,18:40,ONLINE_SOL_2025_0105_RAMP_UP,WND_GADAG,WND_G1_T01,40hour,Day-ahead probabilistic forecast,NWP ensemble weather-to-power + calibration,0.929,0.908,0.000,3.228,0.086,3.314,100.0,-0.352,12.912,0.92,0,0,82,GOOD,GOOD,NORMAL,normal,NORMAL_LEARNING,NO_ACTION,Continue normal wind nowcast update.,OK
2025-01-05T18:45:00,18:45,ONLINE_SOL_2025_0105_RAMP_UP,WND_GADAG,WND_G1_T01,40hour,Day-ahead probabilistic forecast,NWP ensemble weather-to-power + calibration,0.700,0.682,0.000,3.002,0.069,3.307,100.0,-0.356,12.009,0.92,0,0,82,GOOD,GOOD,NORMAL,normal,NORMAL_LEARNING,NO_ACTION,Continue normal wind nowcast update.,OK
2025-01-05T18:50:00,18:50,ONLINE_SOL_2025_0105_RAMP_UP,WND_GADAG,WND_G1_T01,40hour,Day-ahead probabilistic forecast,NWP ensemble weather-to-power + calibration,0.468,0.456,0.000,2.776,0.05,3.299,100.0,-0.36,11.102,0.92,0,0,82,GOOD,GOOD,NORMAL,normal,NORMAL_LEARNING,NO_ACTION,Continue normal wind nowcast update.,OK
2025-01-05T18:55:00,18:55,ONLINE_SOL_2025_0105_RAMP_UP,WND_GADAG,WND_G1_T01,40hour,Day-ahead probabilistic forecast,NWP ensemble weather-to-power + calibration,0.235,0.228,0.000,2.548,0.027,3.29,100.0,-0.365,10.193,0.92,0,0,82,GOOD,GOOD,NORMAL,normal,NORMAL_LEARNING,NO_ACTION,Continue normal wind nowcast update.,OK
2025-01-05T19:00:00,19:00,ONLINE_SOL_2025_0105_RAMP_UP,WND_GADAG,WND_G1_T01,40hour,Day-ahead probabilistic forecast,NWP ensemble weather-to-power + calibration,0.000,0.000,0.000,2.320,0.0,3.279,100.0,-0.37,9.28,0.92,0,0,82,GOOD,GOOD,NORMAL,normal,NORMAL_LEARNING,NO_ACTION,Continue normal wind nowcast update.,OK
2025-01-05T05:00:00,05:00,ONLINE_SOL_2025_0105_RAMP_UP,WND_GADAG,WND_G1_T01,8day,Medium-range planning outlook,ensemble scenario + analog days + climatology band,0.000,0.000,0.000,3.520,0.0,0.0,100.0,0.0,14.08,0.12,0,0,0,GOOD,GOOD,NORMAL,normal,NORMAL_LEARNING,NO_ACTION,Continue normal wind nowcast update.,OK
2025-01-05T05:05:00,05:05,ONLINE_SOL_2025_0105_RAMP_UP,WND_GADAG,WND_G1_T01,8day,Medium-range planning outlook,ensemble scenario + analog days + climatology band,0.110,0.101,0.000,3.620,0.039,0.039,100.0,0.019,14.482,0.12,0,0,0,GOOD,GOOD,NORMAL,normal,NORMAL_LEARNING,NO_ACTION,Continue normal wind nowcast update.,OK
2025-01-05T05:10:00,05:10,ONLINE_SOL_2025_0105_RAMP_UP,WND_GADAG,WND_G1_T01,8day,Medium-range planning outlook,ensemble scenario + analog days + climatology band,0.220,0.201,0.000,3.721,0.076,0.076,100.0,0.038,14.883,0.12,0,0,0,GOOD,GOOD,NORMAL,normal,NORMAL_LEARNING,NO_ACTION,Continue normal wind nowcast update.,OK
2025-01-05T05:15:00,05:15,ONLINE_SOL_2025_0105_RAMP_UP,WND_GADAG,WND_G1_T01,8day,Medium-range planning outlook,ensemble scenario + analog days + climatology band,0.328,0.300,0.000,3.821,0.111,0.112,100.0,0.056,15.282,0.12,0,0,0,GOOD,GOOD,NORMAL,normal,NORMAL_LEARNING,NO_ACTION,Continue normal wind nowcast update.,OK
2025-01-05T05:20:00,05:20,ONLINE_SOL_2025_0105_RAMP_UP,WND_GADAG,WND_G1_T01,8day,Medium-range planning outlook,ensemble scenario + analog days + climatology band,0.436,0.400,0.000,3.920,0.143,0.147,100.0,0.074,15.68,0.12,0,0,0,GOOD,GOOD,NORMAL,normal,NORMAL_LEARNING,NO_ACTION,Continue normal wind nowcast update.,OK
2025-01-05T05:25:00,05:25,ONLINE_SOL_2025_0105_RAMP_UP,WND_GADAG,WND_G1_T01,8day,Medium-range planning outlook,ensemble scenario + analog days + climatology band,0.542,0.499,0.000,4.019,0.173,0.181,100.0,0.09,16.075,0.12,0,0,0,GOOD,GOOD,NORMAL,normal,NORMAL_LEARNING,NO_ACTION,Continue normal wind nowcast update.,OK
2025-01-05T05:30:00,05:30,ONLINE_SOL_2025_0105_RAMP_UP,WND_GADAG,WND_G1_T01,8day,Medium-range planning outlook,ensemble scenario + analog days + climatology band,0.647,0.598,0.000,4.117,0.2,0.212,100.0,0.106,16.47,0.12,0,0,0,GOOD,GOOD,NORMAL,normal,NORMAL_LEARNING,NO_ACTION,Continue normal wind nowcast update.,OK
2025-01-05T05:35:00,05:35,ONLINE_SOL_2025_0105_RAMP_UP,WND_GADAG,WND_G1_T01,8day,Medium-range planning outlook,ensemble scenario + analog days + climatology band,0.751,0.696,0.000,4.215,0.224,0.241,100.0,0.121,16.862,0.12,0,0,0,GOOD,GOOD,NORMAL,normal,NORMAL_LEARNING,NO_ACTION,Continue normal wind nowcast update.,OK
2025-01-05T05:40:00,05:40,ONLINE_SOL_2025_0105_RAMP_UP,WND_GADAG,WND_G1_T01,8day,Medium-range planning outlook,ensemble scenario + analog days + climatology band,0.854,0.793,0.000,4.313,0.244,0.269,100.0,0.134,17.252,0.12,0,0,0,GOOD,GOOD,NORMAL,normal,NORMAL_LEARNING,NO_ACTION,Continue normal wind nowcast update.,OK
2025-01-05T05:45:00,05:45,ONLINE_SOL_2025_0105_RAMP_UP,WND_GADAG,WND_G1_T01,8day,Medium-range planning outlook,ensemble scenario + analog days + climatology band,0.955,0.890,0.000,4.410,0.261,0.294,100.0,0.147,17.64,0.12,0,0,0,GOOD,GOOD,NORMAL,normal,NORMAL_LEARNING,NO_ACTION,Continue normal wind nowcast update.,OK
2025-01-05T05:50:00,05:50,ONLINE_SOL_2025_0105_RAMP_UP,WND_GADAG,WND_G1_T01,8day,Medium-range planning outlook,ensemble scenario + analog days + climatology band,1.055,0.986,0.000,4.506,0.275,0.318,100.0,0.159,18.025,0.12,0,0,0,GOOD,GOOD,NORMAL,normal,NORMAL_LEARNING,NO_ACTION,Continue normal wind nowcast update.,OK
2025-01-05T05:55:00,05:55,ONLINE_SOL_2025_0105_RAMP_UP,WND_GADAG,WND_G1_T01,8day,Medium-range planning outlook,ensemble scenario + analog days + climatology band,1.153,1.082,0.000,4.602,0.286,0.339,100.0,0.169,18.408,0.12,0,0,0,GOOD,GOOD,NORMAL,normal,NORMAL_LEARNING,NO_ACTION,Continue normal wind nowcast update.,OK
2025-01-05T06:00:00,06:00,ONLINE_SOL_2025_0105_RAMP_UP,WND_GADAG,WND_G1_T01,8day,Medium-range planning outlook,ensemble scenario + analog days + climatology band,1.251,1.177,0.000,4.697,0.294,0.358,100.0,0.179,18.788,0.12,0,0,0,GOOD,GOOD,NORMAL,normal,NORMAL_LEARNING,NO_ACTION,Continue normal wind nowcast update.,OK
2025-01-05T06:05:00,06:05,ONLINE_SOL_2025_0105_RAMP_UP,WND_GADAG,WND_G1_T01,8day,Medium-range planning outlook,ensemble scenario + analog days + climatology band,1.347,1.272,0.000,4.792,0.3,0.375,100.0,0.188,19.166,0.12,0,0,0,GOOD,GOOD,NORMAL,normal,NORMAL_LEARNING,NO_ACTION,Continue normal wind nowcast update.,OK
2025-01-05T06:10:00,06:10,ONLINE_SOL_2025_0105_RAMP_UP,WND_GADAG,WND_G1_T01,8day,Medium-range planning outlook,ensemble scenario + analog days + climatology band,1.442,1.365,0.000,4.885,0.305,0.391,100.0,0.195,19.541,0.12,0,0,0,GOOD,GOOD,NORMAL,normal,NORMAL_LEARNING,NO_ACTION,Continue normal wind nowcast update.,OK
2025-01-05T06:15:00,06:15,ONLINE_SOL_2025_0105_RAMP_UP,WND_GADAG,WND_G1_T01,8day,Medium-range planning outlook,ensemble scenario + analog days + climatology band,1.535,1.458,0.000,4.978,0.309,0.405,100.0,0.203,19.913,0.12,0,0,0,GOOD,GOOD,NORMAL,normal,NORMAL_LEARNING,NO_ACTION,Continue normal wind nowcast update.,OK
2025-01-05T06:20:00,06:20,ONLINE_SOL_2025_0105_RAMP_UP,WND_GADAG,WND_G1_T01,8day,Medium-range planning outlook,ensemble scenario + analog days + climatology band,1.629,1.550,0.000,5.070,0.312,0.418,100.0,0.209,20.281,0.12,0,0,0,GOOD,GOOD,NORMAL,normal,NORMAL_LEARNING,NO_ACTION,Continue normal wind nowcast update.,OK
2025-01-05T06:25:00,06:25,ONLINE_SOL_2025_0105_RAMP_UP,WND_GADAG,WND_G1_T01,8day,Medium-range planning outlook,ensemble scenario + analog days + climatology band,1.721,1.642,0.000,5.162,0.316,0.43,100.0,0.215,20.647,0.12,0,0,0,GOOD,GOOD,NORMAL,normal,NORMAL_LEARNING,NO_ACTION,Continue normal wind nowcast update.,OK
2025-01-05T06:30:00,06:30,ONLINE_SOL_2025_0105_RAMP_UP,WND_GADAG,WND_G1_T01,8day,Medium-range planning outlook,ensemble scenario + analog days + climatology band,1.813,1.732,0.000,5.252,0.32,0.441,100.0,0.22,21.009,0.12,0,0,0,GOOD,GOOD,NORMAL,normal,NORMAL_LEARNING,NO_ACTION,Continue normal wind nowcast update.,OK
2025-01-05T06:35:00,06:35,ONLINE_SOL_2025_0105_RAMP_UP,WND_GADAG,WND_G1_T01,8day,Medium-range planning outlook,ensemble scenario + analog days + climatology band,1.904,1.822,0.000,5.342,0.327,0.452,100.0,0.226,21.368,0.12,0,0,0,GOOD,GOOD,NORMAL,normal,NORMAL_LEARNING,NO_ACTION,Continue normal wind nowcast update.,OK
2025-01-05T06:40:00,06:40,ONLINE_SOL_2025_0105_RAMP_UP,WND_GADAG,WND_G1_T01,8day,Medium-range planning outlook,ensemble scenario + analog days + climatology band,1.995,1.911,0.000,5.431,0.336,0.462,100.0,0.231,21.724,0.12,0,0,0,GOOD,GOOD,NORMAL,normal,NORMAL_LEARNING,NO_ACTION,Continue normal wind nowcast update.,OK
2025-01-05T06:45:00,06:45,ONLINE_SOL_2025_0105_RAMP_UP,WND_GADAG,WND_G1_T01,8day,Medium-range planning outlook,ensemble scenario + analog days + climatology band,2.086,1.999,0.000,5.519,0.348,0.473,100.0,0.236,22.076,0.12,0,0,0,GOOD,GOOD,NORMAL,normal,NORMAL_LEARNING,NO_ACTION,Continue normal wind nowcast update.,OK
2025-01-05T06:50:00,06:50,ONLINE_SOL_2025_0105_RAMP_UP,WND_GADAG,WND_G1_T01,8day,Medium-range planning outlook,ensemble scenario + analog days + climatology band,2.177,2.086,0.000,5.606,0.364,0.484,100.0,0.242,22.424,0.12,0,0,0,GOOD,GOOD,NORMAL,normal,NORMAL_LEARNING,NO_ACTION,Continue normal wind nowcast update.,OK
2025-01-05T06:55:00,06:55,ONLINE_SOL_2025_0105_RAMP_UP,WND_GADAG,WND_G1_T01,8day,Medium-range planning outlook,ensemble scenario + analog days + climatology band,2.268,2.172,0.000,5.692,0.383,0.496,100.0,0.248,22.768,0.12,0,0,0,GOOD,GOOD,NORMAL,normal,NORMAL_LEARNING,NO_ACTION,Continue normal wind nowcast update.,OK
2025-01-05T07:00:00,07:00,ONLINE_SOL_2025_0105_RAMP_UP,WND_GADAG,WND_G1_T01,8day,Medium-range planning outlook,ensemble scenario + analog days + climatology band,2.359,2.257,0.000,5.777,0.408,0.508,100.0,0.254,23.109,0.12,0,0,0,GOOD,GOOD,NORMAL,normal,NORMAL_LEARNING,NO_ACTION,Continue normal wind nowcast update.,OK
2025-01-05T07:05:00,07:05,ONLINE_SOL_2025_0105_RAMP_UP,WND_GADAG,WND_G1_T01,8day,Medium-range planning outlook,ensemble scenario + analog days + climatology band,2.450,2.341,0.000,5.861,0.437,0.522,100.0,0.261,23.445,0.12,0,0,0,GOOD,GOOD,NORMAL,normal,NORMAL_LEARNING,NO_ACTION,Continue normal wind nowcast update.,OK
2025-01-05T07:10:00,07:10,ONLINE_SOL_2025_0105_RAMP_UP,WND_GADAG,WND_G1_T01,8day,Medium-range planning outlook,ensemble scenario + analog days + climatology band,2.542,2.424,0.000,5.944,0.472,0.538,100.0,0.269,23.777,0.12,0,0,0,GOOD,GOOD,NORMAL,normal,NORMAL_LEARNING,NO_ACTION,Continue normal wind nowcast update.,OK
2025-01-05T07:15:00,07:15,ONLINE_SOL_2025_0105_RAMP_UP,WND_GADAG,WND_G1_T01,8day,Medium-range planning outlook,ensemble scenario + analog days + climatology band,2.634,2.506,0.000,6.027,0.511,0.555,100.0,0.278,24.106,0.12,0,0,0,GOOD,GOOD,NORMAL,normal,NORMAL_LEARNING,NO_ACTION,Continue normal wind nowcast update.,OK
2025-01-05T07:20:00,07:20,ONLINE_SOL_2025_0105_RAMP_UP,WND_GADAG,WND_G1_T01,8day,Medium-range planning outlook,ensemble scenario + analog days + climatology band,2.726,2.587,0.000,6.107,0.556,0.574,100.0,0.287,24.43,0.12,0,0,0,GOOD,GOOD,NORMAL,normal,NORMAL_LEARNING,NO_ACTION,Continue normal wind nowcast update.,OK
2025-01-05T07:25:00,07:25,ONLINE_SOL_2025_0105_RAMP_UP,WND_GADAG,WND_G1_T01,8day,Medium-range planning outlook,ensemble scenario + analog days + climatology band,2.818,2.667,0.000,6.187,0.605,0.596,100.0,0.298,24.749,0.12,0,0,0,GOOD,GOOD,NORMAL,normal,NORMAL_LEARNING,NO_ACTION,Continue normal wind nowcast update.,OK
2025-01-05T07:30:00,07:30,ONLINE_SOL_2025_0105_RAMP_UP,WND_GADAG,WND_G1_T01,8day,Medium-range planning outlook,ensemble scenario + analog days + climatology band,2.911,2.746,0.000,6.266,0.659,0.619,100.0,0.309,25.064,0.12,0,0,0,GOOD,GOOD,NORMAL,normal,NORMAL_LEARNING,NO_ACTION,Continue normal wind nowcast update.,OK
2025-01-05T07:35:00,07:35,ONLINE_SOL_2025_0105_RAMP_UP,WND_GADAG,WND_G1_T01,8day,Medium-range planning outlook,ensemble scenario + analog days + climatology band,3.003,2.824,0.000,6.344,0.716,0.644,100.0,0.322,25.375,0.12,0,0,0,GOOD,GOOD,NORMAL,normal,NORMAL_LEARNING,NO_ACTION,Continue normal wind nowcast update.,OK
2025-01-05T07:40:00,07:40,ONLINE_SOL_2025_0105_RAMP_UP,WND_GADAG,WND_G1_T01,8day,Medium-range planning outlook,ensemble scenario + analog days + climatology band,3.095,2.900,0.000,6.420,0.778,0.672,100.0,0.336,25.681,0.12,0,0,0,GOOD,GOOD,NORMAL,normal,NORMAL_LEARNING,NO_ACTION,Continue normal wind nowcast update.,OK
2025-01-05T07:45:00,07:45,ONLINE_SOL_2025_0105_RAMP_UP,WND_GADAG,WND_G1_T01,8day,Medium-range planning outlook,ensemble scenario + analog days + climatology band,3.186,2.976,0.000,6.496,0.841,0.702,100.0,0.351,25.983,0.12,0,0,0,GOOD,GOOD,NORMAL,normal,NORMAL_LEARNING,NO_ACTION,Continue normal wind nowcast update.,OK
2025-01-05T07:50:00,07:50,ONLINE_SOL_2025_0105_RAMP_UP,WND_GADAG,WND_G1_T01,8day,Medium-range planning outlook,ensemble scenario + analog days + climatology band,3.276,3.050,0.000,6.570,0.907,0.733,100.0,0.367,26.279,0.12,0,0,0,GOOD,GOOD,NORMAL,normal,NORMAL_LEARNING,NO_ACTION,Continue normal wind nowcast update.,OK
2025-01-05T07:55:00,07:55,ONLINE_SOL_2025_0105_RAMP_UP,WND_GADAG,WND_G1_T01,8day,Medium-range planning outlook,ensemble scenario + analog days + climatology band,3.366,3.123,0.000,6.643,0.974,0.767,100.0,0.384,26.571,0.12,0,0,0,GOOD,GOOD,NORMAL,normal,NORMAL_LEARNING,NO_ACTION,Continue normal wind nowcast update.,OK
2025-01-05T08:00:00,08:00,ONLINE_SOL_2025_0105_RAMP_UP,WND_GADAG,WND_G1_T01,8day,Medium-range planning outlook,ensemble scenario + analog days + climatology band,3.454,3.195,0.000,6.715,1.04,0.803,100.0,0.401,26.858,0.12,0,0,0,GOOD,GOOD,NORMAL,normal,NORMAL_LEARNING,NO_ACTION,Continue normal wind nowcast update.,OK
2025-01-05T08:05:00,08:05,ONLINE_SOL_2025_0105_RAMP_UP,WND_GADAG,WND_G1_T01,8day,Medium-range planning outlook,ensemble scenario + analog days + climatology band,3.542,3.265,0.000,6.785,1.106,0.84,100.0,0.42,27.14,0.12,0,0,0,GOOD,GOOD,NORMAL,normal,NORMAL_LEARNING,NO_ACTION,Continue normal wind nowcast update.,OK
2025-01-05T08:10:00,08:10,ONLINE_SOL_2025_0105_RAMP_UP,WND_GADAG,WND_G1_T01,8day,Medium-range planning outlook,ensemble scenario + analog days + climatology band,3.627,3.334,0.000,6.854,1.169,0.878,100.0,0.439,27.417,0.12,0,0,0,GOOD,GOOD,NORMAL,normal,NORMAL_LEARNING,NO_ACTION,Continue normal wind nowcast update.,OK
2025-01-05T08:15:00,08:15,ONLINE_SOL_2025_0105_RAMP_UP,WND_GADAG,WND_G1_T01,8day,Medium-range planning outlook,ensemble scenario + analog days + climatology band,3.710,3.402,0.000,6.922,1.23,0.918,100.0,0.459,27.689,0.12,0,0,0,GOOD,GOOD,NORMAL,normal,NORMAL_LEARNING,NO_ACTION,Continue normal wind nowcast update.,OK
2025-01-05T08:20:00,08:20,ONLINE_SOL_2025_0105_RAMP_UP,WND_GADAG,WND_G1_T01,8day,Medium-range planning outlook,ensemble scenario + analog days + climatology band,3.791,3.469,0.000,6.989,1.286,0.958,100.0,0.479,27.956,0.12,0,0,0,GOOD,GOOD,NORMAL,normal,NORMAL_LEARNING,NO_ACTION,Continue normal wind nowcast update.,OK
2025-01-05T08:25:00,08:25,ONLINE_SOL_2025_0105_RAMP_UP,WND_GADAG,WND_G1_T01,8day,Medium-range planning outlook,ensemble scenario + analog days + climatology band,3.869,3.534,0.014,7.054,1.338,0.999,100.0,0.5,28.16,0.12,0,0,0,GOOD,GOOD,NORMAL,normal,NORMAL_LEARNING,NO_ACTION,Continue normal wind nowcast update.,OK
2025-01-05T08:30:00,08:30,ONLINE_SOL_2025_0105_RAMP_UP,WND_GADAG,WND_G1_T01,8day,Medium-range planning outlook,ensemble scenario + analog days + climatology band,3.945,3.599,0.079,7.119,1.384,1.04,100.0,0.52,28.16,0.12,0,0,0,GOOD,GOOD,NORMAL,normal,NORMAL_LEARNING,NO_ACTION,Continue normal wind nowcast update.,OK
2025-01-05T08:35:00,08:35,ONLINE_SOL_2025_0105_RAMP_UP,WND_GADAG,WND_G1_T01,8day,Medium-range planning outlook,ensemble scenario + analog days + climatology band,4.017,3.661,0.141,7.181,1.423,1.081,100.0,0.541,28.16,0.12,0,0,0,GOOD,GOOD,NORMAL,normal,NORMAL_LEARNING,NO_ACTION,Continue normal wind nowcast update.,OK
2025-01-05T08:40:00,08:40,ONLINE_SOL_2025_0105_RAMP_UP,WND_GADAG,WND_G1_T01,8day,Medium-range planning outlook,ensemble scenario + analog days + climatology band,4.087,3.723,0.203,7.242,1.455,1.122,100.0,0.561,28.16,0.12,0,0,0,GOOD,GOOD,NORMAL,normal,NORMAL_LEARNING,NO_ACTION,Continue normal wind nowcast update.,OK
2025-01-05T08:45:00,08:45,ONLINE_SOL_2025_0105_RAMP_UP,WND_GADAG,WND_G1_T01,8day,Medium-range planning outlook,ensemble scenario + analog days + climatology band,4.152,3.783,0.263,7.303,1.48,1.162,100.0,0.581,28.16,0.12,0,0,0,GOOD,GOOD,NORMAL,normal,NORMAL_LEARNING,NO_ACTION,Continue normal wind nowcast update.,OK
2025-01-05T08:50:00,08:50,ONLINE_SOL_2025_0105_RAMP_UP,WND_GADAG,WND_G1_T01,8day,Medium-range planning outlook,ensemble scenario + analog days + climatology band,4.215,3.841,0.321,7.361,1.496,1.201,100.0,0.6,28.16,0.12,0,0,0,GOOD,GOOD,NORMAL,normal,NORMAL_LEARNING,NO_ACTION,Continue normal wind nowcast update.,OK
2025-01-05T08:55:00,08:55,ONLINE_SOL_2025_0105_RAMP_UP,WND_GADAG,WND_G1_T01,8day,Medium-range planning outlook,ensemble scenario + analog days + climatology band,4.274,3.898,0.379,7.418,1.504,1.238,100.0,0.619,28.16,0.12,0,0,0,GOOD,GOOD,NORMAL,normal,NORMAL_LEARNING,NO_ACTION,Continue normal wind nowcast update.,OK
2025-01-05T09:00:00,09:00,ONLINE_SOL_2025_0105_RAMP_UP,WND_GADAG,WND_G1_T01,8day,Medium-range planning outlook,ensemble scenario + analog days + climatology band,4.330,3.954,0.434,7.474,1.503,1.274,100.0,0.637,28.16,0.12,0,0,0,GOOD,GOOD,NORMAL,normal,NORMAL_LEARNING,NO_ACTION,Continue normal wind nowcast update.,OK
2025-01-05T09:05:00,09:05,ONLINE_SOL_2025_0105_RAMP_UP,WND_GADAG,WND_G1_T01,8day,Medium-range planning outlook,ensemble scenario + analog days + climatology band,4.383,4.009,0.489,7.529,1.494,1.309,100.0,0.654,28.16,0.12,0,0,0,GOOD,GOOD,NORMAL,normal,NORMAL_LEARNING,NO_ACTION,Continue normal wind nowcast update.,OK
2025-01-05T09:10:00,09:10,ONLINE_SOL_2025_0105_RAMP_UP,WND_GADAG,WND_G1_T01,8day,Medium-range planning outlook,ensemble scenario + analog days + climatology band,4.431,4.062,0.542,7.582,1.478,1.341,100.0,0.671,28.16,0.12,0,0,0,GOOD,GOOD,NORMAL,normal,NORMAL_LEARNING,NO_ACTION,Continue normal wind nowcast update.,OK
2025-01-05T09:15:00,09:15,ONLINE_SOL_2025_0105_RAMP_UP,WND_GADAG,WND_G1_T01,8day,Medium-range planning outlook,ensemble scenario + analog days + climatology band,4.477,4.114,0.594,7.634,1.453,1.371,100.0,0.686,28.16,0.12,0,0,0,GOOD,GOOD,NORMAL,normal,NORMAL_LEARNING,NO_ACTION,Continue normal wind nowcast update.,OK
2025-01-05T09:20:00,09:20,ONLINE_SOL_2025_0105_RAMP_UP,WND_GADAG,WND_G1_T01,8day,Medium-range planning outlook,ensemble scenario + analog days + climatology band,4.519,4.164,0.644,7.684,1.422,1.399,100.0,0.699,28.16,0.12,0,0,0,GOOD,GOOD,NORMAL,normal,NORMAL_LEARNING,NO_ACTION,Continue normal wind nowcast update.,OK
2025-01-05T09:25:00,09:25,ONLINE_SOL_2025_0105_RAMP_UP,WND_GADAG,WND_G1_T01,8day,Medium-range planning outlook,ensemble scenario + analog days + climatology band,4.559,4.213,0.693,7.733,1.385,1.424,100.0,0.712,28.16,0.12,0,0,0,GOOD,GOOD,NORMAL,normal,NORMAL_LEARNING,NO_ACTION,Continue normal wind nowcast update.,OK
2025-01-05T09:30:00,09:30,ONLINE_SOL_2025_0105_RAMP_UP,WND_GADAG,WND_G1_T01,8day,Medium-range planning outlook,ensemble scenario + analog days + climatology band,4.596,4.260,0.740,7.780,1.342,1.447,100.0,0.724,28.16,0.12,0,0,0,GOOD,GOOD,NORMAL,normal,NORMAL_LEARNING,NO_ACTION,Continue normal wind nowcast update.,OK
2025-01-05T09:35:00,09:35,ONLINE_SOL_2025_0105_RAMP_UP,WND_GADAG,WND_G1_T01,8day,Medium-range planning outlook,ensemble scenario + analog days + climatology band,4.630,4.306,0.786,7.826,1.295,1.468,100.0,0.734,28.16,0.12,0,0,0,GOOD,GOOD,NORMAL,normal,NORMAL_LEARNING,NO_ACTION,Continue normal wind nowcast update.,OK
2025-01-05T09:40:00,09:40,ONLINE_SOL_2025_0105_RAMP_UP,WND_GADAG,WND_G1_T01,8day,Medium-range planning outlook,ensemble scenario + analog days + climatology band,4.661,4.350,0.830,7.870,1.245,1.486,100.0,0.743,28.16,0.12,0,0,0,GOOD,GOOD,NORMAL,normal,NORMAL_LEARNING,NO_ACTION,Continue normal wind nowcast update.,OK
2025-01-05T09:45:00,09:45,ONLINE_SOL_2025_0105_RAMP_UP,WND_GADAG,WND_G1_T01,8day,Medium-range planning outlook,ensemble scenario + analog days + climatology band,4.691,4.393,0.873,7.913,1.192,1.501,100.0,0.751,28.16,0.12,0,0,0,GOOD,GOOD,NORMAL,normal,NORMAL_LEARNING,NO_ACTION,Continue normal wind nowcast update.,OK
2025-01-05T09:50:00,09:50,ONLINE_SOL_2025_0105_RAMP_UP,WND_GADAG,WND_G1_T01,8day,Medium-range planning outlook,ensemble scenario + analog days + climatology band,4.719,4.434,0.914,7.955,1.14,1.514,100.0,0.757,28.16,0.12,0,0,0,GOOD,GOOD,NORMAL,normal,NORMAL_LEARNING,NO_ACTION,Continue normal wind nowcast update.,OK
2025-01-05T09:55:00,09:55,ONLINE_SOL_2025_0105_RAMP_UP,WND_GADAG,WND_G1_T01,8day,Medium-range planning outlook,ensemble scenario + analog days + climatology band,4.746,4.474,0.954,7.994,1.087,1.525,100.0,0.763,28.16,0.12,0,0,0,GOOD,GOOD,NORMAL,normal,NORMAL_LEARNING,NO_ACTION,Continue normal wind nowcast update.,OK
2025-01-05T10:00:00,10:00,ONLINE_SOL_2025_0105_RAMP_UP,WND_GADAG,WND_G1_T01,8day,Medium-range planning outlook,ensemble scenario + analog days + climatology band,4.772,4.513,0.993,8.033,1.037,1.534,100.0,0.767,28.16,0.12,0,0,0,GOOD,GOOD,NORMAL,normal,NORMAL_LEARNING,NO_ACTION,Continue normal wind nowcast update.,OK
2025-01-05T10:05:00,10:05,ONLINE_SOL_2025_0105_RAMP_UP,WND_GADAG,WND_G1_T01,8day,Medium-range planning outlook,ensemble scenario + analog days + climatology band,4.797,4.550,1.030,8.069,0.989,1.541,100.0,0.771,28.16,0.12,0,0,0,GOOD,GOOD,NORMAL,normal,NORMAL_LEARNING,NO_ACTION,Continue normal wind nowcast update.,OK
2025-01-05T10:10:00,10:10,ONLINE_SOL_2025_0105_RAMP_UP,WND_GADAG,WND_G1_T01,8day,Medium-range planning outlook,ensemble scenario + analog days + climatology band,4.821,4.585,1.065,8.105,0.946,1.547,100.0,0.773,28.16,0.12,0,0,0,GOOD,GOOD,NORMAL,normal,NORMAL_LEARNING,NO_ACTION,Continue normal wind nowcast update.,OK
2025-01-05T10:15:00,10:15,ONLINE_SOL_2025_0105_RAMP_UP,WND_GADAG,WND_G1_T01,8day,Medium-range planning outlook,ensemble scenario + analog days + climatology band,4.846,4.619,1.099,8.139,0.908,1.551,100.0,0.776,28.16,0.12,0,0,0,GOOD,GOOD,NORMAL,normal,NORMAL_LEARNING,NO_ACTION,Continue normal wind nowcast update.,OK
2025-01-05T10:20:00,10:20,ONLINE_SOL_2025_0105_RAMP_UP,WND_GADAG,WND_G1_T01,8day,Medium-range planning outlook,ensemble scenario + analog days + climatology band,4.870,4.651,1.131,8.171,0.876,1.554,100.0,0.777,28.16,0.12,0,0,0,GOOD,GOOD,NORMAL,normal,NORMAL_LEARNING,NO_ACTION,Continue normal wind nowcast update.,OK
2025-01-05T10:25:00,10:25,ONLINE_SOL_2025_0105_RAMP_UP,WND_GADAG,WND_G1_T01,8day,Medium-range planning outlook,ensemble scenario + analog days + climatology band,4.894,4.681,1.161,8.201,0.852,1.556,100.0,0.778,28.16,0.12,0,0,0,GOOD,GOOD,NORMAL,normal,NORMAL_LEARNING,NO_ACTION,Continue normal wind nowcast update.,OK
2025-01-05T10:30:00,10:30,ONLINE_SOL_2025_0105_RAMP_UP,WND_GADAG,WND_G1_T01,8day,Medium-range planning outlook,ensemble scenario + analog days + climatology band,4.920,4.711,1.191,8.231,0.835,1.558,100.0,0.779,28.16,0.12,0,0,0,GOOD,GOOD,NORMAL,normal,NORMAL_LEARNING,NO_ACTION,Continue normal wind nowcast update.,OK
2025-01-05T10:35:00,10:35,ONLINE_SOL_2025_0105_RAMP_UP,WND_GADAG,WND_G1_T01,8day,Medium-range planning outlook,ensemble scenario + analog days + climatology band,4.945,4.739,1.218,8.258,0.828,1.56,100.0,0.78,28.16,0.12,0,0,0,GOOD,GOOD,NORMAL,normal,NORMAL_LEARNING,NO_ACTION,Continue normal wind nowcast update.,OK
2025-01-05T10:40:00,10:40,ONLINE_SOL_2025_0105_RAMP_UP,WND_GADAG,WND_G1_T01,8day,Medium-range planning outlook,ensemble scenario + analog days + climatology band,4.972,4.764,1.244,8.284,0.829,1.561,100.0,0.781,28.16,0.12,0,0,0,GOOD,GOOD,NORMAL,normal,NORMAL_LEARNING,NO_ACTION,Continue normal wind nowcast update.,OK
2025-01-05T10:45:00,10:45,ONLINE_SOL_2025_0105_RAMP_UP,WND_GADAG,WND_G1_T01,8day,Medium-range planning outlook,ensemble scenario + analog days + climatology band,4.999,4.789,1.269,8.309,0.839,1.563,100.0,0.781,28.16,0.12,0,0,0,GOOD,GOOD,NORMAL,normal,NORMAL_LEARNING,NO_ACTION,Continue normal wind nowcast update.,OK
2025-01-05T10:50:00,10:50,ONLINE_SOL_2025_0105_RAMP_UP,WND_GADAG,WND_G1_T01,8day,Medium-range planning outlook,ensemble scenario + analog days + climatology band,5.027,4.812,1.292,8.332,0.859,1.565,100.0,0.782,28.16,0.12,0,0,0,GOOD,GOOD,NORMAL,normal,NORMAL_LEARNING,NO_ACTION,Continue normal wind nowcast update.,OK
2025-01-05T10:55:00,10:55,ONLINE_SOL_2025_0105_RAMP_UP,WND_GADAG,WND_G1_T01,8day,Medium-range planning outlook,ensemble scenario + analog days + climatology band,5.055,4.833,1.313,8.353,0.887,1.568,100.0,0.784,28.16,0.12,0,0,0,GOOD,GOOD,NORMAL,normal,NORMAL_LEARNING,NO_ACTION,Continue normal wind nowcast update.,OK
2025-01-05T11:00:00,11:00,ONLINE_SOL_2025_0105_RAMP_UP,WND_GADAG,WND_G1_T01,8day,Medium-range planning outlook,ensemble scenario + analog days + climatology band,5.084,4.853,1.333,8.373,0.924,1.572,100.0,0.786,28.16,0.12,0,0,0,GOOD,GOOD,NORMAL,normal,NORMAL_LEARNING,NO_ACTION,Continue normal wind nowcast update.,OK
2025-01-05T11:05:00,11:05,ONLINE_SOL_2025_0105_RAMP_UP,WND_GADAG,WND_G1_T01,8day,Medium-range planning outlook,ensemble scenario + analog days + climatology band,5.114,4.872,1.351,8.392,0.97,1.577,100.0,0.788,28.16,0.12,0,0,0,GOOD,GOOD,NORMAL,normal,NORMAL_LEARNING,NO_ACTION,Continue normal wind nowcast update.,OK
2025-01-05T11:10:00,11:10,ONLINE_SOL_2025_0105_RAMP_UP,WND_GADAG,WND_G1_T01,8day,Medium-range planning outlook,ensemble scenario + analog days + climatology band,5.144,4.888,1.368,8.408,1.023,1.583,100.0,0.791,28.16,0.12,0,0,0,GOOD,GOOD,NORMAL,normal,NORMAL_LEARNING,NO_ACTION,Continue normal wind nowcast update.,OK
2025-01-05T11:15:00,11:15,ONLINE_SOL_2025_0105_RAMP_UP,WND_GADAG,WND_G1_T01,8day,Medium-range planning outlook,ensemble scenario + analog days + climatology band,5.174,4.903,1.383,8.423,1.082,1.59,100.0,0.795,28.16,0.12,0,0,0,GOOD,GOOD,NORMAL,normal,NORMAL_LEARNING,NO_ACTION,Continue normal wind nowcast update.,OK
2025-01-05T11:20:00,11:20,ONLINE_SOL_2025_0105_RAMP_UP,WND_GADAG,WND_G1_T01,8day,Medium-range planning outlook,ensemble scenario + analog days + climatology band,5.204,4.917,1.397,8.437,1.147,1.6,100.0,0.8,28.16,0.12,0,0,0,GOOD,GOOD,NORMAL,normal,NORMAL_LEARNING,NO_ACTION,Continue normal wind nowcast update.,OK
2025-01-05T11:25:00,11:25,ONLINE_SOL_2025_0105_RAMP_UP,WND_GADAG,WND_G1_T01,8day,Medium-range planning outlook,ensemble scenario + analog days + climatology band,5.233,4.928,1.409,8.448,1.216,1.61,100.0,0.805,28.16,0.12,0,0,0,GOOD,GOOD,NORMAL,normal,NORMAL_LEARNING,NO_ACTION,Continue normal wind nowcast update.,OK
2025-01-05T11:30:00,11:30,ONLINE_SOL_2025_0105_RAMP_UP,WND_GADAG,WND_G1_T01,8day,Medium-range planning outlook,ensemble scenario + analog days + climatology band,5.261,4.939,1.419,8.459,1.289,1.623,100.0,0.811,28.16,0.12,0,0,0,GOOD,GOOD,NORMAL,normal,NORMAL_LEARNING,NO_ACTION,Continue normal wind nowcast update.,OK
2025-01-05T11:35:00,11:35,ONLINE_SOL_2025_0105_RAMP_UP,WND_GADAG,WND_G1_T01,8day,Medium-range planning outlook,ensemble scenario + analog days + climatology band,5.288,4.948,1.428,8.468,1.363,1.636,100.0,0.818,28.16,0.12,0,0,0,GOOD,GOOD,NORMAL,normal,NORMAL_LEARNING,NO_ACTION,Continue normal wind nowcast update.,OK
2025-01-05T11:40:00,11:40,ONLINE_SOL_2025_0105_RAMP_UP,WND_GADAG,WND_G1_T01,8day,Medium-range planning outlook,ensemble scenario + analog days + climatology band,5.314,4.955,1.435,8.475,1.438,1.652,100.0,0.826,28.16,0.12,0,0,0,GOOD,GOOD,NORMAL,normal,NORMAL_LEARNING,NO_ACTION,Continue normal wind nowcast update.,OK
2025-01-05T11:45:00,11:45,ONLINE_SOL_2025_0105_RAMP_UP,WND_GADAG,WND_G1_T01,8day,Medium-range planning outlook,ensemble scenario + analog days + climatology band,5.338,4.960,1.440,8.480,1.511,1.668,100.0,0.834,28.16,0.12,0,0,0,GOOD,GOOD,NORMAL,normal,NORMAL_LEARNING,NO_ACTION,Continue normal wind nowcast update.,OK
2025-01-05T11:50:00,11:50,ONLINE_SOL_2025_0105_RAMP_UP,WND_GADAG,WND_G1_T01,8day,Medium-range planning outlook,ensemble scenario + analog days + climatology band,5.360,4.965,1.444,8.485,1.583,1.686,100.0,0.843,28.16,0.12,0,0,0,GOOD,GOOD,NORMAL,normal,NORMAL_LEARNING,NO_ACTION,Continue normal wind nowcast update.,OK
2025-01-05T11:55:00,11:55,ONLINE_SOL_2025_0105_RAMP_UP,WND_GADAG,WND_G1_T01,8day,Medium-range planning outlook,ensemble scenario + analog days + climatology band,5.380,4.967,1.447,8.487,1.65,1.706,100.0,0.853,28.16,0.12,0,0,0,GOOD,GOOD,NORMAL,normal,NORMAL_LEARNING,NO_ACTION,Continue normal wind nowcast update.,OK
2025-01-05T12:00:00,12:00,ONLINE_SOL_2025_0105_RAMP_UP,WND_GADAG,WND_G1_T01,8day,Medium-range planning outlook,ensemble scenario + analog days + climatology band,5.396,4.968,1.448,8.488,1.713,1.726,100.0,0.863,28.16,0.12,0,0,0,GOOD,GOOD,NORMAL,normal,NORMAL_LEARNING,NO_ACTION,Continue normal wind nowcast update.,OK
2025-01-05T12:05:00,12:05,ONLINE_SOL_2025_0105_RAMP_UP,WND_GADAG,WND_G1_T01,8day,Medium-range planning outlook,ensemble scenario + analog days + climatology band,5.409,4.967,1.447,8.487,1.77,1.747,100.0,0.873,28.16,0.12,0,0,0,GOOD,GOOD,NORMAL,normal,NORMAL_LEARNING,NO_ACTION,Continue normal wind nowcast update.,OK
2025-01-05T12:10:00,12:10,ONLINE_SOL_2025_0105_RAMP_UP,WND_GADAG,WND_G1_T01,8day,Medium-range planning outlook,ensemble scenario + analog days + climatology band,5.419,4.965,1.444,8.485,1.819,1.769,100.0,0.884,28.16,0.12,0,0,0,GOOD,GOOD,NORMAL,normal,NORMAL_LEARNING,NO_ACTION,Continue normal wind nowcast update.,OK
2025-01-05T12:15:00,12:15,ONLINE_SOL_2025_0105_RAMP_UP,WND_GADAG,WND_G1_T01,8day,Medium-range planning outlook,ensemble scenario + analog days + climatology band,5.426,4.960,1.440,8.480,1.86,1.791,100.0,0.895,28.16,0.12,0,0,0,GOOD,GOOD,NORMAL,normal,NORMAL_LEARNING,NO_ACTION,Continue normal wind nowcast update.,OK
2025-01-05T12:20:00,12:20,ONLINE_SOL_2025_0105_RAMP_UP,WND_GADAG,WND_G1_T01,8day,Medium-range planning outlook,ensemble scenario + analog days + climatology band,5.428,4.955,1.435,8.475,1.892,1.813,100.0,0.907,28.16,0.12,0,0,0,GOOD,GOOD,NORMAL,normal,NORMAL_LEARNING,NO_ACTION,Continue normal wind nowcast update.,OK
2025-01-05T12:25:00,12:25,ONLINE_SOL_2025_0105_RAMP_UP,WND_GADAG,WND_G1_T01,8day,Medium-range planning outlook,ensemble scenario + analog days + climatology band,5.426,4.948,1.428,8.468,1.914,1.836,100.0,0.918,28.16,0.12,0,0,0,GOOD,GOOD,NORMAL,normal,NORMAL_LEARNING,NO_ACTION,Continue normal wind nowcast update.,OK
2025-01-05T12:30:00,12:30,ONLINE_SOL_2025_0105_RAMP_UP,WND_GADAG,WND_G1_T01,8day,Medium-range planning outlook,ensemble scenario + analog days + climatology band,5.420,4.939,1.419,8.459,1.927,1.858,100.0,0.929,28.16,0.12,0,0,0,GOOD,GOOD,NORMAL,normal,NORMAL_LEARNING,NO_ACTION,Continue normal wind nowcast update.,OK
2025-01-05T12:35:00,12:35,ONLINE_SOL_2025_0105_RAMP_UP,WND_GADAG,WND_G1_T01,8day,Medium-range planning outlook,ensemble scenario + analog days + climatology band,5.411,4.928,1.409,8.448,1.929,1.88,100.0,0.94,28.16,0.12,0,0,0,GOOD,GOOD,NORMAL,normal,NORMAL_LEARNING,NO_ACTION,Continue normal wind nowcast update.,OK
2025-01-05T12:40:00,12:40,ONLINE_SOL_2025_0105_RAMP_UP,WND_GADAG,WND_G1_T01,8day,Medium-range planning outlook,ensemble scenario + analog days + climatology band,5.397,4.917,1.397,8.437,1.92,1.901,100.0,0.95,28.16,0.12,0,0,0,GOOD,GOOD,NORMAL,normal,NORMAL_LEARNING,NO_ACTION,Continue normal wind nowcast update.,OK
2025-01-05T12:45:00,12:45,ONLINE_SOL_2025_0105_RAMP_UP,WND_GADAG,WND_G1_T01,8day,Medium-range planning outlook,ensemble scenario + analog days + climatology band,5.378,4.903,1.383,8.423,1.901,1.921,100.0,0.96,28.16,0.12,0,0,0,GOOD,GOOD,NORMAL,normal,NORMAL_LEARNING,NO_ACTION,Continue normal wind nowcast update.,OK
2025-01-05T12:50:00,12:50,ONLINE_SOL_2025_0105_RAMP_UP,WND_GADAG,WND_G1_T01,8day,Medium-range planning outlook,ensemble scenario + analog days + climatology band,5.356,4.888,1.368,8.408,1.873,1.94,100.0,0.97,28.16,0.12,0,0,0,GOOD,GOOD,NORMAL,normal,NORMAL_LEARNING,NO_ACTION,Continue normal wind nowcast update.,OK
2025-01-05T12:55:00,12:55,ONLINE_SOL_2025_0105_RAMP_UP,WND_GADAG,WND_G1_T01,8day,Medium-range planning outlook,ensemble scenario + analog days + climatology band,5.330,4.872,1.351,8.392,1.835,1.958,100.0,0.979,28.16,0.12,0,0,0,GOOD,GOOD,NORMAL,normal,NORMAL_LEARNING,NO_ACTION,Continue normal wind nowcast update.,OK
2025-01-05T13:00:00,13:00,ONLINE_SOL_2025_0105_RAMP_UP,WND_GADAG,WND_G1_T01,8day,Medium-range planning outlook,ensemble scenario + analog days + climatology band,5.300,4.853,1.333,8.373,1.788,1.995,100.0,0.998,28.16,0.1201,0,0,0,GOOD,GOOD,NORMAL,normal,NORMAL_LEARNING,NO_ACTION,Continue normal wind nowcast update.,OK
2025-01-05T13:05:00,13:05,ONLINE_SOL_2025_0105_RAMP_UP,WND_GADAG,WND_G1_T01,8day,Medium-range planning outlook,ensemble scenario + analog days + climatology band,5.267,4.833,1.313,8.353,1.733,2.031,100.0,1.015,28.16,0.1201,0,0,0,GOOD,GOOD,NORMAL,normal,NORMAL_LEARNING,NO_ACTION,Continue normal wind nowcast update.,OK
2025-01-05T13:10:00,13:10,ONLINE_SOL_2025_0105_RAMP_UP,WND_GADAG,WND_G1_T01,8day,Medium-range planning outlook,ensemble scenario + analog days + climatology band,5.230,4.812,1.292,8.332,1.672,2.064,100.0,1.032,28.16,0.1201,0,0,0,GOOD,GOOD,NORMAL,normal,NORMAL_LEARNING,NO_ACTION,Continue normal wind nowcast update.,OK
2025-01-05T13:15:00,13:15,ONLINE_SOL_2025_0105_RAMP_UP,WND_GADAG,WND_G1_T01,8day,Medium-range planning outlook,ensemble scenario + analog days + climatology band,5.190,4.789,1.269,8.309,1.605,2.095,100.0,1.048,28.16,0.1202,0,0,0,GOOD,GOOD,NORMAL,normal,NORMAL_LEARNING,NO_ACTION,Continue normal wind nowcast update.,OK
2025-01-05T13:20:00,13:20,ONLINE_SOL_2025_0105_RAMP_UP,WND_GADAG,WND_G1_T01,8day,Medium-range planning outlook,ensemble scenario + analog days + climatology band,5.148,4.764,1.244,8.284,1.533,2.124,100.0,1.062,28.16,0.1203,0,0,0,GOOD,GOOD,NORMAL,normal,NORMAL_LEARNING,NO_ACTION,Continue normal wind nowcast update.,OK
2025-01-05T13:25:00,13:25,ONLINE_SOL_2025_0105_RAMP_UP,WND_GADAG,WND_G1_T01,8day,Medium-range planning outlook,ensemble scenario + analog days + climatology band,5.103,4.739,1.218,8.258,1.458,2.151,100.0,1.075,28.16,0.1204,0,0,0,GOOD,GOOD,NORMAL,normal,NORMAL_LEARNING,NO_ACTION,Continue normal wind nowcast update.,OK
2025-01-05T13:30:00,13:30,ONLINE_SOL_2025_0105_RAMP_UP,WND_GADAG,WND_G1_T01,8day,Medium-range planning outlook,ensemble scenario + analog days + climatology band,5.056,4.711,1.191,8.231,1.381,2.175,100.0,1.088,28.16,0.1206,0,0,0,GOOD,GOOD,NORMAL,normal,NORMAL_LEARNING,NO_ACTION,Continue normal wind nowcast update.,OK
2025-01-05T13:35:00,13:35,ONLINE_SOL_2025_0105_RAMP_UP,WND_GADAG,WND_G1_T01,8day,Medium-range planning outlook,ensemble scenario + analog days + climatology band,5.008,4.682,1.162,8.202,1.304,2.198,100.0,1.099,28.16,0.1209,0,0,0,GOOD,GOOD,NORMAL,normal,NORMAL_LEARNING,NO_ACTION,Continue normal wind nowcast update.,OK
2025-01-05T13:40:00,13:40,ONLINE_SOL_2025_0105_RAMP_UP,WND_GADAG,WND_G1_T01,8day,Medium-range planning outlook,ensemble scenario + analog days + climatology band,4.958,4.651,1.131,8.171,1.227,2.218,100.0,1.109,28.16,0.1213,0,0,0,GOOD,GOOD,NORMAL,normal,NORMAL_LEARNING,NO_ACTION,Continue normal wind nowcast update.,OK
2025-01-05T13:45:00,13:45,ONLINE_SOL_2025_0105_RAMP_UP,WND_GADAG,WND_G1_T01,8day,Medium-range planning outlook,ensemble scenario + analog days + climatology band,4.907,4.619,1.099,8.139,1.151,2.237,100.0,1.118,28.16,0.122,0,0,0,GOOD,GOOD,NORMAL,normal,NORMAL_LEARNING,NO_ACTION,Continue normal wind nowcast update.,OK
2025-01-05T13:50:00,13:50,ONLINE_SOL_2025_0105_RAMP_UP,WND_GADAG,WND_G1_T01,8day,Medium-range planning outlook,ensemble scenario + analog days + climatology band,4.856,4.586,1.066,8.106,1.079,2.254,100.0,1.127,28.16,0.1229,0,0,0,GOOD,GOOD,NORMAL,normal,NORMAL_LEARNING,NO_ACTION,Continue normal wind nowcast update.,OK
2025-01-05T13:55:00,13:55,ONLINE_SOL_2025_0105_RAMP_UP,WND_GADAG,WND_G1_T01,8day,Medium-range planning outlook,ensemble scenario + analog days + climatology band,4.803,4.551,1.031,8.071,1.01,2.269,100.0,1.134,28.16,0.1244,0,0,0,GOOD,GOOD,NORMAL,normal,NORMAL_LEARNING,NO_ACTION,Continue normal wind nowcast update.,OK
2025-01-05T14:00:00,14:00,ONLINE_SOL_2025_0105_RAMP_UP,WND_GADAG,WND_G1_T01,8day,Medium-range planning outlook,ensemble scenario + analog days + climatology band,4.752,4.515,0.995,8.035,0.945,2.282,100.0,1.141,28.16,0.1265,0,0,0,GOOD,GOOD,NORMAL,normal,NORMAL_LEARNING,NO_ACTION,Continue normal wind nowcast update.,OK
2025-01-05T14:05:00,14:05,ONLINE_SOL_2025_0105_RAMP_UP,WND_GADAG,WND_G1_T01,8day,Medium-range planning outlook,ensemble scenario + analog days + climatology band,4.699,4.478,0.958,7.998,0.885,2.294,100.0,1.147,28.16,0.1297,0,0,0,GOOD,GOOD,NORMAL,normal,NORMAL_LEARNING,NO_ACTION,Continue normal wind nowcast update.,OK
2025-01-05T14:10:00,14:10,ONLINE_SOL_2025_0105_RAMP_UP,WND_GADAG,WND_G1_T01,8day,Medium-range planning outlook,ensemble scenario + analog days + climatology band,4.648,4.441,0.921,7.961,0.828,2.305,100.0,1.153,28.16,0.1344,0,0,0,GOOD,GOOD,NORMAL,normal,NORMAL_LEARNING,NO_ACTION,Continue normal wind nowcast update.,OK
2025-01-05T14:15:00,14:15,ONLINE_SOL_2025_0105_RAMP_UP,WND_GADAG,WND_G1_T01,8day,Medium-range planning outlook,ensemble scenario + analog days + climatology band,4.596,4.403,0.883,7.923,0.775,2.315,100.0,1.158,28.16,0.1413,0,0,0,GOOD,GOOD,NORMAL,normal,NORMAL_LEARNING,NO_ACTION,Continue normal wind nowcast update.,OK
2025-01-05T14:20:00,14:20,ONLINE_SOL_2025_0105_RAMP_UP,WND_GADAG,WND_G1_T01,8day,Medium-range planning outlook,ensemble scenario + analog days + climatology band,4.546,4.365,0.846,7.886,0.722,2.324,100.0,1.162,28.16,0.1513,0,0,0,GOOD,GOOD,NORMAL,normal,NORMAL_LEARNING,NO_ACTION,Continue normal wind nowcast update.,OK
2025-01-05T14:25:00,14:25,ONLINE_SOL_2025_0105_RAMP_UP,WND_GADAG,WND_G1_T01,8day,Medium-range planning outlook,ensemble scenario + analog days + climatology band,4.496,4.330,0.809,7.849,0.666,2.331,100.0,1.165,28.16,0.1659,0,0,0,GOOD,GOOD,NORMAL,normal,NORMAL_LEARNING,NO_ACTION,Continue normal wind nowcast update.,OK
2025-01-05T14:30:00,14:30,ONLINE_SOL_2025_0105_RAMP_UP,WND_GADAG,WND_G1_T01,8day,Medium-range planning outlook,ensemble scenario + analog days + climatology band,4.447,4.296,0.776,7.816,0.602,2.337,100.0,1.168,28.16,0.1865,0,0,0,GOOD,GOOD,NORMAL,normal,NORMAL_LEARNING,NO_ACTION,Continue normal wind nowcast update.,OK
2025-01-05T14:35:00,14:35,ONLINE_SOL_2025_0105_RAMP_UP,WND_GADAG,WND_G1_T01,8day,Medium-range planning outlook,ensemble scenario + analog days + climatology band,4.399,4.269,0.749,7.789,0.518,2.341,100.0,1.17,28.16,0.2154,0,0,0,GOOD,GOOD,NORMAL,normal,NORMAL_LEARNING,NO_ACTION,Continue normal wind nowcast update.,OK
2025-01-05T14:40:00,14:40,ONLINE_SOL_2025_0105_RAMP_UP,WND_GADAG,WND_G1_T01,8day,Medium-range planning outlook,ensemble scenario + analog days + climatology band,4.352,4.251,0.731,7.771,0.403,2.342,100.0,1.171,28.16,0.2544,0,0,0,GOOD,GOOD,NORMAL,normal,NORMAL_LEARNING,NO_ACTION,Continue normal wind nowcast update.,OK
2025-01-05T14:45:00,14:45,ONLINE_SOL_2025_0105_RAMP_UP,WND_GADAG,WND_G1_T01,8day,Medium-range planning outlook,ensemble scenario + analog days + climatology band,4.306,4.247,0.728,7.768,0.233,2.34,100.0,1.17,28.16,0.3052,0,0,0,GOOD,GOOD,NORMAL,normal,NORMAL_LEARNING,NO_ACTION,Continue normal wind nowcast update.,OK
2025-01-05T14:50:00,14:50,ONLINE_SOL_2025_0105_RAMP_UP,WND_GADAG,WND_G1_T01,8day,Medium-range planning outlook,ensemble scenario + analog days + climatology band,4.261,4.266,0.746,7.786,-0.019,2.333,100.0,1.166,28.16,0.368,0,0,0,GOOD,GOOD,NORMAL,normal,NORMAL_LEARNING,NO_ACTION,Continue normal wind nowcast update.,OK
2025-01-05T14:55:00,14:55,ONLINE_SOL_2025_0105_RAMP_UP,WND_GADAG,WND_G1_T01,8day,Medium-range planning outlook,ensemble scenario + analog days + climatology band,4.219,4.317,0.797,7.838,-0.395,2.333,100.0,1.158,28.16,0.441,0,0,0,GOOD,GOOD,NORMAL,normal,NORMAL_LEARNING,NO_ACTION,Continue normal wind nowcast update.,OK
2025-01-05T15:00:00,15:00,ONLINE_SOL_2025_0105_RAMP_UP,WND_GADAG,WND_G1_T01,8day,Medium-range planning outlook,ensemble scenario + analog days + climatology band,4.179,4.415,0.895,7.935,-0.945,2.344,100.0,1.144,28.16,0.52,0,0,55,GOOD,GOOD,NORMAL,normal,NORMAL_LEARNING,NO_ACTION,Continue normal wind nowcast update.,OK
2025-01-05T15:05:00,15:05,ONLINE_SOL_2025_0105_RAMP_UP,WND_GADAG,WND_G1_T01,8day,Medium-range planning outlook,ensemble scenario + analog days + climatology band,4.143,4.574,1.054,8.095,-1.725,2.371,100.0,1.121,28.16,0.599,0,0,55,GOOD,GOOD,NORMAL,normal,NORMAL_LEARNING,NO_ACTION,Continue normal wind nowcast update.,OK
2025-01-05T15:10:00,15:10,ONLINE_SOL_2025_0105_RAMP_UP,WND_GADAG,WND_G1_T01,8day,Medium-range planning outlook,ensemble scenario + analog days + climatology band,4.114,4.808,1.288,8.328,-2.777,2.419,100.0,1.087,28.16,0.672,25,0,55,GOOD,GOOD,NORMAL,normal,WIND_RAMP_LEARNED,STEEP_ADJUST,Adjusting wind persistence weights.,WATCH
2025-01-05T15:15:00,15:15,ONLINE_SOL_2025_0105_RAMP_UP,WND_GADAG,WND_G1_T01,8day,Medium-range planning outlook,ensemble scenario + analog days + climatology band,4.093,5.119,1.599,8.639,-4.102,2.494,100.0,1.039,28.16,0.7348,20,0,55,GOOD,GOOD,NORMAL,normal,WIND_RAMP_LEARNED,STEEP_ADJUST,Adjusting wind persistence weights.,WATCH
2025-01-05T15:20:00,15:20,ONLINE_SOL_2025_0105_RAMP_UP,WND_GADAG,WND_G1_T01,8day,Medium-range planning outlook,ensemble scenario + analog days + climatology band,4.088,5.494,0.390,10.598,-5.626,2.599,100.0,0.975,40.832,0.7856,15,35,55,GOOD,GOOD,ANOMALOUS,weather,WIND_RAMP_LEARNED,STEEP_ADJUST,Adjusting wind persistence weights.,WATCH
2025-01-05T15:25:00,15:25,ONLINE_SOL_2025_0105_RAMP_UP,WND_GADAG,WND_G1_T01,8day,Medium-range planning outlook,ensemble scenario + analog days + climatology band,4.103,5.899,0.794,11.002,-7.183,2.736,100.0,0.894,40.832,0.8246,10,35,55,GOOD,GOOD,ANOMALOUS,weather,WIND_RAMP_LEARNED,STEEP_ADJUST,Adjusting wind persistence weights.,WATCH
2025-01-05T15:30:00,15:30,ONLINE_SOL_2025_0105_RAMP_UP,WND_GADAG,WND_G1_T01,8day,Medium-range planning outlook,ensemble scenario + analog days + climatology band,4.149,6.284,1.180,11.388,-8.539,2.9,100.0,0.798,40.832,0.8535,5,35,55,GOOD,GOOD,ANOMALOUS,weather,WIND_RAMP_LEARNED,STEEP_ADJUST,Adjusting wind persistence weights.,WATCH
2025-01-05T15:35:00,15:35,ONLINE_SOL_2025_0105_RAMP_UP,WND_GADAG,WND_G1_T01,8day,Medium-range planning outlook,ensemble scenario + analog days + climatology band,4.240,6.606,1.502,11.710,-9.463,3.083,100.0,0.692,40.832,0.8741,0,35,82,GOOD,GOOD,ANOMALOUS,weather,WIND_RAMP_LEARNED,STEEP_ADJUST,Adjusting wind persistence weights.,WATCH
2025-01-05T15:40:00,15:40,ONLINE_SOL_2025_0105_RAMP_UP,WND_GADAG,WND_G1_T01,8day,Medium-range planning outlook,ensemble scenario + analog days + climatology band,4.388,6.836,1.732,11.940,-9.793,3.27,100.0,0.582,40.832,0.8887,0,35,82,GOOD,GOOD,ANOMALOUS,weather,WIND_RAMP_LEARNED,STEEP_ADJUST,Adjusting wind persistence weights.,WATCH
2025-01-05T15:45:00,15:45,ONLINE_SOL_2025_0105_RAMP_UP,WND_GADAG,WND_G1_T01,8day,Medium-range planning outlook,ensemble scenario + analog days + climatology band,4.605,6.971,1.867,12.075,-9.463,3.45,100.0,0.474,40.832,0.8987,0,35,82,GOOD,GOOD,ANOMALOUS,weather,WIND_RAMP_LEARNED,STEEP_ADJUST,Adjusting wind persistence weights.,WATCH
2025-01-05T15:50:00,15:50,ONLINE_SOL_2025_0105_RAMP_UP,WND_GADAG,WND_G1_T01,8day,Medium-range planning outlook,ensemble scenario + analog days + climatology band,4.894,7.021,1.917,12.125,-8.506,3.608,100.0,0.376,40.832,0.9056,0,35,82,GOOD,GOOD,ANOMALOUS,weather,WIND_RAMP_LEARNED,STEEP_ADJUST,Adjusting wind persistence weights.,WATCH
2025-01-05T15:55:00,15:55,ONLINE_SOL_2025_0105_RAMP_UP,WND_GADAG,WND_G1_T01,8day,Medium-range planning outlook,ensemble scenario + analog days + climatology band,5.242,7.004,1.900,12.108,-7.052,3.735,100.0,0.293,40.832,0.9103,0,35,82,GOOD,GOOD,ANOMALOUS,weather,WIND_RAMP_LEARNED,STEEP_ADJUST,Adjusting wind persistence weights.,WATCH
2025-01-05T16:00:00,16:00,ONLINE_SOL_2025_0105_RAMP_UP,WND_GADAG,WND_G1_T01,8day,Medium-range planning outlook,ensemble scenario + analog days + climatology band,5.612,6.939,1.835,12.043,-5.306,3.824,100.0,0.227,40.832,0.9135,0,35,82,GOOD,GOOD,ANOMALOUS,weather,WIND_RAMP_LEARNED,STEEP_ADJUST,Adjusting wind persistence weights.,WATCH
2025-01-05T16:05:00,16:05,ONLINE_SOL_2025_0105_RAMP_UP,WND_GADAG,WND_G1_T01,8day,Medium-range planning outlook,ensemble scenario + analog days + climatology band,5.959,6.838,1.734,11.942,-3.516,3.874,100.0,0.179,40.832,0.9156,0,35,82,GOOD,GOOD,ANOMALOUS,weather,WIND_RAMP_LEARNED,STEEP_ADJUST,Adjusting wind persistence weights.,WATCH
2025-01-05T16:10:00,16:10,ONLINE_SOL_2025_0105_RAMP_UP,WND_GADAG,WND_G1_T01,8day,Medium-range planning outlook,ensemble scenario + analog days + climatology band,6.239,6.713,1.609,11.818,-1.896,3.889,100.0,0.147,40.832,0.9171,0,35,82,GOOD,GOOD,ANOMALOUS,weather,WIND_RAMP_LEARNED,STEEP_ADJUST,Adjusting wind persistence weights.,WATCH
2025-01-05T16:15:00,16:15,ONLINE_SOL_2025_0105_RAMP_UP,WND_GADAG,WND_G1_T01,8day,Medium-range planning outlook,ensemble scenario + analog days + climatology band,6.428,6.572,1.468,11.677,-0.58,3.876,100.0,0.128,40.832,0.918,0,35,82,GOOD,GOOD,ANOMALOUS,weather,WIND_RAMP_LEARNED,STEEP_ADJUST,Adjusting wind persistence weights.,WATCH
2025-01-05T16:20:00,16:20,ONLINE_SOL_2025_0105_RAMP_UP,WND_GADAG,WND_G1_T01,8day,Medium-range planning outlook,ensemble scenario + analog days + climatology band,6.520,6.420,1.316,11.524,0.398,3.857,100.0,0.119,40.832,0.9187,0,35,82,GOOD,GOOD,ANOMALOUS,weather,WIND_RAMP_LEARNED,STEEP_ADJUST,Adjusting wind persistence weights.,WATCH
2025-01-05T16:25:00,16:25,ONLINE_SOL_2025_0105_RAMP_UP,WND_GADAG,WND_G1_T01,8day,Medium-range planning outlook,ensemble scenario + analog days + climatology band,6.527,6.260,1.155,11.364,1.07,3.852,100.0,0.116,40.832,0.9191,0,35,82,GOOD,GOOD,ANOMALOUS,weather,WIND_RAMP_LEARNED,STEEP_ADJUST,Adjusting wind persistence weights.,WATCH
2025-01-05T16:30:00,16:30,ONLINE_SOL_2025_0105_RAMP_UP,WND_GADAG,WND_G1_T01,8day,Medium-range planning outlook,ensemble scenario + analog days + climatology band,6.467,6.093,0.989,11.197,1.497,3.854,100.0,0.117,40.832,0.9194,0,35,82,GOOD,GOOD,ANOMALOUS,weather,WIND_RAMP_LEARNED,STEEP_ADJUST,Adjusting wind persistence weights.,WATCH
2025-01-05T16:35:00,16:35,ONLINE_SOL_2025_0105_RAMP_UP,WND_GADAG,WND_G1_T01,8day,Medium-range planning outlook,ensemble scenario + analog days + climatology band,6.357,5.921,0.817,11.025,1.744,3.861,100.0,0.12,40.832,0.9196,0,35,82,GOOD,GOOD,ANOMALOUS,weather,WIND_RAMP_LEARNED,STEEP_ADJUST,Adjusting wind persistence weights.,WATCH
2025-01-05T16:40:00,16:40,ONLINE_SOL_2025_0105_RAMP_UP,WND_GADAG,WND_G1_T01,8day,Medium-range planning outlook,ensemble scenario + analog days + climatology band,6.212,5.746,0.642,10.850,1.863,3.869,100.0,0.125,40.832,0.9197,0,35,82,GOOD,GOOD,ANOMALOUS,weather,WIND_RAMP_LEARNED,STEEP_ADJUST,Adjusting wind persistence weights.,WATCH
2025-01-05T16:45:00,16:45,ONLINE_SOL_2025_0105_RAMP_UP,WND_GADAG,WND_G1_T01,8day,Medium-range planning outlook,ensemble scenario + analog days + climatology band,6.042,5.567,0.464,10.671,1.896,3.878,100.0,0.129,40.832,0.9198,0,35,82,GOOD,GOOD,ANOMALOUS,weather,WIND_RAMP_LEARNED,STEEP_ADJUST,Adjusting wind persistence weights.,WATCH
2025-01-05T16:50:00,16:50,ONLINE_SOL_2025_0105_RAMP_UP,WND_GADAG,WND_G1_T01,8day,Medium-range planning outlook,ensemble scenario + analog days + climatology band,5.854,5.386,0.282,10.490,1.871,3.886,100.0,0.133,40.832,0.9199,0,35,82,GOOD,GOOD,ANOMALOUS,weather,WIND_RAMP_LEARNED,STEEP_ADJUST,Adjusting wind persistence weights.,WATCH
2025-01-05T16:55:00,16:55,ONLINE_SOL_2025_0105_RAMP_UP,WND_GADAG,WND_G1_T01,8day,Medium-range planning outlook,ensemble scenario + analog days + climatology band,5.654,5.202,0.098,10.306,1.808,3.892,100.0,0.136,40.832,0.9199,0,35,82,GOOD,GOOD,ANOMALOUS,weather,WIND_RAMP_LEARNED,STEEP_ADJUST,Adjusting wind persistence weights.,WATCH
2025-01-05T17:00:00,17:00,ONLINE_SOL_2025_0105_RAMP_UP,WND_GADAG,WND_G1_T01,8day,Medium-range planning outlook,ensemble scenario + analog days + climatology band,5.445,5.015,0.000,10.119,1.72,3.897,100.0,0.138,40.477,0.9199,0,35,82,GOOD,GOOD,ANOMALOUS,weather,WIND_RAMP_LEARNED,STEEP_ADJUST,Adjusting wind persistence weights.,WATCH
2025-01-05T17:05:00,17:05,ONLINE_SOL_2025_0105_RAMP_UP,WND_GADAG,WND_G1_T01,8day,Medium-range planning outlook,ensemble scenario + analog days + climatology band,5.231,4.827,0.000,9.931,1.616,3.899,100.0,0.139,39.722,0.92,0,35,82,GOOD,GOOD,ANOMALOUS,weather,WIND_RAMP_LEARNED,STEEP_ADJUST,Adjusting wind persistence weights.,WATCH
2025-01-05T17:10:00,17:10,ONLINE_SOL_2025_0105_RAMP_UP,WND_GADAG,WND_G1_T01,8day,Medium-range planning outlook,ensemble scenario + analog days + climatology band,5.011,4.635,0.000,9.739,1.504,3.9,100.0,0.14,38.957,0.92,0,35,82,GOOD,GOOD,ANOMALOUS,weather,WIND_RAMP_LEARNED,STEEP_ADJUST,Adjusting wind persistence weights.,WATCH
2025-01-05T17:15:00,17:15,ONLINE_SOL_2025_0105_RAMP_UP,WND_GADAG,WND_G1_T01,8day,Medium-range planning outlook,ensemble scenario + analog days + climatology band,4.788,4.442,0.922,7.962,1.387,3.898,100.0,0.139,28.16,0.92,0,0,82,GOOD,GOOD,NORMAL,normal,NORMAL_LEARNING,NO_ACTION,Continue normal wind nowcast update.,OK
2025-01-05T17:20:00,17:20,ONLINE_SOL_2025_0105_RAMP_UP,WND_GADAG,WND_G1_T01,8day,Medium-range planning outlook,ensemble scenario + analog days + climatology band,4.564,4.247,0.727,7.766,1.269,3.895,100.0,0.137,28.16,0.92,0,0,82,GOOD,GOOD,NORMAL,normal,NORMAL_LEARNING,NO_ACTION,Continue normal wind nowcast update.,OK
2025-01-05T17:25:00,17:25,ONLINE_SOL_2025_0105_RAMP_UP,WND_GADAG,WND_G1_T01,8day,Medium-range planning outlook,ensemble scenario + analog days + climatology band,4.338,4.049,0.529,7.569,1.154,3.89,100.0,0.135,28.16,0.92,0,0,82,GOOD,GOOD,NORMAL,normal,NORMAL_LEARNING,NO_ACTION,Continue normal wind nowcast update.,OK
2025-01-05T17:30:00,17:30,ONLINE_SOL_2025_0105_RAMP_UP,WND_GADAG,WND_G1_T01,8day,Medium-range planning outlook,ensemble scenario + analog days + climatology band,4.110,3.850,0.330,7.370,1.042,3.884,100.0,0.132,28.16,0.92,0,0,82,GOOD,GOOD,NORMAL,normal,NORMAL_LEARNING,NO_ACTION,Continue normal wind nowcast update.,OK
2025-01-05T17:35:00,17:35,ONLINE_SOL_2025_0105_RAMP_UP,WND_GADAG,WND_G1_T01,8day,Medium-range planning outlook,ensemble scenario + analog days + climatology band,3.882,3.648,0.128,7.168,0.936,3.877,100.0,0.128,28.16,0.92,0,0,82,GOOD,GOOD,NORMAL,normal,NORMAL_LEARNING,NO_ACTION,Continue normal wind nowcast update.,OK
2025-01-05T17:40:00,17:40,ONLINE_SOL_2025_0105_RAMP_UP,WND_GADAG,WND_G1_T01,8day,Medium-range planning outlook,ensemble scenario + analog days + climatology band,3.654,3.445,0.000,6.965,0.836,3.868,100.0,0.124,27.861,0.92,0,0,82,GOOD,GOOD,NORMAL,normal,NORMAL_LEARNING,NO_ACTION,Continue normal wind nowcast update.,OK
2025-01-05T17:45:00,17:45,ONLINE_SOL_2025_0105_RAMP_UP,WND_GADAG,WND_G1_T01,8day,Medium-range planning outlook,ensemble scenario + analog days + climatology band,3.426,3.240,0.000,6.760,0.743,3.859,100.0,0.119,27.041,0.92,0,0,82,GOOD,GOOD,NORMAL,normal,NORMAL_LEARNING,NO_ACTION,Continue normal wind nowcast update.,OK
2025-01-05T17:50:00,17:50,ONLINE_SOL_2025_0105_RAMP_UP,WND_GADAG,WND_G1_T01,8day,Medium-range planning outlook,ensemble scenario + analog days + climatology band,3.199,3.034,0.000,6.554,0.659,3.849,100.0,0.114,26.215,0.92,0,0,82,GOOD,GOOD,NORMAL,normal,NORMAL_LEARNING,NO_ACTION,Continue normal wind nowcast update.,OK
2025-01-05T17:55:00,17:55,ONLINE_SOL_2025_0105_RAMP_UP,WND_GADAG,WND_G1_T01,8day,Medium-range planning outlook,ensemble scenario + analog days + climatology band,2.971,2.825,0.000,6.346,0.582,3.838,100.0,0.109,25.382,0.92,0,0,82,GOOD,GOOD,NORMAL,normal,NORMAL_LEARNING,NO_ACTION,Continue normal wind nowcast update.,OK
2025-01-05T18:00:00,18:00,ONLINE_SOL_2025_0105_RAMP_UP,WND_GADAG,WND_G1_T01,8day,Medium-range planning outlook,ensemble scenario + analog days + climatology band,2.744,2.616,0.000,6.136,0.514,3.827,100.0,0.104,24.543,0.92,0,0,82,GOOD,GOOD,NORMAL,normal,NORMAL_LEARNING,NO_ACTION,Continue normal wind nowcast update.,OK
2025-01-05T18:05:00,18:05,ONLINE_SOL_2025_0105_RAMP_UP,WND_GADAG,WND_G1_T01,8day,Medium-range planning outlook,ensemble scenario + analog days + climatology band,2.518,2.405,0.000,5.925,0.453,3.816,100.0,0.098,23.698,0.92,0,0,82,GOOD,GOOD,NORMAL,normal,NORMAL_LEARNING,NO_ACTION,Continue normal wind nowcast update.,OK
2025-01-05T18:10:00,18:10,ONLINE_SOL_2025_0105_RAMP_UP,WND_GADAG,WND_G1_T01,8day,Medium-range planning outlook,ensemble scenario + analog days + climatology band,2.291,2.192,0.000,5.712,0.399,3.805,100.0,0.092,22.847,0.92,0,0,82,GOOD,GOOD,NORMAL,normal,NORMAL_LEARNING,NO_ACTION,Continue normal wind nowcast update.,OK
2025-01-05T18:15:00,18:15,ONLINE_SOL_2025_0105_RAMP_UP,WND_GADAG,WND_G1_T01,8day,Medium-range planning outlook,ensemble scenario + analog days + climatology band,2.065,1.978,0.000,5.497,0.351,3.793,100.0,0.086,21.99,0.92,0,0,82,GOOD,GOOD,NORMAL,normal,NORMAL_LEARNING,NO_ACTION,Continue normal wind nowcast update.,OK
2025-01-05T18:20:00,18:20,ONLINE_SOL_2025_0105_RAMP_UP,WND_GADAG,WND_G1_T01,8day,Medium-range planning outlook,ensemble scenario + analog days + climatology band,1.839,1.762,0.000,5.282,0.308,3.781,100.0,0.081,21.128,0.92,0,0,82,GOOD,GOOD,NORMAL,normal,NORMAL_LEARNING,NO_ACTION,Continue normal wind nowcast update.,OK
2025-01-05T18:25:00,18:25,ONLINE_SOL_2025_0105_RAMP_UP,WND_GADAG,WND_G1_T01,8day,Medium-range planning outlook,ensemble scenario + analog days + climatology band,1.613,1.546,0.000,5.066,0.269,3.769,100.0,0.074,20.262,0.92,0,0,82,GOOD,GOOD,NORMAL,normal,NORMAL_LEARNING,NO_ACTION,Continue normal wind nowcast update.,OK
2025-01-05T18:30:00,18:30,ONLINE_SOL_2025_0105_RAMP_UP,WND_GADAG,WND_G1_T01,8day,Medium-range planning outlook,ensemble scenario + analog days + climatology band,1.386,1.327,0.000,4.848,0.233,3.756,100.0,0.068,19.39,0.92,0,0,82,GOOD,GOOD,NORMAL,normal,NORMAL_LEARNING,NO_ACTION,Continue normal wind nowcast update.,OK
2025-01-05T18:35:00,18:35,ONLINE_SOL_2025_0105_RAMP_UP,WND_GADAG,WND_G1_T01,8day,Medium-range planning outlook,ensemble scenario + analog days + climatology band,1.158,1.109,0.000,4.628,0.198,3.743,100.0,0.062,18.514,0.92,0,0,82,GOOD,GOOD,NORMAL,normal,NORMAL_LEARNING,NO_ACTION,Continue normal wind nowcast update.,OK
2025-01-05T18:40:00,18:40,ONLINE_SOL_2025_0105_RAMP_UP,WND_GADAG,WND_G1_T01,8day,Medium-range planning outlook,ensemble scenario + analog days + climatology band,0.929,0.889,0.000,4.409,0.163,3.729,100.0,0.055,17.635,0.92,0,0,82,GOOD,GOOD,NORMAL,normal,NORMAL_LEARNING,NO_ACTION,Continue normal wind nowcast update.,OK
2025-01-05T18:45:00,18:45,ONLINE_SOL_2025_0105_RAMP_UP,WND_GADAG,WND_G1_T01,8day,Medium-range planning outlook,ensemble scenario + analog days + climatology band,0.700,0.668,0.000,4.188,0.127,3.715,100.0,0.047,16.751,0.92,0,0,82,GOOD,GOOD,NORMAL,normal,NORMAL_LEARNING,NO_ACTION,Continue normal wind nowcast update.,OK
2025-01-05T18:50:00,18:50,ONLINE_SOL_2025_0105_RAMP_UP,WND_GADAG,WND_G1_T01,8day,Medium-range planning outlook,ensemble scenario + analog days + climatology band,0.468,0.446,0.000,3.966,0.089,3.699,100.0,0.039,15.864,0.92,0,0,82,GOOD,GOOD,NORMAL,normal,NORMAL_LEARNING,NO_ACTION,Continue normal wind nowcast update.,OK
2025-01-05T18:55:00,18:55,ONLINE_SOL_2025_0105_RAMP_UP,WND_GADAG,WND_G1_T01,8day,Medium-range planning outlook,ensemble scenario + analog days + climatology band,0.235,0.223,0.000,3.743,0.047,3.681,100.0,0.03,14.973,0.92,0,0,82,GOOD,GOOD,NORMAL,normal,NORMAL_LEARNING,NO_ACTION,Continue normal wind nowcast update.,OK
2025-01-05T19:00:00,19:00,ONLINE_SOL_2025_0105_RAMP_UP,WND_GADAG,WND_G1_T01,8day,Medium-range planning outlook,ensemble scenario + analog days + climatology band,0.000,0.000,0.000,3.520,0.0,3.662,100.0,0.021,14.08,0.92,0,0,82,GOOD,GOOD,NORMAL,normal,NORMAL_LEARNING,NO_ACTION,Continue normal wind nowcast update.,OK