event_row_id,parent_event_id,hierarchy_level,asset_id,asset_name,parent_asset_id,plant_id,hub_id,block_id,event_type,root_cause,severity,start_time,end_time,forecast_start_time,actual_start_time,capacity_mw,max_loss_mw,possible_power_before_mw,actual_power_during_mw,event_probability_pct,detection_status,visual_status,tooltip,operator_summary,recommended_action,drilldown_key
EVH_00001_PAV_S3_B02,EVH_00001,block,PAV_S3_B02,Hub 3 Block 2,PAV_HUB_3,SOL_PAVAGADA,PAV_HUB_3,PAV_S3_B02,cloud_ramp_up_after_cloud_clearance,weather,WATCH,2015-01-05T15:20:00,2015-01-05T17:10:00,2015-01-05T15:00:00,2015-01-05T15:35:00,50,10.52,39.0,28.48,86,DETECTED,WATCH,PAV_S3_B02: cloud_ramp_up_after_cloud_clearance | loss 10.5 MW | weather,Cloud obstruction clears around Hub 3; forecast P50 rises before actual output catches up.,Prepare reserve release carefully and monitor ramp timing.,PAV_S3_B02
EVH_00001_PAV_S3_B03,EVH_00001,block,PAV_S3_B03,Hub 3 Block 3,PAV_HUB_3,SOL_PAVAGADA,PAV_HUB_3,PAV_S3_B03,cloud_ramp_up_after_cloud_clearance,weather,WATCH,2015-01-05T15:20:00,2015-01-05T17:10:00,2015-01-05T15:00:00,2015-01-05T15:35:00,50,11.0,39.0,28.0,86,DETECTED,WATCH,PAV_S3_B03: cloud_ramp_up_after_cloud_clearance | loss 11.0 MW | weather,Cloud obstruction clears around Hub 3; forecast P50 rises before actual output catches up.,Prepare reserve release carefully and monitor ramp timing.,PAV_S3_B03
EVH_00001_PAV_S3_B04,EVH_00001,block,PAV_S3_B04,Hub 3 Block 4,PAV_HUB_3,SOL_PAVAGADA,PAV_HUB_3,PAV_S3_B04,cloud_ramp_up_after_cloud_clearance,weather,WATCH,2015-01-05T15:20:00,2015-01-05T17:10:00,2015-01-05T15:00:00,2015-01-05T15:35:00,50,11.14,39.0,27.86,86,DETECTED,WATCH,PAV_S3_B04: cloud_ramp_up_after_cloud_clearance | loss 11.1 MW | weather,Cloud obstruction clears around Hub 3; forecast P50 rises before actual output catches up.,Prepare reserve release carefully and monitor ramp timing.,PAV_S3_B04
EVH_00001_PAV_HUB_3,EVH_00001,hub,PAV_HUB_3,Hub / Segment 3,SOL_PAVAGADA,SOL_PAVAGADA,PAV_HUB_3,,cloud_ramp_up_after_cloud_clearance,weather,WATCH,2015-01-05T15:20:00,2015-01-05T17:10:00,2015-01-05T15:00:00,2015-01-05T15:35:00,250,36.55,195.0,158.45,86,DETECTED,WATCH,PAV_HUB_3: cloud_ramp_up_after_cloud_clearance | loss 36.5 MW | weather,Cloud obstruction clears around Hub 3; forecast P50 rises before actual output catches up.,Prepare reserve release carefully and monitor ramp timing.,PAV_HUB_3
EVH_00001_SOL_PAVAGADA,EVH_00001,plant,SOL_PAVAGADA,Pavagada Solar Park,GRID_PAVAGADA_220KV,SOL_PAVAGADA,PAV_HUB_3,,cloud_ramp_up_after_cloud_clearance,weather,WATCH,2015-01-05T15:20:00,2015-01-05T17:10:00,2015-01-05T15:00:00,2015-01-05T15:35:00,2050,47.39,1517.0,1469.61,86,DETECTED,WATCH,SOL_PAVAGADA: cloud_ramp_up_after_cloud_clearance | loss 47.4 MW | weather,Cloud obstruction clears around Hub 3; forecast P50 rises before actual output catches up.,Prepare reserve release carefully and monitor ramp timing.,SOL_PAVAGADA
EVH_00001_GRID_PAVAGADA_220KV,EVH_00001,grid,GRID_PAVAGADA_220KV,Pavagada 220kV Pooling Station,,SOL_PAVAGADA,PAV_HUB_3,,cloud_ramp_up_after_cloud_clearance,weather,WATCH,2015-01-05T15:20:00,2015-01-05T17:10:00,2015-01-05T15:00:00,2015-01-05T15:35:00,2050,46.44,1517.0,1470.56,86,DETECTED,WATCH,GRID_PAVAGADA_220KV: cloud_ramp_up_after_cloud_clearance | loss 46.4 MW | weather,Cloud obstruction clears around Hub 3; forecast P50 rises before actual output catches up.,Prepare reserve release carefully and monitor ramp timing.,GRID_PAVAGADA_220KV
EVH_00002_PAV_S6_B01,EVH_00002,block,PAV_S6_B01,Hub 6 Block 1,PAV_HUB_6,SOL_PAVAGADA,PAV_HUB_6,PAV_S6_B01,cloud_ramp_down,weather,WATCH,2015-03-09T14:55:00,2015-03-09T16:35:00,2015-03-09T14:35:00,2015-03-09T15:05:00,50,11.97,39.0,27.03,86,DETECTED,WATCH,PAV_S6_B01: cloud_ramp_down | loss 12.0 MW | weather,Incoming cloud band reduces Hub 6 possible power; uncertainty band widens.,Prepare reserve and adjust intraday expectation.,PAV_S6_B01
EVH_00002_PAV_S6_B02,EVH_00002,block,PAV_S6_B02,Hub 6 Block 2,PAV_HUB_6,SOL_PAVAGADA,PAV_HUB_6,PAV_S6_B02,cloud_ramp_down,weather,WATCH,2015-03-09T14:55:00,2015-03-09T16:35:00,2015-03-09T14:35:00,2015-03-09T15:05:00,50,12.04,39.0,26.96,86,DETECTED,WATCH,PAV_S6_B02: cloud_ramp_down | loss 12.0 MW | weather,Incoming cloud band reduces Hub 6 possible power; uncertainty band widens.,Prepare reserve and adjust intraday expectation.,PAV_S6_B02
EVH_00002_PAV_S6_B03,EVH_00002,block,PAV_S6_B03,Hub 6 Block 3,PAV_HUB_6,SOL_PAVAGADA,PAV_HUB_6,PAV_S6_B03,cloud_ramp_down,weather,WATCH,2015-03-09T14:55:00,2015-03-09T16:35:00,2015-03-09T14:35:00,2015-03-09T15:05:00,50,11.29,39.0,27.71,86,DETECTED,WATCH,PAV_S6_B03: cloud_ramp_down | loss 11.3 MW | weather,Incoming cloud band reduces Hub 6 possible power; uncertainty band widens.,Prepare reserve and adjust intraday expectation.,PAV_S6_B03
EVH_00002_PAV_HUB_6,EVH_00002,hub,PAV_HUB_6,Hub / Segment 6,SOL_PAVAGADA,SOL_PAVAGADA,PAV_HUB_6,,cloud_ramp_down,weather,WATCH,2015-03-09T14:55:00,2015-03-09T16:35:00,2015-03-09T14:35:00,2015-03-09T15:05:00,250,37.65,195.0,157.35,86,DETECTED,WATCH,PAV_HUB_6: cloud_ramp_down | loss 37.6 MW | weather,Incoming cloud band reduces Hub 6 possible power; uncertainty band widens.,Prepare reserve and adjust intraday expectation.,PAV_HUB_6
EVH_00002_SOL_PAVAGADA,EVH_00002,plant,SOL_PAVAGADA,Pavagada Solar Park,GRID_PAVAGADA_220KV,SOL_PAVAGADA,PAV_HUB_6,,cloud_ramp_down,weather,WATCH,2015-03-09T14:55:00,2015-03-09T16:35:00,2015-03-09T14:35:00,2015-03-09T15:05:00,2050,45.7,1517.0,1471.3,86,DETECTED,WATCH,SOL_PAVAGADA: cloud_ramp_down | loss 45.7 MW | weather,Incoming cloud band reduces Hub 6 possible power; uncertainty band widens.,Prepare reserve and adjust intraday expectation.,SOL_PAVAGADA
EVH_00002_GRID_PAVAGADA_220KV,EVH_00002,grid,GRID_PAVAGADA_220KV,Pavagada 220kV Pooling Station,,SOL_PAVAGADA,PAV_HUB_6,,cloud_ramp_down,weather,WATCH,2015-03-09T14:55:00,2015-03-09T16:35:00,2015-03-09T14:35:00,2015-03-09T15:05:00,2050,44.79,1517.0,1472.21,86,DETECTED,WATCH,GRID_PAVAGADA_220KV: cloud_ramp_down | loss 44.8 MW | weather,Incoming cloud band reduces Hub 6 possible power; uncertainty band widens.,Prepare reserve and adjust intraday expectation.,GRID_PAVAGADA_220KV
EVH_00003_PAV_S6_B01,EVH_00003,block,PAV_S6_B01,Hub 6 Block 1,PAV_HUB_6,SOL_PAVAGADA,PAV_HUB_6,PAV_S6_B01,grid_curtailment_plateau,grid_constraint,ALERT,2015-05-14T12:45:00,2015-05-14T16:45:00,2015-05-14T12:30:00,2015-05-14T12:45:00,50,18.48,39.0,20.52,93,DETECTED,ALERT,PAV_S6_B01: grid_curtailment_plateau | loss 18.5 MW | grid_constraint,Local export limit is active; actual output clips below possible power.,Record curtailment separately from weather forecast error; check PPC/local limit.,PAV_S6_B01
EVH_00003_PAV_S6_B02,EVH_00003,block,PAV_S6_B02,Hub 6 Block 2,PAV_HUB_6,SOL_PAVAGADA,PAV_HUB_6,PAV_S6_B02,grid_curtailment_plateau,grid_constraint,ALERT,2015-05-14T12:45:00,2015-05-14T16:45:00,2015-05-14T12:30:00,2015-05-14T12:45:00,50,15.84,39.0,23.16,93,DETECTED,ALERT,PAV_S6_B02: grid_curtailment_plateau | loss 15.8 MW | grid_constraint,Local export limit is active; actual output clips below possible power.,Record curtailment separately from weather forecast error; check PPC/local limit.,PAV_S6_B02
EVH_00003_PAV_S6_B03,EVH_00003,block,PAV_S6_B03,Hub 6 Block 3,PAV_HUB_6,SOL_PAVAGADA,PAV_HUB_6,PAV_S6_B03,grid_curtailment_plateau,grid_constraint,ALERT,2015-05-14T12:45:00,2015-05-14T16:45:00,2015-05-14T12:30:00,2015-05-14T12:45:00,50,16.98,39.0,22.02,93,DETECTED,ALERT,PAV_S6_B03: grid_curtailment_plateau | loss 17.0 MW | grid_constraint,Local export limit is active; actual output clips below possible power.,Record curtailment separately from weather forecast error; check PPC/local limit.,PAV_S6_B03
EVH_00003_PAV_S6_B04,EVH_00003,block,PAV_S6_B04,Hub 6 Block 4,PAV_HUB_6,SOL_PAVAGADA,PAV_HUB_6,PAV_S6_B04,grid_curtailment_plateau,grid_constraint,ALERT,2015-05-14T12:45:00,2015-05-14T16:45:00,2015-05-14T12:30:00,2015-05-14T12:45:00,50,17.23,39.0,21.77,93,DETECTED,ALERT,PAV_S6_B04: grid_curtailment_plateau | loss 17.2 MW | grid_constraint,Local export limit is active; actual output clips below possible power.,Record curtailment separately from weather forecast error; check PPC/local limit.,PAV_S6_B04
EVH_00003_PAV_HUB_6,EVH_00003,hub,PAV_HUB_6,Hub / Segment 6,SOL_PAVAGADA,SOL_PAVAGADA,PAV_HUB_6,,grid_curtailment_plateau,grid_constraint,ALERT,2015-05-14T12:45:00,2015-05-14T16:45:00,2015-05-14T12:30:00,2015-05-14T12:45:00,250,77.64,195.0,117.36,93,DETECTED,ALERT,PAV_HUB_6: grid_curtailment_plateau | loss 77.6 MW | grid_constraint,Local export limit is active; actual output clips below possible power.,Record curtailment separately from weather forecast error; check PPC/local limit.,PAV_HUB_6
EVH_00003_SOL_PAVAGADA,EVH_00003,plant,SOL_PAVAGADA,Pavagada Solar Park,GRID_PAVAGADA_220KV,SOL_PAVAGADA,PAV_HUB_6,,grid_curtailment_plateau,grid_constraint,ALERT,2015-05-14T12:45:00,2015-05-14T16:45:00,2015-05-14T12:30:00,2015-05-14T12:45:00,2050,97.7,1517.0,1419.3,93,DETECTED,ALERT,SOL_PAVAGADA: grid_curtailment_plateau | loss 97.7 MW | grid_constraint,Local export limit is active; actual output clips below possible power.,Record curtailment separately from weather forecast error; check PPC/local limit.,SOL_PAVAGADA
EVH_00003_GRID_PAVAGADA_220KV,EVH_00003,grid,GRID_PAVAGADA_220KV,Pavagada 220kV Pooling Station,,SOL_PAVAGADA,PAV_HUB_6,,grid_curtailment_plateau,grid_constraint,ALERT,2015-05-14T12:45:00,2015-05-14T16:45:00,2015-05-14T12:30:00,2015-05-14T12:45:00,2050,95.75,1517.0,1421.25,93,DETECTED,ALERT,GRID_PAVAGADA_220KV: grid_curtailment_plateau | loss 95.7 MW | grid_constraint,Local export limit is active; actual output clips below possible power.,Record curtailment separately from weather forecast error; check PPC/local limit.,GRID_PAVAGADA_220KV
EVH_00004_PAV_S2_B01,EVH_00004,block,PAV_S2_B01,Hub 2 Block 1,PAV_HUB_2,SOL_PAVAGADA,PAV_HUB_2,PAV_S2_B01,scada_stale_signal,data_quality,ALERT,2015-08-18T15:00:00,2015-08-18T16:25:00,2015-08-18T14:55:00,2015-08-18T15:00:00,50,0.0,39.0,39.0,78,DETECTED,ALERT,PAV_S2_B01: scada_stale_signal | loss 0.0 MW | data_quality,Actual MW tag freezes while resource signal continues moving.,Do not trust stale tag; use last-good value and lower forecast confidence.,PAV_S2_B01
EVH_00004_PAV_HUB_2,EVH_00004,hub,PAV_HUB_2,Hub / Segment 2,SOL_PAVAGADA,SOL_PAVAGADA,PAV_HUB_2,,scada_stale_signal,data_quality,ALERT,2015-08-18T15:00:00,2015-08-18T16:25:00,2015-08-18T14:55:00,2015-08-18T15:00:00,250,0.0,195.0,195.0,78,DETECTED,ALERT,PAV_HUB_2: scada_stale_signal | loss 0.0 MW | data_quality,Actual MW tag freezes while resource signal continues moving.,Do not trust stale tag; use last-good value and lower forecast confidence.,PAV_HUB_2
EVH_00004_SOL_PAVAGADA,EVH_00004,plant,SOL_PAVAGADA,Pavagada Solar Park,GRID_PAVAGADA_220KV,SOL_PAVAGADA,PAV_HUB_2,,scada_stale_signal,data_quality,ALERT,2015-08-18T15:00:00,2015-08-18T16:25:00,2015-08-18T14:55:00,2015-08-18T15:00:00,2050,0.0,1517.0,1517.0,78,DETECTED,ALERT,SOL_PAVAGADA: scada_stale_signal | loss 0.0 MW | data_quality,Actual MW tag freezes while resource signal continues moving.,Do not trust stale tag; use last-good value and lower forecast confidence.,SOL_PAVAGADA
EVH_00004_GRID_PAVAGADA_220KV,EVH_00004,grid,GRID_PAVAGADA_220KV,Pavagada 220kV Pooling Station,,SOL_PAVAGADA,PAV_HUB_2,,scada_stale_signal,data_quality,ALERT,2015-08-18T15:00:00,2015-08-18T16:25:00,2015-08-18T14:55:00,2015-08-18T15:00:00,2050,0.0,1517.0,1517.0,78,DETECTED,ALERT,GRID_PAVAGADA_220KV: scada_stale_signal | loss 0.0 MW | data_quality,Actual MW tag freezes while resource signal continues moving.,Do not trust stale tag; use last-good value and lower forecast confidence.,GRID_PAVAGADA_220KV
EVH_00005_PAV_S4_B05,EVH_00005,block,PAV_S4_B05,Hub 4 Block 5,PAV_HUB_4,SOL_PAVAGADA,PAV_HUB_4,PAV_S4_B05,inverter_group_derating,equipment,WATCH,2015-10-22T10:30:00,2015-10-22T14:30:00,2015-10-22T10:25:00,2015-10-22T10:30:00,50,7.52,39.0,31.48,81,DETECTED,WATCH,PAV_S4_B05: inverter_group_derating | loss 7.5 MW | equipment,One inverter group derates; resource remains normal but block availability drops.,Inspect inverter group and separate equipment loss from weather error.,PAV_S4_B05
EVH_00005_PAV_HUB_4,EVH_00005,hub,PAV_HUB_4,Hub / Segment 4,SOL_PAVAGADA,SOL_PAVAGADA,PAV_HUB_4,,inverter_group_derating,equipment,WATCH,2015-10-22T10:30:00,2015-10-22T14:30:00,2015-10-22T10:25:00,2015-10-22T10:30:00,250,8.88,195.0,186.12,81,DETECTED,WATCH,PAV_HUB_4: inverter_group_derating | loss 8.9 MW | equipment,One inverter group derates; resource remains normal but block availability drops.,Inspect inverter group and separate equipment loss from weather error.,PAV_HUB_4
EVH_00005_SOL_PAVAGADA,EVH_00005,plant,SOL_PAVAGADA,Pavagada Solar Park,GRID_PAVAGADA_220KV,SOL_PAVAGADA,PAV_HUB_4,,inverter_group_derating,equipment,WATCH,2015-10-22T10:30:00,2015-10-22T14:30:00,2015-10-22T10:25:00,2015-10-22T10:30:00,2050,12.11,1517.0,1504.89,81,DETECTED,WATCH,SOL_PAVAGADA: inverter_group_derating | loss 12.1 MW | equipment,One inverter group derates; resource remains normal but block availability drops.,Inspect inverter group and separate equipment loss from weather error.,SOL_PAVAGADA
EVH_00005_GRID_PAVAGADA_220KV,EVH_00005,grid,GRID_PAVAGADA_220KV,Pavagada 220kV Pooling Station,,SOL_PAVAGADA,PAV_HUB_4,,inverter_group_derating,equipment,WATCH,2015-10-22T10:30:00,2015-10-22T14:30:00,2015-10-22T10:25:00,2015-10-22T10:30:00,2050,11.87,1517.0,1505.13,81,DETECTED,WATCH,GRID_PAVAGADA_220KV: inverter_group_derating | loss 11.9 MW | equipment,One inverter group derates; resource remains normal but block availability drops.,Inspect inverter group and separate equipment loss from weather error.,GRID_PAVAGADA_220KV
EVH_00006_PAV_S3_B02,EVH_00006,block,PAV_S3_B02,Hub 3 Block 2,PAV_HUB_3,SOL_PAVAGADA,PAV_HUB_3,PAV_S3_B02,cloud_ramp_up_after_cloud_clearance,weather,WATCH,2016-01-05T15:20:00,2016-01-05T17:10:00,2016-01-05T15:00:00,2016-01-05T15:35:00,50,10.92,39.0,28.08,86,DETECTED,WATCH,PAV_S3_B02: cloud_ramp_up_after_cloud_clearance | loss 10.9 MW | weather,Cloud obstruction clears around Hub 3; forecast P50 rises before actual output catches up.,Prepare reserve release carefully and monitor ramp timing.,PAV_S3_B02
EVH_00006_PAV_S3_B03,EVH_00006,block,PAV_S3_B03,Hub 3 Block 3,PAV_HUB_3,SOL_PAVAGADA,PAV_HUB_3,PAV_S3_B03,cloud_ramp_up_after_cloud_clearance,weather,WATCH,2016-01-05T15:20:00,2016-01-05T17:10:00,2016-01-05T15:00:00,2016-01-05T15:35:00,50,11.66,39.0,27.34,86,DETECTED,WATCH,PAV_S3_B03: cloud_ramp_up_after_cloud_clearance | loss 11.7 MW | weather,Cloud obstruction clears around Hub 3; forecast P50 rises before actual output catches up.,Prepare reserve release carefully and monitor ramp timing.,PAV_S3_B03
EVH_00006_PAV_S3_B04,EVH_00006,block,PAV_S3_B04,Hub 3 Block 4,PAV_HUB_3,SOL_PAVAGADA,PAV_HUB_3,PAV_S3_B04,cloud_ramp_up_after_cloud_clearance,weather,WATCH,2016-01-05T15:20:00,2016-01-05T17:10:00,2016-01-05T15:00:00,2016-01-05T15:35:00,50,11.85,39.0,27.15,86,DETECTED,WATCH,PAV_S3_B04: cloud_ramp_up_after_cloud_clearance | loss 11.8 MW | weather,Cloud obstruction clears around Hub 3; forecast P50 rises before actual output catches up.,Prepare reserve release carefully and monitor ramp timing.,PAV_S3_B04
EVH_00006_PAV_HUB_3,EVH_00006,hub,PAV_HUB_3,Hub / Segment 3,SOL_PAVAGADA,SOL_PAVAGADA,PAV_HUB_3,,cloud_ramp_up_after_cloud_clearance,weather,WATCH,2016-01-05T15:20:00,2016-01-05T17:10:00,2016-01-05T15:00:00,2016-01-05T15:35:00,250,41.06,195.0,153.94,86,DETECTED,WATCH,PAV_HUB_3: cloud_ramp_up_after_cloud_clearance | loss 41.1 MW | weather,Cloud obstruction clears around Hub 3; forecast P50 rises before actual output catches up.,Prepare reserve release carefully and monitor ramp timing.,PAV_HUB_3
EVH_00006_SOL_PAVAGADA,EVH_00006,plant,SOL_PAVAGADA,Pavagada Solar Park,GRID_PAVAGADA_220KV,SOL_PAVAGADA,PAV_HUB_3,,cloud_ramp_up_after_cloud_clearance,weather,WATCH,2016-01-05T15:20:00,2016-01-05T17:10:00,2016-01-05T15:00:00,2016-01-05T15:35:00,2050,49.57,1517.0,1467.43,86,DETECTED,WATCH,SOL_PAVAGADA: cloud_ramp_up_after_cloud_clearance | loss 49.6 MW | weather,Cloud obstruction clears around Hub 3; forecast P50 rises before actual output catches up.,Prepare reserve release carefully and monitor ramp timing.,SOL_PAVAGADA
EVH_00006_GRID_PAVAGADA_220KV,EVH_00006,grid,GRID_PAVAGADA_220KV,Pavagada 220kV Pooling Station,,SOL_PAVAGADA,PAV_HUB_3,,cloud_ramp_up_after_cloud_clearance,weather,WATCH,2016-01-05T15:20:00,2016-01-05T17:10:00,2016-01-05T15:00:00,2016-01-05T15:35:00,2050,48.58,1517.0,1468.42,86,DETECTED,WATCH,GRID_PAVAGADA_220KV: cloud_ramp_up_after_cloud_clearance | loss 48.6 MW | weather,Cloud obstruction clears around Hub 3; forecast P50 rises before actual output catches up.,Prepare reserve release carefully and monitor ramp timing.,GRID_PAVAGADA_220KV
EVH_00007_PAV_S6_B01,EVH_00007,block,PAV_S6_B01,Hub 6 Block 1,PAV_HUB_6,SOL_PAVAGADA,PAV_HUB_6,PAV_S6_B01,cloud_ramp_down,weather,WATCH,2016-03-09T14:55:00,2016-03-09T16:35:00,2016-03-09T14:35:00,2016-03-09T15:05:00,50,11.32,39.0,27.68,86,DETECTED,WATCH,PAV_S6_B01: cloud_ramp_down | loss 11.3 MW | weather,Incoming cloud band reduces Hub 6 possible power; uncertainty band widens.,Prepare reserve and adjust intraday expectation.,PAV_S6_B01
EVH_00007_PAV_S6_B02,EVH_00007,block,PAV_S6_B02,Hub 6 Block 2,PAV_HUB_6,SOL_PAVAGADA,PAV_HUB_6,PAV_S6_B02,cloud_ramp_down,weather,WATCH,2016-03-09T14:55:00,2016-03-09T16:35:00,2016-03-09T14:35:00,2016-03-09T15:05:00,50,12.73,39.0,26.27,86,DETECTED,WATCH,PAV_S6_B02: cloud_ramp_down | loss 12.7 MW | weather,Incoming cloud band reduces Hub 6 possible power; uncertainty band widens.,Prepare reserve and adjust intraday expectation.,PAV_S6_B02
EVH_00007_PAV_S6_B03,EVH_00007,block,PAV_S6_B03,Hub 6 Block 3,PAV_HUB_6,SOL_PAVAGADA,PAV_HUB_6,PAV_S6_B03,cloud_ramp_down,weather,WATCH,2016-03-09T14:55:00,2016-03-09T16:35:00,2016-03-09T14:35:00,2016-03-09T15:05:00,50,11.45,39.0,27.55,86,DETECTED,WATCH,PAV_S6_B03: cloud_ramp_down | loss 11.4 MW | weather,Incoming cloud band reduces Hub 6 possible power; uncertainty band widens.,Prepare reserve and adjust intraday expectation.,PAV_S6_B03
EVH_00007_PAV_HUB_6,EVH_00007,hub,PAV_HUB_6,Hub / Segment 6,SOL_PAVAGADA,SOL_PAVAGADA,PAV_HUB_6,,cloud_ramp_down,weather,WATCH,2016-03-09T14:55:00,2016-03-09T16:35:00,2016-03-09T14:35:00,2016-03-09T15:05:00,250,38.74,195.0,156.26,86,DETECTED,WATCH,PAV_HUB_6: cloud_ramp_down | loss 38.7 MW | weather,Incoming cloud band reduces Hub 6 possible power; uncertainty band widens.,Prepare reserve and adjust intraday expectation.,PAV_HUB_6
EVH_00007_SOL_PAVAGADA,EVH_00007,plant,SOL_PAVAGADA,Pavagada Solar Park,GRID_PAVAGADA_220KV,SOL_PAVAGADA,PAV_HUB_6,,cloud_ramp_down,weather,WATCH,2016-03-09T14:55:00,2016-03-09T16:35:00,2016-03-09T14:35:00,2016-03-09T15:05:00,2050,45.02,1517.0,1471.98,86,DETECTED,WATCH,SOL_PAVAGADA: cloud_ramp_down | loss 45.0 MW | weather,Incoming cloud band reduces Hub 6 possible power; uncertainty band widens.,Prepare reserve and adjust intraday expectation.,SOL_PAVAGADA
EVH_00007_GRID_PAVAGADA_220KV,EVH_00007,grid,GRID_PAVAGADA_220KV,Pavagada 220kV Pooling Station,,SOL_PAVAGADA,PAV_HUB_6,,cloud_ramp_down,weather,WATCH,2016-03-09T14:55:00,2016-03-09T16:35:00,2016-03-09T14:35:00,2016-03-09T15:05:00,2050,44.12,1517.0,1472.88,86,DETECTED,WATCH,GRID_PAVAGADA_220KV: cloud_ramp_down | loss 44.1 MW | weather,Incoming cloud band reduces Hub 6 possible power; uncertainty band widens.,Prepare reserve and adjust intraday expectation.,GRID_PAVAGADA_220KV
EVH_00008_PAV_S6_B01,EVH_00008,block,PAV_S6_B01,Hub 6 Block 1,PAV_HUB_6,SOL_PAVAGADA,PAV_HUB_6,PAV_S6_B01,grid_curtailment_plateau,grid_constraint,ALERT,2016-05-14T12:45:00,2016-05-14T16:45:00,2016-05-14T12:30:00,2016-05-14T12:45:00,50,18.42,39.0,20.58,93,DETECTED,ALERT,PAV_S6_B01: grid_curtailment_plateau | loss 18.4 MW | grid_constraint,Local export limit is active; actual output clips below possible power.,Record curtailment separately from weather forecast error; check PPC/local limit.,PAV_S6_B01
EVH_00008_PAV_S6_B02,EVH_00008,block,PAV_S6_B02,Hub 6 Block 2,PAV_HUB_6,SOL_PAVAGADA,PAV_HUB_6,PAV_S6_B02,grid_curtailment_plateau,grid_constraint,ALERT,2016-05-14T12:45:00,2016-05-14T16:45:00,2016-05-14T12:30:00,2016-05-14T12:45:00,50,16.58,39.0,22.42,93,DETECTED,ALERT,PAV_S6_B02: grid_curtailment_plateau | loss 16.6 MW | grid_constraint,Local export limit is active; actual output clips below possible power.,Record curtailment separately from weather forecast error; check PPC/local limit.,PAV_S6_B02
EVH_00008_PAV_S6_B03,EVH_00008,block,PAV_S6_B03,Hub 6 Block 3,PAV_HUB_6,SOL_PAVAGADA,PAV_HUB_6,PAV_S6_B03,grid_curtailment_plateau,grid_constraint,ALERT,2016-05-14T12:45:00,2016-05-14T16:45:00,2016-05-14T12:30:00,2016-05-14T12:45:00,50,16.35,39.0,22.65,93,DETECTED,ALERT,PAV_S6_B03: grid_curtailment_plateau | loss 16.4 MW | grid_constraint,Local export limit is active; actual output clips below possible power.,Record curtailment separately from weather forecast error; check PPC/local limit.,PAV_S6_B03
EVH_00008_PAV_S6_B04,EVH_00008,block,PAV_S6_B04,Hub 6 Block 4,PAV_HUB_6,SOL_PAVAGADA,PAV_HUB_6,PAV_S6_B04,grid_curtailment_plateau,grid_constraint,ALERT,2016-05-14T12:45:00,2016-05-14T16:45:00,2016-05-14T12:30:00,2016-05-14T12:45:00,50,17.9,39.0,21.1,93,DETECTED,ALERT,PAV_S6_B04: grid_curtailment_plateau | loss 17.9 MW | grid_constraint,Local export limit is active; actual output clips below possible power.,Record curtailment separately from weather forecast error; check PPC/local limit.,PAV_S6_B04
EVH_00008_PAV_HUB_6,EVH_00008,hub,PAV_HUB_6,Hub / Segment 6,SOL_PAVAGADA,SOL_PAVAGADA,PAV_HUB_6,,grid_curtailment_plateau,grid_constraint,ALERT,2016-05-14T12:45:00,2016-05-14T16:45:00,2016-05-14T12:30:00,2016-05-14T12:45:00,250,73.59,195.0,121.41,93,DETECTED,ALERT,PAV_HUB_6: grid_curtailment_plateau | loss 73.6 MW | grid_constraint,Local export limit is active; actual output clips below possible power.,Record curtailment separately from weather forecast error; check PPC/local limit.,PAV_HUB_6
EVH_00008_SOL_PAVAGADA,EVH_00008,plant,SOL_PAVAGADA,Pavagada Solar Park,GRID_PAVAGADA_220KV,SOL_PAVAGADA,PAV_HUB_6,,grid_curtailment_plateau,grid_constraint,ALERT,2016-05-14T12:45:00,2016-05-14T16:45:00,2016-05-14T12:30:00,2016-05-14T12:45:00,2050,99.06,1517.0,1417.94,93,DETECTED,ALERT,SOL_PAVAGADA: grid_curtailment_plateau | loss 99.1 MW | grid_constraint,Local export limit is active; actual output clips below possible power.,Record curtailment separately from weather forecast error; check PPC/local limit.,SOL_PAVAGADA
EVH_00008_GRID_PAVAGADA_220KV,EVH_00008,grid,GRID_PAVAGADA_220KV,Pavagada 220kV Pooling Station,,SOL_PAVAGADA,PAV_HUB_6,,grid_curtailment_plateau,grid_constraint,ALERT,2016-05-14T12:45:00,2016-05-14T16:45:00,2016-05-14T12:30:00,2016-05-14T12:45:00,2050,97.08,1517.0,1419.92,93,DETECTED,ALERT,GRID_PAVAGADA_220KV: grid_curtailment_plateau | loss 97.1 MW | grid_constraint,Local export limit is active; actual output clips below possible power.,Record curtailment separately from weather forecast error; check PPC/local limit.,GRID_PAVAGADA_220KV
EVH_00009_PAV_S2_B01,EVH_00009,block,PAV_S2_B01,Hub 2 Block 1,PAV_HUB_2,SOL_PAVAGADA,PAV_HUB_2,PAV_S2_B01,scada_stale_signal,data_quality,ALERT,2016-08-18T15:00:00,2016-08-18T16:25:00,2016-08-18T14:55:00,2016-08-18T15:00:00,50,0.0,39.0,39.0,78,DETECTED,ALERT,PAV_S2_B01: scada_stale_signal | loss 0.0 MW | data_quality,Actual MW tag freezes while resource signal continues moving.,Do not trust stale tag; use last-good value and lower forecast confidence.,PAV_S2_B01
EVH_00009_PAV_HUB_2,EVH_00009,hub,PAV_HUB_2,Hub / Segment 2,SOL_PAVAGADA,SOL_PAVAGADA,PAV_HUB_2,,scada_stale_signal,data_quality,ALERT,2016-08-18T15:00:00,2016-08-18T16:25:00,2016-08-18T14:55:00,2016-08-18T15:00:00,250,0.0,195.0,195.0,78,DETECTED,ALERT,PAV_HUB_2: scada_stale_signal | loss 0.0 MW | data_quality,Actual MW tag freezes while resource signal continues moving.,Do not trust stale tag; use last-good value and lower forecast confidence.,PAV_HUB_2
EVH_00009_SOL_PAVAGADA,EVH_00009,plant,SOL_PAVAGADA,Pavagada Solar Park,GRID_PAVAGADA_220KV,SOL_PAVAGADA,PAV_HUB_2,,scada_stale_signal,data_quality,ALERT,2016-08-18T15:00:00,2016-08-18T16:25:00,2016-08-18T14:55:00,2016-08-18T15:00:00,2050,0.0,1517.0,1517.0,78,DETECTED,ALERT,SOL_PAVAGADA: scada_stale_signal | loss 0.0 MW | data_quality,Actual MW tag freezes while resource signal continues moving.,Do not trust stale tag; use last-good value and lower forecast confidence.,SOL_PAVAGADA
EVH_00009_GRID_PAVAGADA_220KV,EVH_00009,grid,GRID_PAVAGADA_220KV,Pavagada 220kV Pooling Station,,SOL_PAVAGADA,PAV_HUB_2,,scada_stale_signal,data_quality,ALERT,2016-08-18T15:00:00,2016-08-18T16:25:00,2016-08-18T14:55:00,2016-08-18T15:00:00,2050,0.0,1517.0,1517.0,78,DETECTED,ALERT,GRID_PAVAGADA_220KV: scada_stale_signal | loss 0.0 MW | data_quality,Actual MW tag freezes while resource signal continues moving.,Do not trust stale tag; use last-good value and lower forecast confidence.,GRID_PAVAGADA_220KV
EVH_00010_PAV_S4_B05,EVH_00010,block,PAV_S4_B05,Hub 4 Block 5,PAV_HUB_4,SOL_PAVAGADA,PAV_HUB_4,PAV_S4_B05,inverter_group_derating,equipment,WATCH,2016-10-22T10:30:00,2016-10-22T14:30:00,2016-10-22T10:25:00,2016-10-22T10:30:00,50,7.43,39.0,31.57,81,DETECTED,WATCH,PAV_S4_B05: inverter_group_derating | loss 7.4 MW | equipment,One inverter group derates; resource remains normal but block availability drops.,Inspect inverter group and separate equipment loss from weather error.,PAV_S4_B05
EVH_00010_PAV_HUB_4,EVH_00010,hub,PAV_HUB_4,Hub / Segment 4,SOL_PAVAGADA,SOL_PAVAGADA,PAV_HUB_4,,inverter_group_derating,equipment,WATCH,2016-10-22T10:30:00,2016-10-22T14:30:00,2016-10-22T10:25:00,2016-10-22T10:30:00,250,8.32,195.0,186.68,81,DETECTED,WATCH,PAV_HUB_4: inverter_group_derating | loss 8.3 MW | equipment,One inverter group derates; resource remains normal but block availability drops.,Inspect inverter group and separate equipment loss from weather error.,PAV_HUB_4
EVH_00010_SOL_PAVAGADA,EVH_00010,plant,SOL_PAVAGADA,Pavagada Solar Park,GRID_PAVAGADA_220KV,SOL_PAVAGADA,PAV_HUB_4,,inverter_group_derating,equipment,WATCH,2016-10-22T10:30:00,2016-10-22T14:30:00,2016-10-22T10:25:00,2016-10-22T10:30:00,2050,11.16,1517.0,1505.84,81,DETECTED,WATCH,SOL_PAVAGADA: inverter_group_derating | loss 11.2 MW | equipment,One inverter group derates; resource remains normal but block availability drops.,Inspect inverter group and separate equipment loss from weather error.,SOL_PAVAGADA
EVH_00010_GRID_PAVAGADA_220KV,EVH_00010,grid,GRID_PAVAGADA_220KV,Pavagada 220kV Pooling Station,,SOL_PAVAGADA,PAV_HUB_4,,inverter_group_derating,equipment,WATCH,2016-10-22T10:30:00,2016-10-22T14:30:00,2016-10-22T10:25:00,2016-10-22T10:30:00,2050,10.94,1517.0,1506.06,81,DETECTED,WATCH,GRID_PAVAGADA_220KV: inverter_group_derating | loss 10.9 MW | equipment,One inverter group derates; resource remains normal but block availability drops.,Inspect inverter group and separate equipment loss from weather error.,GRID_PAVAGADA_220KV
EVH_00011_PAV_S3_B02,EVH_00011,block,PAV_S3_B02,Hub 3 Block 2,PAV_HUB_3,SOL_PAVAGADA,PAV_HUB_3,PAV_S3_B02,cloud_ramp_up_after_cloud_clearance,weather,WATCH,2017-01-05T15:20:00,2017-01-05T17:10:00,2017-01-05T15:00:00,2017-01-05T15:35:00,50,10.97,39.0,28.03,86,DETECTED,WATCH,PAV_S3_B02: cloud_ramp_up_after_cloud_clearance | loss 11.0 MW | weather,Cloud obstruction clears around Hub 3; forecast P50 rises before actual output catches up.,Prepare reserve release carefully and monitor ramp timing.,PAV_S3_B02
EVH_00011_PAV_S3_B03,EVH_00011,block,PAV_S3_B03,Hub 3 Block 3,PAV_HUB_3,SOL_PAVAGADA,PAV_HUB_3,PAV_S3_B03,cloud_ramp_up_after_cloud_clearance,weather,WATCH,2017-01-05T15:20:00,2017-01-05T17:10:00,2017-01-05T15:00:00,2017-01-05T15:35:00,50,11.46,39.0,27.54,86,DETECTED,WATCH,PAV_S3_B03: cloud_ramp_up_after_cloud_clearance | loss 11.5 MW | weather,Cloud obstruction clears around Hub 3; forecast P50 rises before actual output catches up.,Prepare reserve release carefully and monitor ramp timing.,PAV_S3_B03
EVH_00011_PAV_S3_B04,EVH_00011,block,PAV_S3_B04,Hub 3 Block 4,PAV_HUB_3,SOL_PAVAGADA,PAV_HUB_3,PAV_S3_B04,cloud_ramp_up_after_cloud_clearance,weather,WATCH,2017-01-05T15:20:00,2017-01-05T17:10:00,2017-01-05T15:00:00,2017-01-05T15:35:00,50,10.43,39.0,28.57,86,DETECTED,WATCH,PAV_S3_B04: cloud_ramp_up_after_cloud_clearance | loss 10.4 MW | weather,Cloud obstruction clears around Hub 3; forecast P50 rises before actual output catches up.,Prepare reserve release carefully and monitor ramp timing.,PAV_S3_B04
EVH_00011_PAV_HUB_3,EVH_00011,hub,PAV_HUB_3,Hub / Segment 3,SOL_PAVAGADA,SOL_PAVAGADA,PAV_HUB_3,,cloud_ramp_up_after_cloud_clearance,weather,WATCH,2017-01-05T15:20:00,2017-01-05T17:10:00,2017-01-05T15:00:00,2017-01-05T15:35:00,250,38.73,195.0,156.27,86,DETECTED,WATCH,PAV_HUB_3: cloud_ramp_up_after_cloud_clearance | loss 38.7 MW | weather,Cloud obstruction clears around Hub 3; forecast P50 rises before actual output catches up.,Prepare reserve release carefully and monitor ramp timing.,PAV_HUB_3
EVH_00011_SOL_PAVAGADA,EVH_00011,plant,SOL_PAVAGADA,Pavagada Solar Park,GRID_PAVAGADA_220KV,SOL_PAVAGADA,PAV_HUB_3,,cloud_ramp_up_after_cloud_clearance,weather,WATCH,2017-01-05T15:20:00,2017-01-05T17:10:00,2017-01-05T15:00:00,2017-01-05T15:35:00,2050,46.5,1517.0,1470.5,86,DETECTED,WATCH,SOL_PAVAGADA: cloud_ramp_up_after_cloud_clearance | loss 46.5 MW | weather,Cloud obstruction clears around Hub 3; forecast P50 rises before actual output catches up.,Prepare reserve release carefully and monitor ramp timing.,SOL_PAVAGADA
EVH_00011_GRID_PAVAGADA_220KV,EVH_00011,grid,GRID_PAVAGADA_220KV,Pavagada 220kV Pooling Station,,SOL_PAVAGADA,PAV_HUB_3,,cloud_ramp_up_after_cloud_clearance,weather,WATCH,2017-01-05T15:20:00,2017-01-05T17:10:00,2017-01-05T15:00:00,2017-01-05T15:35:00,2050,45.57,1517.0,1471.43,86,DETECTED,WATCH,GRID_PAVAGADA_220KV: cloud_ramp_up_after_cloud_clearance | loss 45.6 MW | weather,Cloud obstruction clears around Hub 3; forecast P50 rises before actual output catches up.,Prepare reserve release carefully and monitor ramp timing.,GRID_PAVAGADA_220KV
EVH_00012_PAV_S6_B01,EVH_00012,block,PAV_S6_B01,Hub 6 Block 1,PAV_HUB_6,SOL_PAVAGADA,PAV_HUB_6,PAV_S6_B01,cloud_ramp_down,weather,WATCH,2017-03-09T14:55:00,2017-03-09T16:35:00,2017-03-09T14:35:00,2017-03-09T15:05:00,50,11.78,39.0,27.22,86,DETECTED,WATCH,PAV_S6_B01: cloud_ramp_down | loss 11.8 MW | weather,Incoming cloud band reduces Hub 6 possible power; uncertainty band widens.,Prepare reserve and adjust intraday expectation.,PAV_S6_B01
EVH_00012_PAV_S6_B02,EVH_00012,block,PAV_S6_B02,Hub 6 Block 2,PAV_HUB_6,SOL_PAVAGADA,PAV_HUB_6,PAV_S6_B02,cloud_ramp_down,weather,WATCH,2017-03-09T14:55:00,2017-03-09T16:35:00,2017-03-09T14:35:00,2017-03-09T15:05:00,50,12.73,39.0,26.27,86,DETECTED,WATCH,PAV_S6_B02: cloud_ramp_down | loss 12.7 MW | weather,Incoming cloud band reduces Hub 6 possible power; uncertainty band widens.,Prepare reserve and adjust intraday expectation.,PAV_S6_B02
EVH_00012_PAV_S6_B03,EVH_00012,block,PAV_S6_B03,Hub 6 Block 3,PAV_HUB_6,SOL_PAVAGADA,PAV_HUB_6,PAV_S6_B03,cloud_ramp_down,weather,WATCH,2017-03-09T14:55:00,2017-03-09T16:35:00,2017-03-09T14:35:00,2017-03-09T15:05:00,50,11.74,39.0,27.26,86,DETECTED,WATCH,PAV_S6_B03: cloud_ramp_down | loss 11.7 MW | weather,Incoming cloud band reduces Hub 6 possible power; uncertainty band widens.,Prepare reserve and adjust intraday expectation.,PAV_S6_B03
EVH_00012_PAV_HUB_6,EVH_00012,hub,PAV_HUB_6,Hub / Segment 6,SOL_PAVAGADA,SOL_PAVAGADA,PAV_HUB_6,,cloud_ramp_down,weather,WATCH,2017-03-09T14:55:00,2017-03-09T16:35:00,2017-03-09T14:35:00,2017-03-09T15:05:00,250,38.38,195.0,156.62,86,DETECTED,WATCH,PAV_HUB_6: cloud_ramp_down | loss 38.4 MW | weather,Incoming cloud band reduces Hub 6 possible power; uncertainty band widens.,Prepare reserve and adjust intraday expectation.,PAV_HUB_6
EVH_00012_SOL_PAVAGADA,EVH_00012,plant,SOL_PAVAGADA,Pavagada Solar Park,GRID_PAVAGADA_220KV,SOL_PAVAGADA,PAV_HUB_6,,cloud_ramp_down,weather,WATCH,2017-03-09T14:55:00,2017-03-09T16:35:00,2017-03-09T14:35:00,2017-03-09T15:05:00,2050,51.04,1517.0,1465.96,86,DETECTED,WATCH,SOL_PAVAGADA: cloud_ramp_down | loss 51.0 MW | weather,Incoming cloud band reduces Hub 6 possible power; uncertainty band widens.,Prepare reserve and adjust intraday expectation.,SOL_PAVAGADA
EVH_00012_GRID_PAVAGADA_220KV,EVH_00012,grid,GRID_PAVAGADA_220KV,Pavagada 220kV Pooling Station,,SOL_PAVAGADA,PAV_HUB_6,,cloud_ramp_down,weather,WATCH,2017-03-09T14:55:00,2017-03-09T16:35:00,2017-03-09T14:35:00,2017-03-09T15:05:00,2050,50.02,1517.0,1466.98,86,DETECTED,WATCH,GRID_PAVAGADA_220KV: cloud_ramp_down | loss 50.0 MW | weather,Incoming cloud band reduces Hub 6 possible power; uncertainty band widens.,Prepare reserve and adjust intraday expectation.,GRID_PAVAGADA_220KV
EVH_00013_PAV_S6_B01,EVH_00013,block,PAV_S6_B01,Hub 6 Block 1,PAV_HUB_6,SOL_PAVAGADA,PAV_HUB_6,PAV_S6_B01,grid_curtailment_plateau,grid_constraint,ALERT,2017-05-14T12:45:00,2017-05-14T16:45:00,2017-05-14T12:30:00,2017-05-14T12:45:00,50,16.06,39.0,22.94,93,DETECTED,ALERT,PAV_S6_B01: grid_curtailment_plateau | loss 16.1 MW | grid_constraint,Local export limit is active; actual output clips below possible power.,Record curtailment separately from weather forecast error; check PPC/local limit.,PAV_S6_B01
EVH_00013_PAV_S6_B02,EVH_00013,block,PAV_S6_B02,Hub 6 Block 2,PAV_HUB_6,SOL_PAVAGADA,PAV_HUB_6,PAV_S6_B02,grid_curtailment_plateau,grid_constraint,ALERT,2017-05-14T12:45:00,2017-05-14T16:45:00,2017-05-14T12:30:00,2017-05-14T12:45:00,50,17.19,39.0,21.81,93,DETECTED,ALERT,PAV_S6_B02: grid_curtailment_plateau | loss 17.2 MW | grid_constraint,Local export limit is active; actual output clips below possible power.,Record curtailment separately from weather forecast error; check PPC/local limit.,PAV_S6_B02
EVH_00013_PAV_S6_B03,EVH_00013,block,PAV_S6_B03,Hub 6 Block 3,PAV_HUB_6,SOL_PAVAGADA,PAV_HUB_6,PAV_S6_B03,grid_curtailment_plateau,grid_constraint,ALERT,2017-05-14T12:45:00,2017-05-14T16:45:00,2017-05-14T12:30:00,2017-05-14T12:45:00,50,16.95,39.0,22.05,93,DETECTED,ALERT,PAV_S6_B03: grid_curtailment_plateau | loss 16.9 MW | grid_constraint,Local export limit is active; actual output clips below possible power.,Record curtailment separately from weather forecast error; check PPC/local limit.,PAV_S6_B03
EVH_00013_PAV_S6_B04,EVH_00013,block,PAV_S6_B04,Hub 6 Block 4,PAV_HUB_6,SOL_PAVAGADA,PAV_HUB_6,PAV_S6_B04,grid_curtailment_plateau,grid_constraint,ALERT,2017-05-14T12:45:00,2017-05-14T16:45:00,2017-05-14T12:30:00,2017-05-14T12:45:00,50,17.46,39.0,21.54,93,DETECTED,ALERT,PAV_S6_B04: grid_curtailment_plateau | loss 17.5 MW | grid_constraint,Local export limit is active; actual output clips below possible power.,Record curtailment separately from weather forecast error; check PPC/local limit.,PAV_S6_B04
EVH_00013_PAV_HUB_6,EVH_00013,hub,PAV_HUB_6,Hub / Segment 6,SOL_PAVAGADA,SOL_PAVAGADA,PAV_HUB_6,,grid_curtailment_plateau,grid_constraint,ALERT,2017-05-14T12:45:00,2017-05-14T16:45:00,2017-05-14T12:30:00,2017-05-14T12:45:00,250,72.43,195.0,122.57,93,DETECTED,ALERT,PAV_HUB_6: grid_curtailment_plateau | loss 72.4 MW | grid_constraint,Local export limit is active; actual output clips below possible power.,Record curtailment separately from weather forecast error; check PPC/local limit.,PAV_HUB_6
EVH_00013_SOL_PAVAGADA,EVH_00013,plant,SOL_PAVAGADA,Pavagada Solar Park,GRID_PAVAGADA_220KV,SOL_PAVAGADA,PAV_HUB_6,,grid_curtailment_plateau,grid_constraint,ALERT,2017-05-14T12:45:00,2017-05-14T16:45:00,2017-05-14T12:30:00,2017-05-14T12:45:00,2050,100.03,1517.0,1416.97,93,DETECTED,ALERT,SOL_PAVAGADA: grid_curtailment_plateau | loss 100.0 MW | grid_constraint,Local export limit is active; actual output clips below possible power.,Record curtailment separately from weather forecast error; check PPC/local limit.,SOL_PAVAGADA
EVH_00013_GRID_PAVAGADA_220KV,EVH_00013,grid,GRID_PAVAGADA_220KV,Pavagada 220kV Pooling Station,,SOL_PAVAGADA,PAV_HUB_6,,grid_curtailment_plateau,grid_constraint,ALERT,2017-05-14T12:45:00,2017-05-14T16:45:00,2017-05-14T12:30:00,2017-05-14T12:45:00,2050,98.03,1517.0,1418.97,93,DETECTED,ALERT,GRID_PAVAGADA_220KV: grid_curtailment_plateau | loss 98.0 MW | grid_constraint,Local export limit is active; actual output clips below possible power.,Record curtailment separately from weather forecast error; check PPC/local limit.,GRID_PAVAGADA_220KV
EVH_00014_PAV_S2_B01,EVH_00014,block,PAV_S2_B01,Hub 2 Block 1,PAV_HUB_2,SOL_PAVAGADA,PAV_HUB_2,PAV_S2_B01,scada_stale_signal,data_quality,ALERT,2017-08-18T15:00:00,2017-08-18T16:25:00,2017-08-18T14:55:00,2017-08-18T15:00:00,50,0.0,39.0,39.0,78,DETECTED,ALERT,PAV_S2_B01: scada_stale_signal | loss 0.0 MW | data_quality,Actual MW tag freezes while resource signal continues moving.,Do not trust stale tag; use last-good value and lower forecast confidence.,PAV_S2_B01
EVH_00014_PAV_HUB_2,EVH_00014,hub,PAV_HUB_2,Hub / Segment 2,SOL_PAVAGADA,SOL_PAVAGADA,PAV_HUB_2,,scada_stale_signal,data_quality,ALERT,2017-08-18T15:00:00,2017-08-18T16:25:00,2017-08-18T14:55:00,2017-08-18T15:00:00,250,0.0,195.0,195.0,78,DETECTED,ALERT,PAV_HUB_2: scada_stale_signal | loss 0.0 MW | data_quality,Actual MW tag freezes while resource signal continues moving.,Do not trust stale tag; use last-good value and lower forecast confidence.,PAV_HUB_2
EVH_00014_SOL_PAVAGADA,EVH_00014,plant,SOL_PAVAGADA,Pavagada Solar Park,GRID_PAVAGADA_220KV,SOL_PAVAGADA,PAV_HUB_2,,scada_stale_signal,data_quality,ALERT,2017-08-18T15:00:00,2017-08-18T16:25:00,2017-08-18T14:55:00,2017-08-18T15:00:00,2050,0.0,1517.0,1517.0,78,DETECTED,ALERT,SOL_PAVAGADA: scada_stale_signal | loss 0.0 MW | data_quality,Actual MW tag freezes while resource signal continues moving.,Do not trust stale tag; use last-good value and lower forecast confidence.,SOL_PAVAGADA
EVH_00014_GRID_PAVAGADA_220KV,EVH_00014,grid,GRID_PAVAGADA_220KV,Pavagada 220kV Pooling Station,,SOL_PAVAGADA,PAV_HUB_2,,scada_stale_signal,data_quality,ALERT,2017-08-18T15:00:00,2017-08-18T16:25:00,2017-08-18T14:55:00,2017-08-18T15:00:00,2050,0.0,1517.0,1517.0,78,DETECTED,ALERT,GRID_PAVAGADA_220KV: scada_stale_signal | loss 0.0 MW | data_quality,Actual MW tag freezes while resource signal continues moving.,Do not trust stale tag; use last-good value and lower forecast confidence.,GRID_PAVAGADA_220KV
EVH_00015_PAV_S4_B05,EVH_00015,block,PAV_S4_B05,Hub 4 Block 5,PAV_HUB_4,SOL_PAVAGADA,PAV_HUB_4,PAV_S4_B05,inverter_group_derating,equipment,WATCH,2017-10-22T10:30:00,2017-10-22T14:30:00,2017-10-22T10:25:00,2017-10-22T10:30:00,50,7.82,39.0,31.18,81,DETECTED,WATCH,PAV_S4_B05: inverter_group_derating | loss 7.8 MW | equipment,One inverter group derates; resource remains normal but block availability drops.,Inspect inverter group and separate equipment loss from weather error.,PAV_S4_B05
EVH_00015_PAV_HUB_4,EVH_00015,hub,PAV_HUB_4,Hub / Segment 4,SOL_PAVAGADA,SOL_PAVAGADA,PAV_HUB_4,,inverter_group_derating,equipment,WATCH,2017-10-22T10:30:00,2017-10-22T14:30:00,2017-10-22T10:25:00,2017-10-22T10:30:00,250,8.51,195.0,186.49,81,DETECTED,WATCH,PAV_HUB_4: inverter_group_derating | loss 8.5 MW | equipment,One inverter group derates; resource remains normal but block availability drops.,Inspect inverter group and separate equipment loss from weather error.,PAV_HUB_4
EVH_00015_SOL_PAVAGADA,EVH_00015,plant,SOL_PAVAGADA,Pavagada Solar Park,GRID_PAVAGADA_220KV,SOL_PAVAGADA,PAV_HUB_4,,inverter_group_derating,equipment,WATCH,2017-10-22T10:30:00,2017-10-22T14:30:00,2017-10-22T10:25:00,2017-10-22T10:30:00,2050,10.65,1517.0,1506.35,81,DETECTED,WATCH,SOL_PAVAGADA: inverter_group_derating | loss 10.7 MW | equipment,One inverter group derates; resource remains normal but block availability drops.,Inspect inverter group and separate equipment loss from weather error.,SOL_PAVAGADA
EVH_00015_GRID_PAVAGADA_220KV,EVH_00015,grid,GRID_PAVAGADA_220KV,Pavagada 220kV Pooling Station,,SOL_PAVAGADA,PAV_HUB_4,,inverter_group_derating,equipment,WATCH,2017-10-22T10:30:00,2017-10-22T14:30:00,2017-10-22T10:25:00,2017-10-22T10:30:00,2050,10.44,1517.0,1506.56,81,DETECTED,WATCH,GRID_PAVAGADA_220KV: inverter_group_derating | loss 10.4 MW | equipment,One inverter group derates; resource remains normal but block availability drops.,Inspect inverter group and separate equipment loss from weather error.,GRID_PAVAGADA_220KV
EVH_00016_PAV_S3_B02,EVH_00016,block,PAV_S3_B02,Hub 3 Block 2,PAV_HUB_3,SOL_PAVAGADA,PAV_HUB_3,PAV_S3_B02,cloud_ramp_up_after_cloud_clearance,weather,WATCH,2018-01-05T15:20:00,2018-01-05T17:10:00,2018-01-05T15:00:00,2018-01-05T15:35:00,50,10.97,39.0,28.03,86,DETECTED,WATCH,PAV_S3_B02: cloud_ramp_up_after_cloud_clearance | loss 11.0 MW | weather,Cloud obstruction clears around Hub 3; forecast P50 rises before actual output catches up.,Prepare reserve release carefully and monitor ramp timing.,PAV_S3_B02
EVH_00016_PAV_S3_B03,EVH_00016,block,PAV_S3_B03,Hub 3 Block 3,PAV_HUB_3,SOL_PAVAGADA,PAV_HUB_3,PAV_S3_B03,cloud_ramp_up_after_cloud_clearance,weather,WATCH,2018-01-05T15:20:00,2018-01-05T17:10:00,2018-01-05T15:00:00,2018-01-05T15:35:00,50,11.55,39.0,27.45,86,DETECTED,WATCH,PAV_S3_B03: cloud_ramp_up_after_cloud_clearance | loss 11.6 MW | weather,Cloud obstruction clears around Hub 3; forecast P50 rises before actual output catches up.,Prepare reserve release carefully and monitor ramp timing.,PAV_S3_B03
EVH_00016_PAV_S3_B04,EVH_00016,block,PAV_S3_B04,Hub 3 Block 4,PAV_HUB_3,SOL_PAVAGADA,PAV_HUB_3,PAV_S3_B04,cloud_ramp_up_after_cloud_clearance,weather,WATCH,2018-01-05T15:20:00,2018-01-05T17:10:00,2018-01-05T15:00:00,2018-01-05T15:35:00,50,10.11,39.0,28.89,86,DETECTED,WATCH,PAV_S3_B04: cloud_ramp_up_after_cloud_clearance | loss 10.1 MW | weather,Cloud obstruction clears around Hub 3; forecast P50 rises before actual output catches up.,Prepare reserve release carefully and monitor ramp timing.,PAV_S3_B04
EVH_00016_PAV_HUB_3,EVH_00016,hub,PAV_HUB_3,Hub / Segment 3,SOL_PAVAGADA,SOL_PAVAGADA,PAV_HUB_3,,cloud_ramp_up_after_cloud_clearance,weather,WATCH,2018-01-05T15:20:00,2018-01-05T17:10:00,2018-01-05T15:00:00,2018-01-05T15:35:00,250,38.83,195.0,156.17,86,DETECTED,WATCH,PAV_HUB_3: cloud_ramp_up_after_cloud_clearance | loss 38.8 MW | weather,Cloud obstruction clears around Hub 3; forecast P50 rises before actual output catches up.,Prepare reserve release carefully and monitor ramp timing.,PAV_HUB_3
EVH_00016_SOL_PAVAGADA,EVH_00016,plant,SOL_PAVAGADA,Pavagada Solar Park,GRID_PAVAGADA_220KV,SOL_PAVAGADA,PAV_HUB_3,,cloud_ramp_up_after_cloud_clearance,weather,WATCH,2018-01-05T15:20:00,2018-01-05T17:10:00,2018-01-05T15:00:00,2018-01-05T15:35:00,2050,53.37,1517.0,1463.63,86,DETECTED,WATCH,SOL_PAVAGADA: cloud_ramp_up_after_cloud_clearance | loss 53.4 MW | weather,Cloud obstruction clears around Hub 3; forecast P50 rises before actual output catches up.,Prepare reserve release carefully and monitor ramp timing.,SOL_PAVAGADA
EVH_00016_GRID_PAVAGADA_220KV,EVH_00016,grid,GRID_PAVAGADA_220KV,Pavagada 220kV Pooling Station,,SOL_PAVAGADA,PAV_HUB_3,,cloud_ramp_up_after_cloud_clearance,weather,WATCH,2018-01-05T15:20:00,2018-01-05T17:10:00,2018-01-05T15:00:00,2018-01-05T15:35:00,2050,52.3,1517.0,1464.7,86,DETECTED,WATCH,GRID_PAVAGADA_220KV: cloud_ramp_up_after_cloud_clearance | loss 52.3 MW | weather,Cloud obstruction clears around Hub 3; forecast P50 rises before actual output catches up.,Prepare reserve release carefully and monitor ramp timing.,GRID_PAVAGADA_220KV
EVH_00017_PAV_S6_B01,EVH_00017,block,PAV_S6_B01,Hub 6 Block 1,PAV_HUB_6,SOL_PAVAGADA,PAV_HUB_6,PAV_S6_B01,cloud_ramp_down,weather,WATCH,2018-03-09T14:55:00,2018-03-09T16:35:00,2018-03-09T14:35:00,2018-03-09T15:05:00,50,12.08,39.0,26.92,86,DETECTED,WATCH,PAV_S6_B01: cloud_ramp_down | loss 12.1 MW | weather,Incoming cloud band reduces Hub 6 possible power; uncertainty band widens.,Prepare reserve and adjust intraday expectation.,PAV_S6_B01
EVH_00017_PAV_S6_B02,EVH_00017,block,PAV_S6_B02,Hub 6 Block 2,PAV_HUB_6,SOL_PAVAGADA,PAV_HUB_6,PAV_S6_B02,cloud_ramp_down,weather,WATCH,2018-03-09T14:55:00,2018-03-09T16:35:00,2018-03-09T14:35:00,2018-03-09T15:05:00,50,12.11,39.0,26.89,86,DETECTED,WATCH,PAV_S6_B02: cloud_ramp_down | loss 12.1 MW | weather,Incoming cloud band reduces Hub 6 possible power; uncertainty band widens.,Prepare reserve and adjust intraday expectation.,PAV_S6_B02
EVH_00017_PAV_S6_B03,EVH_00017,block,PAV_S6_B03,Hub 6 Block 3,PAV_HUB_6,SOL_PAVAGADA,PAV_HUB_6,PAV_S6_B03,cloud_ramp_down,weather,WATCH,2018-03-09T14:55:00,2018-03-09T16:35:00,2018-03-09T14:35:00,2018-03-09T15:05:00,50,11.02,39.0,27.98,86,DETECTED,WATCH,PAV_S6_B03: cloud_ramp_down | loss 11.0 MW | weather,Incoming cloud band reduces Hub 6 possible power; uncertainty band widens.,Prepare reserve and adjust intraday expectation.,PAV_S6_B03
EVH_00017_PAV_HUB_6,EVH_00017,hub,PAV_HUB_6,Hub / Segment 6,SOL_PAVAGADA,SOL_PAVAGADA,PAV_HUB_6,,cloud_ramp_down,weather,WATCH,2018-03-09T14:55:00,2018-03-09T16:35:00,2018-03-09T14:35:00,2018-03-09T15:05:00,250,38.12,195.0,156.88,86,DETECTED,WATCH,PAV_HUB_6: cloud_ramp_down | loss 38.1 MW | weather,Incoming cloud band reduces Hub 6 possible power; uncertainty band widens.,Prepare reserve and adjust intraday expectation.,PAV_HUB_6
EVH_00017_SOL_PAVAGADA,EVH_00017,plant,SOL_PAVAGADA,Pavagada Solar Park,GRID_PAVAGADA_220KV,SOL_PAVAGADA,PAV_HUB_6,,cloud_ramp_down,weather,WATCH,2018-03-09T14:55:00,2018-03-09T16:35:00,2018-03-09T14:35:00,2018-03-09T15:05:00,2050,44.27,1517.0,1472.73,86,DETECTED,WATCH,SOL_PAVAGADA: cloud_ramp_down | loss 44.3 MW | weather,Incoming cloud band reduces Hub 6 possible power; uncertainty band widens.,Prepare reserve and adjust intraday expectation.,SOL_PAVAGADA
EVH_00017_GRID_PAVAGADA_220KV,EVH_00017,grid,GRID_PAVAGADA_220KV,Pavagada 220kV Pooling Station,,SOL_PAVAGADA,PAV_HUB_6,,cloud_ramp_down,weather,WATCH,2018-03-09T14:55:00,2018-03-09T16:35:00,2018-03-09T14:35:00,2018-03-09T15:05:00,2050,43.38,1517.0,1473.62,86,DETECTED,WATCH,GRID_PAVAGADA_220KV: cloud_ramp_down | loss 43.4 MW | weather,Incoming cloud band reduces Hub 6 possible power; uncertainty band widens.,Prepare reserve and adjust intraday expectation.,GRID_PAVAGADA_220KV
EVH_00018_PAV_S6_B01,EVH_00018,block,PAV_S6_B01,Hub 6 Block 1,PAV_HUB_6,SOL_PAVAGADA,PAV_HUB_6,PAV_S6_B01,grid_curtailment_plateau,grid_constraint,ALERT,2018-05-14T12:45:00,2018-05-14T16:45:00,2018-05-14T12:30:00,2018-05-14T12:45:00,50,16.13,39.0,22.87,93,DETECTED,ALERT,PAV_S6_B01: grid_curtailment_plateau | loss 16.1 MW | grid_constraint,Local export limit is active; actual output clips below possible power.,Record curtailment separately from weather forecast error; check PPC/local limit.,PAV_S6_B01
EVH_00018_PAV_S6_B02,EVH_00018,block,PAV_S6_B02,Hub 6 Block 2,PAV_HUB_6,SOL_PAVAGADA,PAV_HUB_6,PAV_S6_B02,grid_curtailment_plateau,grid_constraint,ALERT,2018-05-14T12:45:00,2018-05-14T16:45:00,2018-05-14T12:30:00,2018-05-14T12:45:00,50,18.28,39.0,20.72,93,DETECTED,ALERT,PAV_S6_B02: grid_curtailment_plateau | loss 18.3 MW | grid_constraint,Local export limit is active; actual output clips below possible power.,Record curtailment separately from weather forecast error; check PPC/local limit.,PAV_S6_B02
EVH_00018_PAV_S6_B03,EVH_00018,block,PAV_S6_B03,Hub 6 Block 3,PAV_HUB_6,SOL_PAVAGADA,PAV_HUB_6,PAV_S6_B03,grid_curtailment_plateau,grid_constraint,ALERT,2018-05-14T12:45:00,2018-05-14T16:45:00,2018-05-14T12:30:00,2018-05-14T12:45:00,50,16.44,39.0,22.56,93,DETECTED,ALERT,PAV_S6_B03: grid_curtailment_plateau | loss 16.4 MW | grid_constraint,Local export limit is active; actual output clips below possible power.,Record curtailment separately from weather forecast error; check PPC/local limit.,PAV_S6_B03
EVH_00018_PAV_S6_B04,EVH_00018,block,PAV_S6_B04,Hub 6 Block 4,PAV_HUB_6,SOL_PAVAGADA,PAV_HUB_6,PAV_S6_B04,grid_curtailment_plateau,grid_constraint,ALERT,2018-05-14T12:45:00,2018-05-14T16:45:00,2018-05-14T12:30:00,2018-05-14T12:45:00,50,18.18,39.0,20.82,93,DETECTED,ALERT,PAV_S6_B04: grid_curtailment_plateau | loss 18.2 MW | grid_constraint,Local export limit is active; actual output clips below possible power.,Record curtailment separately from weather forecast error; check PPC/local limit.,PAV_S6_B04
EVH_00018_PAV_HUB_6,EVH_00018,hub,PAV_HUB_6,Hub / Segment 6,SOL_PAVAGADA,SOL_PAVAGADA,PAV_HUB_6,,grid_curtailment_plateau,grid_constraint,ALERT,2018-05-14T12:45:00,2018-05-14T16:45:00,2018-05-14T12:30:00,2018-05-14T12:45:00,250,80.54,195.0,114.46,93,DETECTED,ALERT,PAV_HUB_6: grid_curtailment_plateau | loss 80.5 MW | grid_constraint,Local export limit is active; actual output clips below possible power.,Record curtailment separately from weather forecast error; check PPC/local limit.,PAV_HUB_6
EVH_00018_SOL_PAVAGADA,EVH_00018,plant,SOL_PAVAGADA,Pavagada Solar Park,GRID_PAVAGADA_220KV,SOL_PAVAGADA,PAV_HUB_6,,grid_curtailment_plateau,grid_constraint,ALERT,2018-05-14T12:45:00,2018-05-14T16:45:00,2018-05-14T12:30:00,2018-05-14T12:45:00,2050,100.98,1517.0,1416.02,93,DETECTED,ALERT,SOL_PAVAGADA: grid_curtailment_plateau | loss 101.0 MW | grid_constraint,Local export limit is active; actual output clips below possible power.,Record curtailment separately from weather forecast error; check PPC/local limit.,SOL_PAVAGADA
EVH_00018_GRID_PAVAGADA_220KV,EVH_00018,grid,GRID_PAVAGADA_220KV,Pavagada 220kV Pooling Station,,SOL_PAVAGADA,PAV_HUB_6,,grid_curtailment_plateau,grid_constraint,ALERT,2018-05-14T12:45:00,2018-05-14T16:45:00,2018-05-14T12:30:00,2018-05-14T12:45:00,2050,98.96,1517.0,1418.04,93,DETECTED,ALERT,GRID_PAVAGADA_220KV: grid_curtailment_plateau | loss 99.0 MW | grid_constraint,Local export limit is active; actual output clips below possible power.,Record curtailment separately from weather forecast error; check PPC/local limit.,GRID_PAVAGADA_220KV
EVH_00019_PAV_S2_B01,EVH_00019,block,PAV_S2_B01,Hub 2 Block 1,PAV_HUB_2,SOL_PAVAGADA,PAV_HUB_2,PAV_S2_B01,scada_stale_signal,data_quality,ALERT,2018-08-18T15:00:00,2018-08-18T16:25:00,2018-08-18T14:55:00,2018-08-18T15:00:00,50,0.0,39.0,39.0,78,DETECTED,ALERT,PAV_S2_B01: scada_stale_signal | loss 0.0 MW | data_quality,Actual MW tag freezes while resource signal continues moving.,Do not trust stale tag; use last-good value and lower forecast confidence.,PAV_S2_B01
EVH_00019_PAV_HUB_2,EVH_00019,hub,PAV_HUB_2,Hub / Segment 2,SOL_PAVAGADA,SOL_PAVAGADA,PAV_HUB_2,,scada_stale_signal,data_quality,ALERT,2018-08-18T15:00:00,2018-08-18T16:25:00,2018-08-18T14:55:00,2018-08-18T15:00:00,250,0.0,195.0,195.0,78,DETECTED,ALERT,PAV_HUB_2: scada_stale_signal | loss 0.0 MW | data_quality,Actual MW tag freezes while resource signal continues moving.,Do not trust stale tag; use last-good value and lower forecast confidence.,PAV_HUB_2
EVH_00019_SOL_PAVAGADA,EVH_00019,plant,SOL_PAVAGADA,Pavagada Solar Park,GRID_PAVAGADA_220KV,SOL_PAVAGADA,PAV_HUB_2,,scada_stale_signal,data_quality,ALERT,2018-08-18T15:00:00,2018-08-18T16:25:00,2018-08-18T14:55:00,2018-08-18T15:00:00,2050,0.0,1517.0,1517.0,78,DETECTED,ALERT,SOL_PAVAGADA: scada_stale_signal | loss 0.0 MW | data_quality,Actual MW tag freezes while resource signal continues moving.,Do not trust stale tag; use last-good value and lower forecast confidence.,SOL_PAVAGADA
EVH_00019_GRID_PAVAGADA_220KV,EVH_00019,grid,GRID_PAVAGADA_220KV,Pavagada 220kV Pooling Station,,SOL_PAVAGADA,PAV_HUB_2,,scada_stale_signal,data_quality,ALERT,2018-08-18T15:00:00,2018-08-18T16:25:00,2018-08-18T14:55:00,2018-08-18T15:00:00,2050,0.0,1517.0,1517.0,78,DETECTED,ALERT,GRID_PAVAGADA_220KV: scada_stale_signal | loss 0.0 MW | data_quality,Actual MW tag freezes while resource signal continues moving.,Do not trust stale tag; use last-good value and lower forecast confidence.,GRID_PAVAGADA_220KV
EVH_00020_PAV_S4_B05,EVH_00020,block,PAV_S4_B05,Hub 4 Block 5,PAV_HUB_4,SOL_PAVAGADA,PAV_HUB_4,PAV_S4_B05,inverter_group_derating,equipment,WATCH,2018-10-22T10:30:00,2018-10-22T14:30:00,2018-10-22T10:25:00,2018-10-22T10:30:00,50,8.15,39.0,30.85,81,DETECTED,WATCH,PAV_S4_B05: inverter_group_derating | loss 8.2 MW | equipment,One inverter group derates; resource remains normal but block availability drops.,Inspect inverter group and separate equipment loss from weather error.,PAV_S4_B05
EVH_00020_PAV_HUB_4,EVH_00020,hub,PAV_HUB_4,Hub / Segment 4,SOL_PAVAGADA,SOL_PAVAGADA,PAV_HUB_4,,inverter_group_derating,equipment,WATCH,2018-10-22T10:30:00,2018-10-22T14:30:00,2018-10-22T10:25:00,2018-10-22T10:30:00,250,9.34,195.0,185.66,81,DETECTED,WATCH,PAV_HUB_4: inverter_group_derating | loss 9.3 MW | equipment,One inverter group derates; resource remains normal but block availability drops.,Inspect inverter group and separate equipment loss from weather error.,PAV_HUB_4
EVH_00020_SOL_PAVAGADA,EVH_00020,plant,SOL_PAVAGADA,Pavagada Solar Park,GRID_PAVAGADA_220KV,SOL_PAVAGADA,PAV_HUB_4,,inverter_group_derating,equipment,WATCH,2018-10-22T10:30:00,2018-10-22T14:30:00,2018-10-22T10:25:00,2018-10-22T10:30:00,2050,11.1,1517.0,1505.9,81,DETECTED,WATCH,SOL_PAVAGADA: inverter_group_derating | loss 11.1 MW | equipment,One inverter group derates; resource remains normal but block availability drops.,Inspect inverter group and separate equipment loss from weather error.,SOL_PAVAGADA
EVH_00020_GRID_PAVAGADA_220KV,EVH_00020,grid,GRID_PAVAGADA_220KV,Pavagada 220kV Pooling Station,,SOL_PAVAGADA,PAV_HUB_4,,inverter_group_derating,equipment,WATCH,2018-10-22T10:30:00,2018-10-22T14:30:00,2018-10-22T10:25:00,2018-10-22T10:30:00,2050,10.88,1517.0,1506.12,81,DETECTED,WATCH,GRID_PAVAGADA_220KV: inverter_group_derating | loss 10.9 MW | equipment,One inverter group derates; resource remains normal but block availability drops.,Inspect inverter group and separate equipment loss from weather error.,GRID_PAVAGADA_220KV
EVH_00021_PAV_S3_B02,EVH_00021,block,PAV_S3_B02,Hub 3 Block 2,PAV_HUB_3,SOL_PAVAGADA,PAV_HUB_3,PAV_S3_B02,cloud_ramp_up_after_cloud_clearance,weather,WATCH,2019-01-05T15:20:00,2019-01-05T17:10:00,2019-01-05T15:00:00,2019-01-05T15:35:00,50,12.09,39.0,26.91,86,DETECTED,WATCH,PAV_S3_B02: cloud_ramp_up_after_cloud_clearance | loss 12.1 MW | weather,Cloud obstruction clears around Hub 3; forecast P50 rises before actual output catches up.,Prepare reserve release carefully and monitor ramp timing.,PAV_S3_B02
EVH_00021_PAV_S3_B03,EVH_00021,block,PAV_S3_B03,Hub 3 Block 3,PAV_HUB_3,SOL_PAVAGADA,PAV_HUB_3,PAV_S3_B03,cloud_ramp_up_after_cloud_clearance,weather,WATCH,2019-01-05T15:20:00,2019-01-05T17:10:00,2019-01-05T15:00:00,2019-01-05T15:35:00,50,10.35,39.0,28.65,86,DETECTED,WATCH,PAV_S3_B03: cloud_ramp_up_after_cloud_clearance | loss 10.3 MW | weather,Cloud obstruction clears around Hub 3; forecast P50 rises before actual output catches up.,Prepare reserve release carefully and monitor ramp timing.,PAV_S3_B03
EVH_00021_PAV_S3_B04,EVH_00021,block,PAV_S3_B04,Hub 3 Block 4,PAV_HUB_3,SOL_PAVAGADA,PAV_HUB_3,PAV_S3_B04,cloud_ramp_up_after_cloud_clearance,weather,WATCH,2019-01-05T15:20:00,2019-01-05T17:10:00,2019-01-05T15:00:00,2019-01-05T15:35:00,50,10.19,39.0,28.81,86,DETECTED,WATCH,PAV_S3_B04: cloud_ramp_up_after_cloud_clearance | loss 10.2 MW | weather,Cloud obstruction clears around Hub 3; forecast P50 rises before actual output catches up.,Prepare reserve release carefully and monitor ramp timing.,PAV_S3_B04
EVH_00021_PAV_HUB_3,EVH_00021,hub,PAV_HUB_3,Hub / Segment 3,SOL_PAVAGADA,SOL_PAVAGADA,PAV_HUB_3,,cloud_ramp_up_after_cloud_clearance,weather,WATCH,2019-01-05T15:20:00,2019-01-05T17:10:00,2019-01-05T15:00:00,2019-01-05T15:35:00,250,35.43,195.0,159.57,86,DETECTED,WATCH,PAV_HUB_3: cloud_ramp_up_after_cloud_clearance | loss 35.4 MW | weather,Cloud obstruction clears around Hub 3; forecast P50 rises before actual output catches up.,Prepare reserve release carefully and monitor ramp timing.,PAV_HUB_3
EVH_00021_SOL_PAVAGADA,EVH_00021,plant,SOL_PAVAGADA,Pavagada Solar Park,GRID_PAVAGADA_220KV,SOL_PAVAGADA,PAV_HUB_3,,cloud_ramp_up_after_cloud_clearance,weather,WATCH,2019-01-05T15:20:00,2019-01-05T17:10:00,2019-01-05T15:00:00,2019-01-05T15:35:00,2050,47.99,1517.0,1469.01,86,DETECTED,WATCH,SOL_PAVAGADA: cloud_ramp_up_after_cloud_clearance | loss 48.0 MW | weather,Cloud obstruction clears around Hub 3; forecast P50 rises before actual output catches up.,Prepare reserve release carefully and monitor ramp timing.,SOL_PAVAGADA
EVH_00021_GRID_PAVAGADA_220KV,EVH_00021,grid,GRID_PAVAGADA_220KV,Pavagada 220kV Pooling Station,,SOL_PAVAGADA,PAV_HUB_3,,cloud_ramp_up_after_cloud_clearance,weather,WATCH,2019-01-05T15:20:00,2019-01-05T17:10:00,2019-01-05T15:00:00,2019-01-05T15:35:00,2050,47.03,1517.0,1469.97,86,DETECTED,WATCH,GRID_PAVAGADA_220KV: cloud_ramp_up_after_cloud_clearance | loss 47.0 MW | weather,Cloud obstruction clears around Hub 3; forecast P50 rises before actual output catches up.,Prepare reserve release carefully and monitor ramp timing.,GRID_PAVAGADA_220KV
EVH_00022_PAV_S6_B01,EVH_00022,block,PAV_S6_B01,Hub 6 Block 1,PAV_HUB_6,SOL_PAVAGADA,PAV_HUB_6,PAV_S6_B01,cloud_ramp_down,weather,WATCH,2019-03-09T14:55:00,2019-03-09T16:35:00,2019-03-09T14:35:00,2019-03-09T15:05:00,50,13.15,39.0,25.85,86,DETECTED,WATCH,PAV_S6_B01: cloud_ramp_down | loss 13.2 MW | weather,Incoming cloud band reduces Hub 6 possible power; uncertainty band widens.,Prepare reserve and adjust intraday expectation.,PAV_S6_B01
EVH_00022_PAV_S6_B02,EVH_00022,block,PAV_S6_B02,Hub 6 Block 2,PAV_HUB_6,SOL_PAVAGADA,PAV_HUB_6,PAV_S6_B02,cloud_ramp_down,weather,WATCH,2019-03-09T14:55:00,2019-03-09T16:35:00,2019-03-09T14:35:00,2019-03-09T15:05:00,50,13.17,39.0,25.83,86,DETECTED,WATCH,PAV_S6_B02: cloud_ramp_down | loss 13.2 MW | weather,Incoming cloud band reduces Hub 6 possible power; uncertainty band widens.,Prepare reserve and adjust intraday expectation.,PAV_S6_B02
EVH_00022_PAV_S6_B03,EVH_00022,block,PAV_S6_B03,Hub 6 Block 3,PAV_HUB_6,SOL_PAVAGADA,PAV_HUB_6,PAV_S6_B03,cloud_ramp_down,weather,WATCH,2019-03-09T14:55:00,2019-03-09T16:35:00,2019-03-09T14:35:00,2019-03-09T15:05:00,50,11.12,39.0,27.88,86,DETECTED,WATCH,PAV_S6_B03: cloud_ramp_down | loss 11.1 MW | weather,Incoming cloud band reduces Hub 6 possible power; uncertainty band widens.,Prepare reserve and adjust intraday expectation.,PAV_S6_B03
EVH_00022_PAV_HUB_6,EVH_00022,hub,PAV_HUB_6,Hub / Segment 6,SOL_PAVAGADA,SOL_PAVAGADA,PAV_HUB_6,,cloud_ramp_down,weather,WATCH,2019-03-09T14:55:00,2019-03-09T16:35:00,2019-03-09T14:35:00,2019-03-09T15:05:00,250,41.47,195.0,153.53,86,DETECTED,WATCH,PAV_HUB_6: cloud_ramp_down | loss 41.5 MW | weather,Incoming cloud band reduces Hub 6 possible power; uncertainty band widens.,Prepare reserve and adjust intraday expectation.,PAV_HUB_6
EVH_00022_SOL_PAVAGADA,EVH_00022,plant,SOL_PAVAGADA,Pavagada Solar Park,GRID_PAVAGADA_220KV,SOL_PAVAGADA,PAV_HUB_6,,cloud_ramp_down,weather,WATCH,2019-03-09T14:55:00,2019-03-09T16:35:00,2019-03-09T14:35:00,2019-03-09T15:05:00,2050,55.5,1517.0,1461.5,86,DETECTED,WATCH,SOL_PAVAGADA: cloud_ramp_down | loss 55.5 MW | weather,Incoming cloud band reduces Hub 6 possible power; uncertainty band widens.,Prepare reserve and adjust intraday expectation.,SOL_PAVAGADA
EVH_00022_GRID_PAVAGADA_220KV,EVH_00022,grid,GRID_PAVAGADA_220KV,Pavagada 220kV Pooling Station,,SOL_PAVAGADA,PAV_HUB_6,,cloud_ramp_down,weather,WATCH,2019-03-09T14:55:00,2019-03-09T16:35:00,2019-03-09T14:35:00,2019-03-09T15:05:00,2050,54.39,1517.0,1462.61,86,DETECTED,WATCH,GRID_PAVAGADA_220KV: cloud_ramp_down | loss 54.4 MW | weather,Incoming cloud band reduces Hub 6 possible power; uncertainty band widens.,Prepare reserve and adjust intraday expectation.,GRID_PAVAGADA_220KV
EVH_00023_PAV_S6_B01,EVH_00023,block,PAV_S6_B01,Hub 6 Block 1,PAV_HUB_6,SOL_PAVAGADA,PAV_HUB_6,PAV_S6_B01,grid_curtailment_plateau,grid_constraint,ALERT,2019-05-14T12:45:00,2019-05-14T16:45:00,2019-05-14T12:30:00,2019-05-14T12:45:00,50,16.13,39.0,22.87,93,DETECTED,ALERT,PAV_S6_B01: grid_curtailment_plateau | loss 16.1 MW | grid_constraint,Local export limit is active; actual output clips below possible power.,Record curtailment separately from weather forecast error; check PPC/local limit.,PAV_S6_B01
EVH_00023_PAV_S6_B02,EVH_00023,block,PAV_S6_B02,Hub 6 Block 2,PAV_HUB_6,SOL_PAVAGADA,PAV_HUB_6,PAV_S6_B02,grid_curtailment_plateau,grid_constraint,ALERT,2019-05-14T12:45:00,2019-05-14T16:45:00,2019-05-14T12:30:00,2019-05-14T12:45:00,50,17.19,39.0,21.81,93,DETECTED,ALERT,PAV_S6_B02: grid_curtailment_plateau | loss 17.2 MW | grid_constraint,Local export limit is active; actual output clips below possible power.,Record curtailment separately from weather forecast error; check PPC/local limit.,PAV_S6_B02
EVH_00023_PAV_S6_B03,EVH_00023,block,PAV_S6_B03,Hub 6 Block 3,PAV_HUB_6,SOL_PAVAGADA,PAV_HUB_6,PAV_S6_B03,grid_curtailment_plateau,grid_constraint,ALERT,2019-05-14T12:45:00,2019-05-14T16:45:00,2019-05-14T12:30:00,2019-05-14T12:45:00,50,17.73,39.0,21.27,93,DETECTED,ALERT,PAV_S6_B03: grid_curtailment_plateau | loss 17.7 MW | grid_constraint,Local export limit is active; actual output clips below possible power.,Record curtailment separately from weather forecast error; check PPC/local limit.,PAV_S6_B03
EVH_00023_PAV_S6_B04,EVH_00023,block,PAV_S6_B04,Hub 6 Block 4,PAV_HUB_6,SOL_PAVAGADA,PAV_HUB_6,PAV_S6_B04,grid_curtailment_plateau,grid_constraint,ALERT,2019-05-14T12:45:00,2019-05-14T16:45:00,2019-05-14T12:30:00,2019-05-14T12:45:00,50,16.7,39.0,22.3,93,DETECTED,ALERT,PAV_S6_B04: grid_curtailment_plateau | loss 16.7 MW | grid_constraint,Local export limit is active; actual output clips below possible power.,Record curtailment separately from weather forecast error; check PPC/local limit.,PAV_S6_B04
EVH_00023_PAV_HUB_6,EVH_00023,hub,PAV_HUB_6,Hub / Segment 6,SOL_PAVAGADA,SOL_PAVAGADA,PAV_HUB_6,,grid_curtailment_plateau,grid_constraint,ALERT,2019-05-14T12:45:00,2019-05-14T16:45:00,2019-05-14T12:30:00,2019-05-14T12:45:00,250,74.18,195.0,120.82,93,DETECTED,ALERT,PAV_HUB_6: grid_curtailment_plateau | loss 74.2 MW | grid_constraint,Local export limit is active; actual output clips below possible power.,Record curtailment separately from weather forecast error; check PPC/local limit.,PAV_HUB_6
EVH_00023_SOL_PAVAGADA,EVH_00023,plant,SOL_PAVAGADA,Pavagada Solar Park,GRID_PAVAGADA_220KV,SOL_PAVAGADA,PAV_HUB_6,,grid_curtailment_plateau,grid_constraint,ALERT,2019-05-14T12:45:00,2019-05-14T16:45:00,2019-05-14T12:30:00,2019-05-14T12:45:00,2050,94.11,1517.0,1422.89,93,DETECTED,ALERT,SOL_PAVAGADA: grid_curtailment_plateau | loss 94.1 MW | grid_constraint,Local export limit is active; actual output clips below possible power.,Record curtailment separately from weather forecast error; check PPC/local limit.,SOL_PAVAGADA
EVH_00023_GRID_PAVAGADA_220KV,EVH_00023,grid,GRID_PAVAGADA_220KV,Pavagada 220kV Pooling Station,,SOL_PAVAGADA,PAV_HUB_6,,grid_curtailment_plateau,grid_constraint,ALERT,2019-05-14T12:45:00,2019-05-14T16:45:00,2019-05-14T12:30:00,2019-05-14T12:45:00,2050,92.23,1517.0,1424.77,93,DETECTED,ALERT,GRID_PAVAGADA_220KV: grid_curtailment_plateau | loss 92.2 MW | grid_constraint,Local export limit is active; actual output clips below possible power.,Record curtailment separately from weather forecast error; check PPC/local limit.,GRID_PAVAGADA_220KV
EVH_00024_PAV_S2_B01,EVH_00024,block,PAV_S2_B01,Hub 2 Block 1,PAV_HUB_2,SOL_PAVAGADA,PAV_HUB_2,PAV_S2_B01,scada_stale_signal,data_quality,ALERT,2019-08-18T15:00:00,2019-08-18T16:25:00,2019-08-18T14:55:00,2019-08-18T15:00:00,50,0.0,39.0,39.0,78,DETECTED,ALERT,PAV_S2_B01: scada_stale_signal | loss 0.0 MW | data_quality,Actual MW tag freezes while resource signal continues moving.,Do not trust stale tag; use last-good value and lower forecast confidence.,PAV_S2_B01
EVH_00024_PAV_HUB_2,EVH_00024,hub,PAV_HUB_2,Hub / Segment 2,SOL_PAVAGADA,SOL_PAVAGADA,PAV_HUB_2,,scada_stale_signal,data_quality,ALERT,2019-08-18T15:00:00,2019-08-18T16:25:00,2019-08-18T14:55:00,2019-08-18T15:00:00,250,0.0,195.0,195.0,78,DETECTED,ALERT,PAV_HUB_2: scada_stale_signal | loss 0.0 MW | data_quality,Actual MW tag freezes while resource signal continues moving.,Do not trust stale tag; use last-good value and lower forecast confidence.,PAV_HUB_2
EVH_00024_SOL_PAVAGADA,EVH_00024,plant,SOL_PAVAGADA,Pavagada Solar Park,GRID_PAVAGADA_220KV,SOL_PAVAGADA,PAV_HUB_2,,scada_stale_signal,data_quality,ALERT,2019-08-18T15:00:00,2019-08-18T16:25:00,2019-08-18T14:55:00,2019-08-18T15:00:00,2050,0.0,1517.0,1517.0,78,DETECTED,ALERT,SOL_PAVAGADA: scada_stale_signal | loss 0.0 MW | data_quality,Actual MW tag freezes while resource signal continues moving.,Do not trust stale tag; use last-good value and lower forecast confidence.,SOL_PAVAGADA
EVH_00024_GRID_PAVAGADA_220KV,EVH_00024,grid,GRID_PAVAGADA_220KV,Pavagada 220kV Pooling Station,,SOL_PAVAGADA,PAV_HUB_2,,scada_stale_signal,data_quality,ALERT,2019-08-18T15:00:00,2019-08-18T16:25:00,2019-08-18T14:55:00,2019-08-18T15:00:00,2050,0.0,1517.0,1517.0,78,DETECTED,ALERT,GRID_PAVAGADA_220KV: scada_stale_signal | loss 0.0 MW | data_quality,Actual MW tag freezes while resource signal continues moving.,Do not trust stale tag; use last-good value and lower forecast confidence.,GRID_PAVAGADA_220KV
EVH_00025_PAV_S4_B05,EVH_00025,block,PAV_S4_B05,Hub 4 Block 5,PAV_HUB_4,SOL_PAVAGADA,PAV_HUB_4,PAV_S4_B05,inverter_group_derating,equipment,WATCH,2019-10-22T10:30:00,2019-10-22T14:30:00,2019-10-22T10:25:00,2019-10-22T10:30:00,50,7.47,39.0,31.53,81,DETECTED,WATCH,PAV_S4_B05: inverter_group_derating | loss 7.5 MW | equipment,One inverter group derates; resource remains normal but block availability drops.,Inspect inverter group and separate equipment loss from weather error.,PAV_S4_B05
EVH_00025_PAV_HUB_4,EVH_00025,hub,PAV_HUB_4,Hub / Segment 4,SOL_PAVAGADA,SOL_PAVAGADA,PAV_HUB_4,,inverter_group_derating,equipment,WATCH,2019-10-22T10:30:00,2019-10-22T14:30:00,2019-10-22T10:25:00,2019-10-22T10:30:00,250,8.4,195.0,186.6,81,DETECTED,WATCH,PAV_HUB_4: inverter_group_derating | loss 8.4 MW | equipment,One inverter group derates; resource remains normal but block availability drops.,Inspect inverter group and separate equipment loss from weather error.,PAV_HUB_4
EVH_00025_SOL_PAVAGADA,EVH_00025,plant,SOL_PAVAGADA,Pavagada Solar Park,GRID_PAVAGADA_220KV,SOL_PAVAGADA,PAV_HUB_4,,inverter_group_derating,equipment,WATCH,2019-10-22T10:30:00,2019-10-22T14:30:00,2019-10-22T10:25:00,2019-10-22T10:30:00,2050,10.42,1517.0,1506.58,81,DETECTED,WATCH,SOL_PAVAGADA: inverter_group_derating | loss 10.4 MW | equipment,One inverter group derates; resource remains normal but block availability drops.,Inspect inverter group and separate equipment loss from weather error.,SOL_PAVAGADA
EVH_00025_GRID_PAVAGADA_220KV,EVH_00025,grid,GRID_PAVAGADA_220KV,Pavagada 220kV Pooling Station,,SOL_PAVAGADA,PAV_HUB_4,,inverter_group_derating,equipment,WATCH,2019-10-22T10:30:00,2019-10-22T14:30:00,2019-10-22T10:25:00,2019-10-22T10:30:00,2050,10.21,1517.0,1506.79,81,DETECTED,WATCH,GRID_PAVAGADA_220KV: inverter_group_derating | loss 10.2 MW | equipment,One inverter group derates; resource remains normal but block availability drops.,Inspect inverter group and separate equipment loss from weather error.,GRID_PAVAGADA_220KV
EVH_00026_PAV_S3_B02,EVH_00026,block,PAV_S3_B02,Hub 3 Block 2,PAV_HUB_3,SOL_PAVAGADA,PAV_HUB_3,PAV_S3_B02,cloud_ramp_up_after_cloud_clearance,weather,WATCH,2020-01-05T15:20:00,2020-01-05T17:10:00,2020-01-05T15:00:00,2020-01-05T15:35:00,50,11.3,39.0,27.7,86,DETECTED,WATCH,PAV_S3_B02: cloud_ramp_up_after_cloud_clearance | loss 11.3 MW | weather,Cloud obstruction clears around Hub 3; forecast P50 rises before actual output catches up.,Prepare reserve release carefully and monitor ramp timing.,PAV_S3_B02
EVH_00026_PAV_S3_B03,EVH_00026,block,PAV_S3_B03,Hub 3 Block 3,PAV_HUB_3,SOL_PAVAGADA,PAV_HUB_3,PAV_S3_B03,cloud_ramp_up_after_cloud_clearance,weather,WATCH,2020-01-05T15:20:00,2020-01-05T17:10:00,2020-01-05T15:00:00,2020-01-05T15:35:00,50,10.05,39.0,28.95,86,DETECTED,WATCH,PAV_S3_B03: cloud_ramp_up_after_cloud_clearance | loss 10.1 MW | weather,Cloud obstruction clears around Hub 3; forecast P50 rises before actual output catches up.,Prepare reserve release carefully and monitor ramp timing.,PAV_S3_B03
EVH_00026_PAV_S3_B04,EVH_00026,block,PAV_S3_B04,Hub 3 Block 4,PAV_HUB_3,SOL_PAVAGADA,PAV_HUB_3,PAV_S3_B04,cloud_ramp_up_after_cloud_clearance,weather,WATCH,2020-01-05T15:20:00,2020-01-05T17:10:00,2020-01-05T15:00:00,2020-01-05T15:35:00,50,10.71,39.0,28.29,86,DETECTED,WATCH,PAV_S3_B04: cloud_ramp_up_after_cloud_clearance | loss 10.7 MW | weather,Cloud obstruction clears around Hub 3; forecast P50 rises before actual output catches up.,Prepare reserve release carefully and monitor ramp timing.,PAV_S3_B04
EVH_00026_PAV_HUB_3,EVH_00026,hub,PAV_HUB_3,Hub / Segment 3,SOL_PAVAGADA,SOL_PAVAGADA,PAV_HUB_3,,cloud_ramp_up_after_cloud_clearance,weather,WATCH,2020-01-05T15:20:00,2020-01-05T17:10:00,2020-01-05T15:00:00,2020-01-05T15:35:00,250,34.0,195.0,161.0,86,DETECTED,WATCH,PAV_HUB_3: cloud_ramp_up_after_cloud_clearance | loss 34.0 MW | weather,Cloud obstruction clears around Hub 3; forecast P50 rises before actual output catches up.,Prepare reserve release carefully and monitor ramp timing.,PAV_HUB_3
EVH_00026_SOL_PAVAGADA,EVH_00026,plant,SOL_PAVAGADA,Pavagada Solar Park,GRID_PAVAGADA_220KV,SOL_PAVAGADA,PAV_HUB_3,,cloud_ramp_up_after_cloud_clearance,weather,WATCH,2020-01-05T15:20:00,2020-01-05T17:10:00,2020-01-05T15:00:00,2020-01-05T15:35:00,2050,44.16,1517.0,1472.84,86,DETECTED,WATCH,SOL_PAVAGADA: cloud_ramp_up_after_cloud_clearance | loss 44.2 MW | weather,Cloud obstruction clears around Hub 3; forecast P50 rises before actual output catches up.,Prepare reserve release carefully and monitor ramp timing.,SOL_PAVAGADA
EVH_00026_GRID_PAVAGADA_220KV,EVH_00026,grid,GRID_PAVAGADA_220KV,Pavagada 220kV Pooling Station,,SOL_PAVAGADA,PAV_HUB_3,,cloud_ramp_up_after_cloud_clearance,weather,WATCH,2020-01-05T15:20:00,2020-01-05T17:10:00,2020-01-05T15:00:00,2020-01-05T15:35:00,2050,43.28,1517.0,1473.72,86,DETECTED,WATCH,GRID_PAVAGADA_220KV: cloud_ramp_up_after_cloud_clearance | loss 43.3 MW | weather,Cloud obstruction clears around Hub 3; forecast P50 rises before actual output catches up.,Prepare reserve release carefully and monitor ramp timing.,GRID_PAVAGADA_220KV
EVH_00027_PAV_S6_B01,EVH_00027,block,PAV_S6_B01,Hub 6 Block 1,PAV_HUB_6,SOL_PAVAGADA,PAV_HUB_6,PAV_S6_B01,cloud_ramp_down,weather,WATCH,2020-03-09T14:55:00,2020-03-09T16:35:00,2020-03-09T14:35:00,2020-03-09T15:05:00,50,11.98,39.0,27.02,86,DETECTED,WATCH,PAV_S6_B01: cloud_ramp_down | loss 12.0 MW | weather,Incoming cloud band reduces Hub 6 possible power; uncertainty band widens.,Prepare reserve and adjust intraday expectation.,PAV_S6_B01
EVH_00027_PAV_S6_B02,EVH_00027,block,PAV_S6_B02,Hub 6 Block 2,PAV_HUB_6,SOL_PAVAGADA,PAV_HUB_6,PAV_S6_B02,cloud_ramp_down,weather,WATCH,2020-03-09T14:55:00,2020-03-09T16:35:00,2020-03-09T14:35:00,2020-03-09T15:05:00,50,12.7,39.0,26.3,86,DETECTED,WATCH,PAV_S6_B02: cloud_ramp_down | loss 12.7 MW | weather,Incoming cloud band reduces Hub 6 possible power; uncertainty band widens.,Prepare reserve and adjust intraday expectation.,PAV_S6_B02
EVH_00027_PAV_S6_B03,EVH_00027,block,PAV_S6_B03,Hub 6 Block 3,PAV_HUB_6,SOL_PAVAGADA,PAV_HUB_6,PAV_S6_B03,cloud_ramp_down,weather,WATCH,2020-03-09T14:55:00,2020-03-09T16:35:00,2020-03-09T14:35:00,2020-03-09T15:05:00,50,12.32,39.0,26.68,86,DETECTED,WATCH,PAV_S6_B03: cloud_ramp_down | loss 12.3 MW | weather,Incoming cloud band reduces Hub 6 possible power; uncertainty band widens.,Prepare reserve and adjust intraday expectation.,PAV_S6_B03
EVH_00027_PAV_HUB_6,EVH_00027,hub,PAV_HUB_6,Hub / Segment 6,SOL_PAVAGADA,SOL_PAVAGADA,PAV_HUB_6,,cloud_ramp_down,weather,WATCH,2020-03-09T14:55:00,2020-03-09T16:35:00,2020-03-09T14:35:00,2020-03-09T15:05:00,250,41.73,195.0,153.27,86,DETECTED,WATCH,PAV_HUB_6: cloud_ramp_down | loss 41.7 MW | weather,Incoming cloud band reduces Hub 6 possible power; uncertainty band widens.,Prepare reserve and adjust intraday expectation.,PAV_HUB_6
EVH_00027_SOL_PAVAGADA,EVH_00027,plant,SOL_PAVAGADA,Pavagada Solar Park,GRID_PAVAGADA_220KV,SOL_PAVAGADA,PAV_HUB_6,,cloud_ramp_down,weather,WATCH,2020-03-09T14:55:00,2020-03-09T16:35:00,2020-03-09T14:35:00,2020-03-09T15:05:00,2050,54.52,1517.0,1462.48,86,DETECTED,WATCH,SOL_PAVAGADA: cloud_ramp_down | loss 54.5 MW | weather,Incoming cloud band reduces Hub 6 possible power; uncertainty band widens.,Prepare reserve and adjust intraday expectation.,SOL_PAVAGADA
EVH_00027_GRID_PAVAGADA_220KV,EVH_00027,grid,GRID_PAVAGADA_220KV,Pavagada 220kV Pooling Station,,SOL_PAVAGADA,PAV_HUB_6,,cloud_ramp_down,weather,WATCH,2020-03-09T14:55:00,2020-03-09T16:35:00,2020-03-09T14:35:00,2020-03-09T15:05:00,2050,53.43,1517.0,1463.57,86,DETECTED,WATCH,GRID_PAVAGADA_220KV: cloud_ramp_down | loss 53.4 MW | weather,Incoming cloud band reduces Hub 6 possible power; uncertainty band widens.,Prepare reserve and adjust intraday expectation.,GRID_PAVAGADA_220KV
EVH_00028_PAV_S6_B01,EVH_00028,block,PAV_S6_B01,Hub 6 Block 1,PAV_HUB_6,SOL_PAVAGADA,PAV_HUB_6,PAV_S6_B01,grid_curtailment_plateau,grid_constraint,ALERT,2020-05-14T12:45:00,2020-05-14T16:45:00,2020-05-14T12:30:00,2020-05-14T12:45:00,50,16.87,39.0,22.13,93,DETECTED,ALERT,PAV_S6_B01: grid_curtailment_plateau | loss 16.9 MW | grid_constraint,Local export limit is active; actual output clips below possible power.,Record curtailment separately from weather forecast error; check PPC/local limit.,PAV_S6_B01
EVH_00028_PAV_S6_B02,EVH_00028,block,PAV_S6_B02,Hub 6 Block 2,PAV_HUB_6,SOL_PAVAGADA,PAV_HUB_6,PAV_S6_B02,grid_curtailment_plateau,grid_constraint,ALERT,2020-05-14T12:45:00,2020-05-14T16:45:00,2020-05-14T12:30:00,2020-05-14T12:45:00,50,17.59,39.0,21.41,93,DETECTED,ALERT,PAV_S6_B02: grid_curtailment_plateau | loss 17.6 MW | grid_constraint,Local export limit is active; actual output clips below possible power.,Record curtailment separately from weather forecast error; check PPC/local limit.,PAV_S6_B02
EVH_00028_PAV_S6_B03,EVH_00028,block,PAV_S6_B03,Hub 6 Block 3,PAV_HUB_6,SOL_PAVAGADA,PAV_HUB_6,PAV_S6_B03,grid_curtailment_plateau,grid_constraint,ALERT,2020-05-14T12:45:00,2020-05-14T16:45:00,2020-05-14T12:30:00,2020-05-14T12:45:00,50,17.1,39.0,21.9,93,DETECTED,ALERT,PAV_S6_B03: grid_curtailment_plateau | loss 17.1 MW | grid_constraint,Local export limit is active; actual output clips below possible power.,Record curtailment separately from weather forecast error; check PPC/local limit.,PAV_S6_B03
EVH_00028_PAV_S6_B04,EVH_00028,block,PAV_S6_B04,Hub 6 Block 4,PAV_HUB_6,SOL_PAVAGADA,PAV_HUB_6,PAV_S6_B04,grid_curtailment_plateau,grid_constraint,ALERT,2020-05-14T12:45:00,2020-05-14T16:45:00,2020-05-14T12:30:00,2020-05-14T12:45:00,50,17.34,39.0,21.66,93,DETECTED,ALERT,PAV_S6_B04: grid_curtailment_plateau | loss 17.3 MW | grid_constraint,Local export limit is active; actual output clips below possible power.,Record curtailment separately from weather forecast error; check PPC/local limit.,PAV_S6_B04
EVH_00028_PAV_HUB_6,EVH_00028,hub,PAV_HUB_6,Hub / Segment 6,SOL_PAVAGADA,SOL_PAVAGADA,PAV_HUB_6,,grid_curtailment_plateau,grid_constraint,ALERT,2020-05-14T12:45:00,2020-05-14T16:45:00,2020-05-14T12:30:00,2020-05-14T12:45:00,250,76.61,195.0,118.39,93,DETECTED,ALERT,PAV_HUB_6: grid_curtailment_plateau | loss 76.6 MW | grid_constraint,Local export limit is active; actual output clips below possible power.,Record curtailment separately from weather forecast error; check PPC/local limit.,PAV_HUB_6
EVH_00028_SOL_PAVAGADA,EVH_00028,plant,SOL_PAVAGADA,Pavagada Solar Park,GRID_PAVAGADA_220KV,SOL_PAVAGADA,PAV_HUB_6,,grid_curtailment_plateau,grid_constraint,ALERT,2020-05-14T12:45:00,2020-05-14T16:45:00,2020-05-14T12:30:00,2020-05-14T12:45:00,2050,88.12,1517.0,1428.88,93,DETECTED,ALERT,SOL_PAVAGADA: grid_curtailment_plateau | loss 88.1 MW | grid_constraint,Local export limit is active; actual output clips below possible power.,Record curtailment separately from weather forecast error; check PPC/local limit.,SOL_PAVAGADA
EVH_00028_GRID_PAVAGADA_220KV,EVH_00028,grid,GRID_PAVAGADA_220KV,Pavagada 220kV Pooling Station,,SOL_PAVAGADA,PAV_HUB_6,,grid_curtailment_plateau,grid_constraint,ALERT,2020-05-14T12:45:00,2020-05-14T16:45:00,2020-05-14T12:30:00,2020-05-14T12:45:00,2050,86.36,1517.0,1430.64,93,DETECTED,ALERT,GRID_PAVAGADA_220KV: grid_curtailment_plateau | loss 86.4 MW | grid_constraint,Local export limit is active; actual output clips below possible power.,Record curtailment separately from weather forecast error; check PPC/local limit.,GRID_PAVAGADA_220KV
EVH_00029_PAV_S2_B01,EVH_00029,block,PAV_S2_B01,Hub 2 Block 1,PAV_HUB_2,SOL_PAVAGADA,PAV_HUB_2,PAV_S2_B01,scada_stale_signal,data_quality,ALERT,2020-08-18T15:00:00,2020-08-18T16:25:00,2020-08-18T14:55:00,2020-08-18T15:00:00,50,0.0,39.0,39.0,78,DETECTED,ALERT,PAV_S2_B01: scada_stale_signal | loss 0.0 MW | data_quality,Actual MW tag freezes while resource signal continues moving.,Do not trust stale tag; use last-good value and lower forecast confidence.,PAV_S2_B01
EVH_00029_PAV_HUB_2,EVH_00029,hub,PAV_HUB_2,Hub / Segment 2,SOL_PAVAGADA,SOL_PAVAGADA,PAV_HUB_2,,scada_stale_signal,data_quality,ALERT,2020-08-18T15:00:00,2020-08-18T16:25:00,2020-08-18T14:55:00,2020-08-18T15:00:00,250,0.0,195.0,195.0,78,DETECTED,ALERT,PAV_HUB_2: scada_stale_signal | loss 0.0 MW | data_quality,Actual MW tag freezes while resource signal continues moving.,Do not trust stale tag; use last-good value and lower forecast confidence.,PAV_HUB_2
EVH_00029_SOL_PAVAGADA,EVH_00029,plant,SOL_PAVAGADA,Pavagada Solar Park,GRID_PAVAGADA_220KV,SOL_PAVAGADA,PAV_HUB_2,,scada_stale_signal,data_quality,ALERT,2020-08-18T15:00:00,2020-08-18T16:25:00,2020-08-18T14:55:00,2020-08-18T15:00:00,2050,0.0,1517.0,1517.0,78,DETECTED,ALERT,SOL_PAVAGADA: scada_stale_signal | loss 0.0 MW | data_quality,Actual MW tag freezes while resource signal continues moving.,Do not trust stale tag; use last-good value and lower forecast confidence.,SOL_PAVAGADA
EVH_00029_GRID_PAVAGADA_220KV,EVH_00029,grid,GRID_PAVAGADA_220KV,Pavagada 220kV Pooling Station,,SOL_PAVAGADA,PAV_HUB_2,,scada_stale_signal,data_quality,ALERT,2020-08-18T15:00:00,2020-08-18T16:25:00,2020-08-18T14:55:00,2020-08-18T15:00:00,2050,0.0,1517.0,1517.0,78,DETECTED,ALERT,GRID_PAVAGADA_220KV: scada_stale_signal | loss 0.0 MW | data_quality,Actual MW tag freezes while resource signal continues moving.,Do not trust stale tag; use last-good value and lower forecast confidence.,GRID_PAVAGADA_220KV
EVH_00030_PAV_S4_B05,EVH_00030,block,PAV_S4_B05,Hub 4 Block 5,PAV_HUB_4,SOL_PAVAGADA,PAV_HUB_4,PAV_S4_B05,inverter_group_derating,equipment,WATCH,2020-10-22T10:30:00,2020-10-22T14:30:00,2020-10-22T10:25:00,2020-10-22T10:30:00,50,7.79,39.0,31.21,81,DETECTED,WATCH,PAV_S4_B05: inverter_group_derating | loss 7.8 MW | equipment,One inverter group derates; resource remains normal but block availability drops.,Inspect inverter group and separate equipment loss from weather error.,PAV_S4_B05
EVH_00030_PAV_HUB_4,EVH_00030,hub,PAV_HUB_4,Hub / Segment 4,SOL_PAVAGADA,SOL_PAVAGADA,PAV_HUB_4,,inverter_group_derating,equipment,WATCH,2020-10-22T10:30:00,2020-10-22T14:30:00,2020-10-22T10:25:00,2020-10-22T10:30:00,250,9.13,195.0,185.87,81,DETECTED,WATCH,PAV_HUB_4: inverter_group_derating | loss 9.1 MW | equipment,One inverter group derates; resource remains normal but block availability drops.,Inspect inverter group and separate equipment loss from weather error.,PAV_HUB_4
EVH_00030_SOL_PAVAGADA,EVH_00030,plant,SOL_PAVAGADA,Pavagada Solar Park,GRID_PAVAGADA_220KV,SOL_PAVAGADA,PAV_HUB_4,,inverter_group_derating,equipment,WATCH,2020-10-22T10:30:00,2020-10-22T14:30:00,2020-10-22T10:25:00,2020-10-22T10:30:00,2050,11.6,1517.0,1505.4,81,DETECTED,WATCH,SOL_PAVAGADA: inverter_group_derating | loss 11.6 MW | equipment,One inverter group derates; resource remains normal but block availability drops.,Inspect inverter group and separate equipment loss from weather error.,SOL_PAVAGADA
EVH_00030_GRID_PAVAGADA_220KV,EVH_00030,grid,GRID_PAVAGADA_220KV,Pavagada 220kV Pooling Station,,SOL_PAVAGADA,PAV_HUB_4,,inverter_group_derating,equipment,WATCH,2020-10-22T10:30:00,2020-10-22T14:30:00,2020-10-22T10:25:00,2020-10-22T10:30:00,2050,11.37,1517.0,1505.63,81,DETECTED,WATCH,GRID_PAVAGADA_220KV: inverter_group_derating | loss 11.4 MW | equipment,One inverter group derates; resource remains normal but block availability drops.,Inspect inverter group and separate equipment loss from weather error.,GRID_PAVAGADA_220KV
EVH_00031_PAV_S3_B02,EVH_00031,block,PAV_S3_B02,Hub 3 Block 2,PAV_HUB_3,SOL_PAVAGADA,PAV_HUB_3,PAV_S3_B02,cloud_ramp_up_after_cloud_clearance,weather,WATCH,2021-01-05T15:20:00,2021-01-05T17:10:00,2021-01-05T15:00:00,2021-01-05T15:35:00,50,11.6,39.0,27.4,86,DETECTED,WATCH,PAV_S3_B02: cloud_ramp_up_after_cloud_clearance | loss 11.6 MW | weather,Cloud obstruction clears around Hub 3; forecast P50 rises before actual output catches up.,Prepare reserve release carefully and monitor ramp timing.,PAV_S3_B02
EVH_00031_PAV_S3_B03,EVH_00031,block,PAV_S3_B03,Hub 3 Block 3,PAV_HUB_3,SOL_PAVAGADA,PAV_HUB_3,PAV_S3_B03,cloud_ramp_up_after_cloud_clearance,weather,WATCH,2021-01-05T15:20:00,2021-01-05T17:10:00,2021-01-05T15:00:00,2021-01-05T15:35:00,50,10.62,39.0,28.38,86,DETECTED,WATCH,PAV_S3_B03: cloud_ramp_up_after_cloud_clearance | loss 10.6 MW | weather,Cloud obstruction clears around Hub 3; forecast P50 rises before actual output catches up.,Prepare reserve release carefully and monitor ramp timing.,PAV_S3_B03
EVH_00031_PAV_S3_B04,EVH_00031,block,PAV_S3_B04,Hub 3 Block 4,PAV_HUB_3,SOL_PAVAGADA,PAV_HUB_3,PAV_S3_B04,cloud_ramp_up_after_cloud_clearance,weather,WATCH,2021-01-05T15:20:00,2021-01-05T17:10:00,2021-01-05T15:00:00,2021-01-05T15:35:00,50,9.9,39.0,29.1,86,DETECTED,WATCH,PAV_S3_B04: cloud_ramp_up_after_cloud_clearance | loss 9.9 MW | weather,Cloud obstruction clears around Hub 3; forecast P50 rises before actual output catches up.,Prepare reserve release carefully and monitor ramp timing.,PAV_S3_B04
EVH_00031_PAV_HUB_3,EVH_00031,hub,PAV_HUB_3,Hub / Segment 3,SOL_PAVAGADA,SOL_PAVAGADA,PAV_HUB_3,,cloud_ramp_up_after_cloud_clearance,weather,WATCH,2021-01-05T15:20:00,2021-01-05T17:10:00,2021-01-05T15:00:00,2021-01-05T15:35:00,250,35.86,195.0,159.14,86,DETECTED,WATCH,PAV_HUB_3: cloud_ramp_up_after_cloud_clearance | loss 35.9 MW | weather,Cloud obstruction clears around Hub 3; forecast P50 rises before actual output catches up.,Prepare reserve release carefully and monitor ramp timing.,PAV_HUB_3
EVH_00031_SOL_PAVAGADA,EVH_00031,plant,SOL_PAVAGADA,Pavagada Solar Park,GRID_PAVAGADA_220KV,SOL_PAVAGADA,PAV_HUB_3,,cloud_ramp_up_after_cloud_clearance,weather,WATCH,2021-01-05T15:20:00,2021-01-05T17:10:00,2021-01-05T15:00:00,2021-01-05T15:35:00,2050,48.03,1517.0,1468.97,86,DETECTED,WATCH,SOL_PAVAGADA: cloud_ramp_up_after_cloud_clearance | loss 48.0 MW | weather,Cloud obstruction clears around Hub 3; forecast P50 rises before actual output catches up.,Prepare reserve release carefully and monitor ramp timing.,SOL_PAVAGADA
EVH_00031_GRID_PAVAGADA_220KV,EVH_00031,grid,GRID_PAVAGADA_220KV,Pavagada 220kV Pooling Station,,SOL_PAVAGADA,PAV_HUB_3,,cloud_ramp_up_after_cloud_clearance,weather,WATCH,2021-01-05T15:20:00,2021-01-05T17:10:00,2021-01-05T15:00:00,2021-01-05T15:35:00,2050,47.07,1517.0,1469.93,86,DETECTED,WATCH,GRID_PAVAGADA_220KV: cloud_ramp_up_after_cloud_clearance | loss 47.1 MW | weather,Cloud obstruction clears around Hub 3; forecast P50 rises before actual output catches up.,Prepare reserve release carefully and monitor ramp timing.,GRID_PAVAGADA_220KV
EVH_00032_PAV_S6_B01,EVH_00032,block,PAV_S6_B01,Hub 6 Block 1,PAV_HUB_6,SOL_PAVAGADA,PAV_HUB_6,PAV_S6_B01,cloud_ramp_down,weather,WATCH,2021-03-09T14:55:00,2021-03-09T16:35:00,2021-03-09T14:35:00,2021-03-09T15:05:00,50,11.96,39.0,27.04,86,DETECTED,WATCH,PAV_S6_B01: cloud_ramp_down | loss 12.0 MW | weather,Incoming cloud band reduces Hub 6 possible power; uncertainty band widens.,Prepare reserve and adjust intraday expectation.,PAV_S6_B01
EVH_00032_PAV_S6_B02,EVH_00032,block,PAV_S6_B02,Hub 6 Block 2,PAV_HUB_6,SOL_PAVAGADA,PAV_HUB_6,PAV_S6_B02,cloud_ramp_down,weather,WATCH,2021-03-09T14:55:00,2021-03-09T16:35:00,2021-03-09T14:35:00,2021-03-09T15:05:00,50,11.66,39.0,27.34,86,DETECTED,WATCH,PAV_S6_B02: cloud_ramp_down | loss 11.7 MW | weather,Incoming cloud band reduces Hub 6 possible power; uncertainty band widens.,Prepare reserve and adjust intraday expectation.,PAV_S6_B02
EVH_00032_PAV_S6_B03,EVH_00032,block,PAV_S6_B03,Hub 6 Block 3,PAV_HUB_6,SOL_PAVAGADA,PAV_HUB_6,PAV_S6_B03,cloud_ramp_down,weather,WATCH,2021-03-09T14:55:00,2021-03-09T16:35:00,2021-03-09T14:35:00,2021-03-09T15:05:00,50,12.86,39.0,26.14,86,DETECTED,WATCH,PAV_S6_B03: cloud_ramp_down | loss 12.9 MW | weather,Incoming cloud band reduces Hub 6 possible power; uncertainty band widens.,Prepare reserve and adjust intraday expectation.,PAV_S6_B03
EVH_00032_PAV_HUB_6,EVH_00032,hub,PAV_HUB_6,Hub / Segment 6,SOL_PAVAGADA,SOL_PAVAGADA,PAV_HUB_6,,cloud_ramp_down,weather,WATCH,2021-03-09T14:55:00,2021-03-09T16:35:00,2021-03-09T14:35:00,2021-03-09T15:05:00,250,40.31,195.0,154.69,86,DETECTED,WATCH,PAV_HUB_6: cloud_ramp_down | loss 40.3 MW | weather,Incoming cloud band reduces Hub 6 possible power; uncertainty band widens.,Prepare reserve and adjust intraday expectation.,PAV_HUB_6
EVH_00032_SOL_PAVAGADA,EVH_00032,plant,SOL_PAVAGADA,Pavagada Solar Park,GRID_PAVAGADA_220KV,SOL_PAVAGADA,PAV_HUB_6,,cloud_ramp_down,weather,WATCH,2021-03-09T14:55:00,2021-03-09T16:35:00,2021-03-09T14:35:00,2021-03-09T15:05:00,2050,55.76,1517.0,1461.24,86,DETECTED,WATCH,SOL_PAVAGADA: cloud_ramp_down | loss 55.8 MW | weather,Incoming cloud band reduces Hub 6 possible power; uncertainty band widens.,Prepare reserve and adjust intraday expectation.,SOL_PAVAGADA
EVH_00032_GRID_PAVAGADA_220KV,EVH_00032,grid,GRID_PAVAGADA_220KV,Pavagada 220kV Pooling Station,,SOL_PAVAGADA,PAV_HUB_6,,cloud_ramp_down,weather,WATCH,2021-03-09T14:55:00,2021-03-09T16:35:00,2021-03-09T14:35:00,2021-03-09T15:05:00,2050,54.64,1517.0,1462.36,86,DETECTED,WATCH,GRID_PAVAGADA_220KV: cloud_ramp_down | loss 54.6 MW | weather,Incoming cloud band reduces Hub 6 possible power; uncertainty band widens.,Prepare reserve and adjust intraday expectation.,GRID_PAVAGADA_220KV
EVH_00033_PAV_S6_B01,EVH_00033,block,PAV_S6_B01,Hub 6 Block 1,PAV_HUB_6,SOL_PAVAGADA,PAV_HUB_6,PAV_S6_B01,grid_curtailment_plateau,grid_constraint,ALERT,2021-05-14T12:45:00,2021-05-14T16:45:00,2021-05-14T12:30:00,2021-05-14T12:45:00,50,18.29,39.0,20.71,93,DETECTED,ALERT,PAV_S6_B01: grid_curtailment_plateau | loss 18.3 MW | grid_constraint,Local export limit is active; actual output clips below possible power.,Record curtailment separately from weather forecast error; check PPC/local limit.,PAV_S6_B01
EVH_00033_PAV_S6_B02,EVH_00033,block,PAV_S6_B02,Hub 6 Block 2,PAV_HUB_6,SOL_PAVAGADA,PAV_HUB_6,PAV_S6_B02,grid_curtailment_plateau,grid_constraint,ALERT,2021-05-14T12:45:00,2021-05-14T16:45:00,2021-05-14T12:30:00,2021-05-14T12:45:00,50,16.41,39.0,22.59,93,DETECTED,ALERT,PAV_S6_B02: grid_curtailment_plateau | loss 16.4 MW | grid_constraint,Local export limit is active; actual output clips below possible power.,Record curtailment separately from weather forecast error; check PPC/local limit.,PAV_S6_B02
EVH_00033_PAV_S6_B03,EVH_00033,block,PAV_S6_B03,Hub 6 Block 3,PAV_HUB_6,SOL_PAVAGADA,PAV_HUB_6,PAV_S6_B03,grid_curtailment_plateau,grid_constraint,ALERT,2021-05-14T12:45:00,2021-05-14T16:45:00,2021-05-14T12:30:00,2021-05-14T12:45:00,50,17.98,39.0,21.02,93,DETECTED,ALERT,PAV_S6_B03: grid_curtailment_plateau | loss 18.0 MW | grid_constraint,Local export limit is active; actual output clips below possible power.,Record curtailment separately from weather forecast error; check PPC/local limit.,PAV_S6_B03
EVH_00033_PAV_S6_B04,EVH_00033,block,PAV_S6_B04,Hub 6 Block 4,PAV_HUB_6,SOL_PAVAGADA,PAV_HUB_6,PAV_S6_B04,grid_curtailment_plateau,grid_constraint,ALERT,2021-05-14T12:45:00,2021-05-14T16:45:00,2021-05-14T12:30:00,2021-05-14T12:45:00,50,18.02,39.0,20.98,93,DETECTED,ALERT,PAV_S6_B04: grid_curtailment_plateau | loss 18.0 MW | grid_constraint,Local export limit is active; actual output clips below possible power.,Record curtailment separately from weather forecast error; check PPC/local limit.,PAV_S6_B04
EVH_00033_PAV_HUB_6,EVH_00033,hub,PAV_HUB_6,Hub / Segment 6,SOL_PAVAGADA,SOL_PAVAGADA,PAV_HUB_6,,grid_curtailment_plateau,grid_constraint,ALERT,2021-05-14T12:45:00,2021-05-14T16:45:00,2021-05-14T12:30:00,2021-05-14T12:45:00,250,80.49,195.0,114.51,93,DETECTED,ALERT,PAV_HUB_6: grid_curtailment_plateau | loss 80.5 MW | grid_constraint,Local export limit is active; actual output clips below possible power.,Record curtailment separately from weather forecast error; check PPC/local limit.,PAV_HUB_6
EVH_00033_SOL_PAVAGADA,EVH_00033,plant,SOL_PAVAGADA,Pavagada Solar Park,GRID_PAVAGADA_220KV,SOL_PAVAGADA,PAV_HUB_6,,grid_curtailment_plateau,grid_constraint,ALERT,2021-05-14T12:45:00,2021-05-14T16:45:00,2021-05-14T12:30:00,2021-05-14T12:45:00,2050,106.32,1517.0,1410.68,93,DETECTED,ALERT,SOL_PAVAGADA: grid_curtailment_plateau | loss 106.3 MW | grid_constraint,Local export limit is active; actual output clips below possible power.,Record curtailment separately from weather forecast error; check PPC/local limit.,SOL_PAVAGADA
EVH_00033_GRID_PAVAGADA_220KV,EVH_00033,grid,GRID_PAVAGADA_220KV,Pavagada 220kV Pooling Station,,SOL_PAVAGADA,PAV_HUB_6,,grid_curtailment_plateau,grid_constraint,ALERT,2021-05-14T12:45:00,2021-05-14T16:45:00,2021-05-14T12:30:00,2021-05-14T12:45:00,2050,104.19,1517.0,1412.81,93,DETECTED,ALERT,GRID_PAVAGADA_220KV: grid_curtailment_plateau | loss 104.2 MW | grid_constraint,Local export limit is active; actual output clips below possible power.,Record curtailment separately from weather forecast error; check PPC/local limit.,GRID_PAVAGADA_220KV
EVH_00034_PAV_S2_B01,EVH_00034,block,PAV_S2_B01,Hub 2 Block 1,PAV_HUB_2,SOL_PAVAGADA,PAV_HUB_2,PAV_S2_B01,scada_stale_signal,data_quality,ALERT,2021-08-18T15:00:00,2021-08-18T16:25:00,2021-08-18T14:55:00,2021-08-18T15:00:00,50,0.0,39.0,39.0,78,DETECTED,ALERT,PAV_S2_B01: scada_stale_signal | loss 0.0 MW | data_quality,Actual MW tag freezes while resource signal continues moving.,Do not trust stale tag; use last-good value and lower forecast confidence.,PAV_S2_B01
EVH_00034_PAV_HUB_2,EVH_00034,hub,PAV_HUB_2,Hub / Segment 2,SOL_PAVAGADA,SOL_PAVAGADA,PAV_HUB_2,,scada_stale_signal,data_quality,ALERT,2021-08-18T15:00:00,2021-08-18T16:25:00,2021-08-18T14:55:00,2021-08-18T15:00:00,250,0.0,195.0,195.0,78,DETECTED,ALERT,PAV_HUB_2: scada_stale_signal | loss 0.0 MW | data_quality,Actual MW tag freezes while resource signal continues moving.,Do not trust stale tag; use last-good value and lower forecast confidence.,PAV_HUB_2
EVH_00034_SOL_PAVAGADA,EVH_00034,plant,SOL_PAVAGADA,Pavagada Solar Park,GRID_PAVAGADA_220KV,SOL_PAVAGADA,PAV_HUB_2,,scada_stale_signal,data_quality,ALERT,2021-08-18T15:00:00,2021-08-18T16:25:00,2021-08-18T14:55:00,2021-08-18T15:00:00,2050,0.0,1517.0,1517.0,78,DETECTED,ALERT,SOL_PAVAGADA: scada_stale_signal | loss 0.0 MW | data_quality,Actual MW tag freezes while resource signal continues moving.,Do not trust stale tag; use last-good value and lower forecast confidence.,SOL_PAVAGADA
EVH_00034_GRID_PAVAGADA_220KV,EVH_00034,grid,GRID_PAVAGADA_220KV,Pavagada 220kV Pooling Station,,SOL_PAVAGADA,PAV_HUB_2,,scada_stale_signal,data_quality,ALERT,2021-08-18T15:00:00,2021-08-18T16:25:00,2021-08-18T14:55:00,2021-08-18T15:00:00,2050,0.0,1517.0,1517.0,78,DETECTED,ALERT,GRID_PAVAGADA_220KV: scada_stale_signal | loss 0.0 MW | data_quality,Actual MW tag freezes while resource signal continues moving.,Do not trust stale tag; use last-good value and lower forecast confidence.,GRID_PAVAGADA_220KV
EVH_00035_PAV_S4_B05,EVH_00035,block,PAV_S4_B05,Hub 4 Block 5,PAV_HUB_4,SOL_PAVAGADA,PAV_HUB_4,PAV_S4_B05,inverter_group_derating,equipment,WATCH,2021-10-22T10:30:00,2021-10-22T14:30:00,2021-10-22T10:25:00,2021-10-22T10:30:00,50,8.45,39.0,30.55,81,DETECTED,WATCH,PAV_S4_B05: inverter_group_derating | loss 8.4 MW | equipment,One inverter group derates; resource remains normal but block availability drops.,Inspect inverter group and separate equipment loss from weather error.,PAV_S4_B05
EVH_00035_PAV_HUB_4,EVH_00035,hub,PAV_HUB_4,Hub / Segment 4,SOL_PAVAGADA,SOL_PAVAGADA,PAV_HUB_4,,inverter_group_derating,equipment,WATCH,2021-10-22T10:30:00,2021-10-22T14:30:00,2021-10-22T10:25:00,2021-10-22T10:30:00,250,9.84,195.0,185.16,81,DETECTED,WATCH,PAV_HUB_4: inverter_group_derating | loss 9.8 MW | equipment,One inverter group derates; resource remains normal but block availability drops.,Inspect inverter group and separate equipment loss from weather error.,PAV_HUB_4
EVH_00035_SOL_PAVAGADA,EVH_00035,plant,SOL_PAVAGADA,Pavagada Solar Park,GRID_PAVAGADA_220KV,SOL_PAVAGADA,PAV_HUB_4,,inverter_group_derating,equipment,WATCH,2021-10-22T10:30:00,2021-10-22T14:30:00,2021-10-22T10:25:00,2021-10-22T10:30:00,2050,12.8,1517.0,1504.2,81,DETECTED,WATCH,SOL_PAVAGADA: inverter_group_derating | loss 12.8 MW | equipment,One inverter group derates; resource remains normal but block availability drops.,Inspect inverter group and separate equipment loss from weather error.,SOL_PAVAGADA
EVH_00035_GRID_PAVAGADA_220KV,EVH_00035,grid,GRID_PAVAGADA_220KV,Pavagada 220kV Pooling Station,,SOL_PAVAGADA,PAV_HUB_4,,inverter_group_derating,equipment,WATCH,2021-10-22T10:30:00,2021-10-22T14:30:00,2021-10-22T10:25:00,2021-10-22T10:30:00,2050,12.54,1517.0,1504.46,81,DETECTED,WATCH,GRID_PAVAGADA_220KV: inverter_group_derating | loss 12.5 MW | equipment,One inverter group derates; resource remains normal but block availability drops.,Inspect inverter group and separate equipment loss from weather error.,GRID_PAVAGADA_220KV
EVH_00036_PAV_S3_B02,EVH_00036,block,PAV_S3_B02,Hub 3 Block 2,PAV_HUB_3,SOL_PAVAGADA,PAV_HUB_3,PAV_S3_B02,cloud_ramp_up_after_cloud_clearance,weather,WATCH,2022-01-05T15:20:00,2022-01-05T17:10:00,2022-01-05T15:00:00,2022-01-05T15:35:00,50,11.07,39.0,27.93,86,DETECTED,WATCH,PAV_S3_B02: cloud_ramp_up_after_cloud_clearance | loss 11.1 MW | weather,Cloud obstruction clears around Hub 3; forecast P50 rises before actual output catches up.,Prepare reserve release carefully and monitor ramp timing.,PAV_S3_B02
EVH_00036_PAV_S3_B03,EVH_00036,block,PAV_S3_B03,Hub 3 Block 3,PAV_HUB_3,SOL_PAVAGADA,PAV_HUB_3,PAV_S3_B03,cloud_ramp_up_after_cloud_clearance,weather,WATCH,2022-01-05T15:20:00,2022-01-05T17:10:00,2022-01-05T15:00:00,2022-01-05T15:35:00,50,10.39,39.0,28.61,86,DETECTED,WATCH,PAV_S3_B03: cloud_ramp_up_after_cloud_clearance | loss 10.4 MW | weather,Cloud obstruction clears around Hub 3; forecast P50 rises before actual output catches up.,Prepare reserve release carefully and monitor ramp timing.,PAV_S3_B03
EVH_00036_PAV_S3_B04,EVH_00036,block,PAV_S3_B04,Hub 3 Block 4,PAV_HUB_3,SOL_PAVAGADA,PAV_HUB_3,PAV_S3_B04,cloud_ramp_up_after_cloud_clearance,weather,WATCH,2022-01-05T15:20:00,2022-01-05T17:10:00,2022-01-05T15:00:00,2022-01-05T15:35:00,50,10.11,39.0,28.89,86,DETECTED,WATCH,PAV_S3_B04: cloud_ramp_up_after_cloud_clearance | loss 10.1 MW | weather,Cloud obstruction clears around Hub 3; forecast P50 rises before actual output catches up.,Prepare reserve release carefully and monitor ramp timing.,PAV_S3_B04
EVH_00036_PAV_HUB_3,EVH_00036,hub,PAV_HUB_3,Hub / Segment 3,SOL_PAVAGADA,SOL_PAVAGADA,PAV_HUB_3,,cloud_ramp_up_after_cloud_clearance,weather,WATCH,2022-01-05T15:20:00,2022-01-05T17:10:00,2022-01-05T15:00:00,2022-01-05T15:35:00,250,35.47,195.0,159.53,86,DETECTED,WATCH,PAV_HUB_3: cloud_ramp_up_after_cloud_clearance | loss 35.5 MW | weather,Cloud obstruction clears around Hub 3; forecast P50 rises before actual output catches up.,Prepare reserve release carefully and monitor ramp timing.,PAV_HUB_3
EVH_00036_SOL_PAVAGADA,EVH_00036,plant,SOL_PAVAGADA,Pavagada Solar Park,GRID_PAVAGADA_220KV,SOL_PAVAGADA,PAV_HUB_3,,cloud_ramp_up_after_cloud_clearance,weather,WATCH,2022-01-05T15:20:00,2022-01-05T17:10:00,2022-01-05T15:00:00,2022-01-05T15:35:00,2050,45.18,1517.0,1471.82,86,DETECTED,WATCH,SOL_PAVAGADA: cloud_ramp_up_after_cloud_clearance | loss 45.2 MW | weather,Cloud obstruction clears around Hub 3; forecast P50 rises before actual output catches up.,Prepare reserve release carefully and monitor ramp timing.,SOL_PAVAGADA
EVH_00036_GRID_PAVAGADA_220KV,EVH_00036,grid,GRID_PAVAGADA_220KV,Pavagada 220kV Pooling Station,,SOL_PAVAGADA,PAV_HUB_3,,cloud_ramp_up_after_cloud_clearance,weather,WATCH,2022-01-05T15:20:00,2022-01-05T17:10:00,2022-01-05T15:00:00,2022-01-05T15:35:00,2050,44.28,1517.0,1472.72,86,DETECTED,WATCH,GRID_PAVAGADA_220KV: cloud_ramp_up_after_cloud_clearance | loss 44.3 MW | weather,Cloud obstruction clears around Hub 3; forecast P50 rises before actual output catches up.,Prepare reserve release carefully and monitor ramp timing.,GRID_PAVAGADA_220KV
EVH_00037_PAV_S6_B01,EVH_00037,block,PAV_S6_B01,Hub 6 Block 1,PAV_HUB_6,SOL_PAVAGADA,PAV_HUB_6,PAV_S6_B01,cloud_ramp_down,weather,WATCH,2022-03-09T14:55:00,2022-03-09T16:35:00,2022-03-09T14:35:00,2022-03-09T15:05:00,50,11.69,39.0,27.31,86,DETECTED,WATCH,PAV_S6_B01: cloud_ramp_down | loss 11.7 MW | weather,Incoming cloud band reduces Hub 6 possible power; uncertainty band widens.,Prepare reserve and adjust intraday expectation.,PAV_S6_B01
EVH_00037_PAV_S6_B02,EVH_00037,block,PAV_S6_B02,Hub 6 Block 2,PAV_HUB_6,SOL_PAVAGADA,PAV_HUB_6,PAV_S6_B02,cloud_ramp_down,weather,WATCH,2022-03-09T14:55:00,2022-03-09T16:35:00,2022-03-09T14:35:00,2022-03-09T15:05:00,50,11.99,39.0,27.01,86,DETECTED,WATCH,PAV_S6_B02: cloud_ramp_down | loss 12.0 MW | weather,Incoming cloud band reduces Hub 6 possible power; uncertainty band widens.,Prepare reserve and adjust intraday expectation.,PAV_S6_B02
EVH_00037_PAV_S6_B03,EVH_00037,block,PAV_S6_B03,Hub 6 Block 3,PAV_HUB_6,SOL_PAVAGADA,PAV_HUB_6,PAV_S6_B03,cloud_ramp_down,weather,WATCH,2022-03-09T14:55:00,2022-03-09T16:35:00,2022-03-09T14:35:00,2022-03-09T15:05:00,50,12.87,39.0,26.13,86,DETECTED,WATCH,PAV_S6_B03: cloud_ramp_down | loss 12.9 MW | weather,Incoming cloud band reduces Hub 6 possible power; uncertainty band widens.,Prepare reserve and adjust intraday expectation.,PAV_S6_B03
EVH_00037_PAV_HUB_6,EVH_00037,hub,PAV_HUB_6,Hub / Segment 6,SOL_PAVAGADA,SOL_PAVAGADA,PAV_HUB_6,,cloud_ramp_down,weather,WATCH,2022-03-09T14:55:00,2022-03-09T16:35:00,2022-03-09T14:35:00,2022-03-09T15:05:00,250,43.11,195.0,151.89,86,DETECTED,WATCH,PAV_HUB_6: cloud_ramp_down | loss 43.1 MW | weather,Incoming cloud band reduces Hub 6 possible power; uncertainty band widens.,Prepare reserve and adjust intraday expectation.,PAV_HUB_6
EVH_00037_SOL_PAVAGADA,EVH_00037,plant,SOL_PAVAGADA,Pavagada Solar Park,GRID_PAVAGADA_220KV,SOL_PAVAGADA,PAV_HUB_6,,cloud_ramp_down,weather,WATCH,2022-03-09T14:55:00,2022-03-09T16:35:00,2022-03-09T14:35:00,2022-03-09T15:05:00,2050,59.22,1517.0,1457.78,86,DETECTED,WATCH,SOL_PAVAGADA: cloud_ramp_down | loss 59.2 MW | weather,Incoming cloud band reduces Hub 6 possible power; uncertainty band widens.,Prepare reserve and adjust intraday expectation.,SOL_PAVAGADA
EVH_00037_GRID_PAVAGADA_220KV,EVH_00037,grid,GRID_PAVAGADA_220KV,Pavagada 220kV Pooling Station,,SOL_PAVAGADA,PAV_HUB_6,,cloud_ramp_down,weather,WATCH,2022-03-09T14:55:00,2022-03-09T16:35:00,2022-03-09T14:35:00,2022-03-09T15:05:00,2050,58.04,1517.0,1458.96,86,DETECTED,WATCH,GRID_PAVAGADA_220KV: cloud_ramp_down | loss 58.0 MW | weather,Incoming cloud band reduces Hub 6 possible power; uncertainty band widens.,Prepare reserve and adjust intraday expectation.,GRID_PAVAGADA_220KV
EVH_00038_PAV_S6_B01,EVH_00038,block,PAV_S6_B01,Hub 6 Block 1,PAV_HUB_6,SOL_PAVAGADA,PAV_HUB_6,PAV_S6_B01,grid_curtailment_plateau,grid_constraint,ALERT,2022-05-14T12:45:00,2022-05-14T16:45:00,2022-05-14T12:30:00,2022-05-14T12:45:00,50,16.22,39.0,22.78,93,DETECTED,ALERT,PAV_S6_B01: grid_curtailment_plateau | loss 16.2 MW | grid_constraint,Local export limit is active; actual output clips below possible power.,Record curtailment separately from weather forecast error; check PPC/local limit.,PAV_S6_B01
EVH_00038_PAV_S6_B02,EVH_00038,block,PAV_S6_B02,Hub 6 Block 2,PAV_HUB_6,SOL_PAVAGADA,PAV_HUB_6,PAV_S6_B02,grid_curtailment_plateau,grid_constraint,ALERT,2022-05-14T12:45:00,2022-05-14T16:45:00,2022-05-14T12:30:00,2022-05-14T12:45:00,50,16.49,39.0,22.51,93,DETECTED,ALERT,PAV_S6_B02: grid_curtailment_plateau | loss 16.5 MW | grid_constraint,Local export limit is active; actual output clips below possible power.,Record curtailment separately from weather forecast error; check PPC/local limit.,PAV_S6_B02
EVH_00038_PAV_S6_B03,EVH_00038,block,PAV_S6_B03,Hub 6 Block 3,PAV_HUB_6,SOL_PAVAGADA,PAV_HUB_6,PAV_S6_B03,grid_curtailment_plateau,grid_constraint,ALERT,2022-05-14T12:45:00,2022-05-14T16:45:00,2022-05-14T12:30:00,2022-05-14T12:45:00,50,18.75,39.0,20.25,93,DETECTED,ALERT,PAV_S6_B03: grid_curtailment_plateau | loss 18.8 MW | grid_constraint,Local export limit is active; actual output clips below possible power.,Record curtailment separately from weather forecast error; check PPC/local limit.,PAV_S6_B03
EVH_00038_PAV_S6_B04,EVH_00038,block,PAV_S6_B04,Hub 6 Block 4,PAV_HUB_6,SOL_PAVAGADA,PAV_HUB_6,PAV_S6_B04,grid_curtailment_plateau,grid_constraint,ALERT,2022-05-14T12:45:00,2022-05-14T16:45:00,2022-05-14T12:30:00,2022-05-14T12:45:00,50,18.65,39.0,20.35,93,DETECTED,ALERT,PAV_S6_B04: grid_curtailment_plateau | loss 18.6 MW | grid_constraint,Local export limit is active; actual output clips below possible power.,Record curtailment separately from weather forecast error; check PPC/local limit.,PAV_S6_B04
EVH_00038_PAV_HUB_6,EVH_00038,hub,PAV_HUB_6,Hub / Segment 6,SOL_PAVAGADA,SOL_PAVAGADA,PAV_HUB_6,,grid_curtailment_plateau,grid_constraint,ALERT,2022-05-14T12:45:00,2022-05-14T16:45:00,2022-05-14T12:30:00,2022-05-14T12:45:00,250,75.8,195.0,119.2,93,DETECTED,ALERT,PAV_HUB_6: grid_curtailment_plateau | loss 75.8 MW | grid_constraint,Local export limit is active; actual output clips below possible power.,Record curtailment separately from weather forecast error; check PPC/local limit.,PAV_HUB_6
EVH_00038_SOL_PAVAGADA,EVH_00038,plant,SOL_PAVAGADA,Pavagada Solar Park,GRID_PAVAGADA_220KV,SOL_PAVAGADA,PAV_HUB_6,,grid_curtailment_plateau,grid_constraint,ALERT,2022-05-14T12:45:00,2022-05-14T16:45:00,2022-05-14T12:30:00,2022-05-14T12:45:00,2050,101.93,1517.0,1415.07,93,DETECTED,ALERT,SOL_PAVAGADA: grid_curtailment_plateau | loss 101.9 MW | grid_constraint,Local export limit is active; actual output clips below possible power.,Record curtailment separately from weather forecast error; check PPC/local limit.,SOL_PAVAGADA
EVH_00038_GRID_PAVAGADA_220KV,EVH_00038,grid,GRID_PAVAGADA_220KV,Pavagada 220kV Pooling Station,,SOL_PAVAGADA,PAV_HUB_6,,grid_curtailment_plateau,grid_constraint,ALERT,2022-05-14T12:45:00,2022-05-14T16:45:00,2022-05-14T12:30:00,2022-05-14T12:45:00,2050,99.89,1517.0,1417.11,93,DETECTED,ALERT,GRID_PAVAGADA_220KV: grid_curtailment_plateau | loss 99.9 MW | grid_constraint,Local export limit is active; actual output clips below possible power.,Record curtailment separately from weather forecast error; check PPC/local limit.,GRID_PAVAGADA_220KV
EVH_00039_PAV_S2_B01,EVH_00039,block,PAV_S2_B01,Hub 2 Block 1,PAV_HUB_2,SOL_PAVAGADA,PAV_HUB_2,PAV_S2_B01,scada_stale_signal,data_quality,ALERT,2022-08-18T15:00:00,2022-08-18T16:25:00,2022-08-18T14:55:00,2022-08-18T15:00:00,50,0.0,39.0,39.0,78,DETECTED,ALERT,PAV_S2_B01: scada_stale_signal | loss 0.0 MW | data_quality,Actual MW tag freezes while resource signal continues moving.,Do not trust stale tag; use last-good value and lower forecast confidence.,PAV_S2_B01
EVH_00039_PAV_HUB_2,EVH_00039,hub,PAV_HUB_2,Hub / Segment 2,SOL_PAVAGADA,SOL_PAVAGADA,PAV_HUB_2,,scada_stale_signal,data_quality,ALERT,2022-08-18T15:00:00,2022-08-18T16:25:00,2022-08-18T14:55:00,2022-08-18T15:00:00,250,0.0,195.0,195.0,78,DETECTED,ALERT,PAV_HUB_2: scada_stale_signal | loss 0.0 MW | data_quality,Actual MW tag freezes while resource signal continues moving.,Do not trust stale tag; use last-good value and lower forecast confidence.,PAV_HUB_2
EVH_00039_SOL_PAVAGADA,EVH_00039,plant,SOL_PAVAGADA,Pavagada Solar Park,GRID_PAVAGADA_220KV,SOL_PAVAGADA,PAV_HUB_2,,scada_stale_signal,data_quality,ALERT,2022-08-18T15:00:00,2022-08-18T16:25:00,2022-08-18T14:55:00,2022-08-18T15:00:00,2050,0.0,1517.0,1517.0,78,DETECTED,ALERT,SOL_PAVAGADA: scada_stale_signal | loss 0.0 MW | data_quality,Actual MW tag freezes while resource signal continues moving.,Do not trust stale tag; use last-good value and lower forecast confidence.,SOL_PAVAGADA
EVH_00039_GRID_PAVAGADA_220KV,EVH_00039,grid,GRID_PAVAGADA_220KV,Pavagada 220kV Pooling Station,,SOL_PAVAGADA,PAV_HUB_2,,scada_stale_signal,data_quality,ALERT,2022-08-18T15:00:00,2022-08-18T16:25:00,2022-08-18T14:55:00,2022-08-18T15:00:00,2050,0.0,1517.0,1517.0,78,DETECTED,ALERT,GRID_PAVAGADA_220KV: scada_stale_signal | loss 0.0 MW | data_quality,Actual MW tag freezes while resource signal continues moving.,Do not trust stale tag; use last-good value and lower forecast confidence.,GRID_PAVAGADA_220KV
EVH_00040_PAV_S4_B05,EVH_00040,block,PAV_S4_B05,Hub 4 Block 5,PAV_HUB_4,SOL_PAVAGADA,PAV_HUB_4,PAV_S4_B05,inverter_group_derating,equipment,WATCH,2022-10-22T10:30:00,2022-10-22T14:30:00,2022-10-22T10:25:00,2022-10-22T10:30:00,50,7.83,39.0,31.17,81,DETECTED,WATCH,PAV_S4_B05: inverter_group_derating | loss 7.8 MW | equipment,One inverter group derates; resource remains normal but block availability drops.,Inspect inverter group and separate equipment loss from weather error.,PAV_S4_B05
EVH_00040_PAV_HUB_4,EVH_00040,hub,PAV_HUB_4,Hub / Segment 4,SOL_PAVAGADA,SOL_PAVAGADA,PAV_HUB_4,,inverter_group_derating,equipment,WATCH,2022-10-22T10:30:00,2022-10-22T14:30:00,2022-10-22T10:25:00,2022-10-22T10:30:00,250,9.22,195.0,185.78,81,DETECTED,WATCH,PAV_HUB_4: inverter_group_derating | loss 9.2 MW | equipment,One inverter group derates; resource remains normal but block availability drops.,Inspect inverter group and separate equipment loss from weather error.,PAV_HUB_4
EVH_00040_SOL_PAVAGADA,EVH_00040,plant,SOL_PAVAGADA,Pavagada Solar Park,GRID_PAVAGADA_220KV,SOL_PAVAGADA,PAV_HUB_4,,inverter_group_derating,equipment,WATCH,2022-10-22T10:30:00,2022-10-22T14:30:00,2022-10-22T10:25:00,2022-10-22T10:30:00,2050,11.1,1517.0,1505.9,81,DETECTED,WATCH,SOL_PAVAGADA: inverter_group_derating | loss 11.1 MW | equipment,One inverter group derates; resource remains normal but block availability drops.,Inspect inverter group and separate equipment loss from weather error.,SOL_PAVAGADA
EVH_00040_GRID_PAVAGADA_220KV,EVH_00040,grid,GRID_PAVAGADA_220KV,Pavagada 220kV Pooling Station,,SOL_PAVAGADA,PAV_HUB_4,,inverter_group_derating,equipment,WATCH,2022-10-22T10:30:00,2022-10-22T14:30:00,2022-10-22T10:25:00,2022-10-22T10:30:00,2050,10.88,1517.0,1506.12,81,DETECTED,WATCH,GRID_PAVAGADA_220KV: inverter_group_derating | loss 10.9 MW | equipment,One inverter group derates; resource remains normal but block availability drops.,Inspect inverter group and separate equipment loss from weather error.,GRID_PAVAGADA_220KV
EVH_00041_PAV_S3_B02,EVH_00041,block,PAV_S3_B02,Hub 3 Block 2,PAV_HUB_3,SOL_PAVAGADA,PAV_HUB_3,PAV_S3_B02,cloud_ramp_up_after_cloud_clearance,weather,WATCH,2023-01-05T15:20:00,2023-01-05T17:10:00,2023-01-05T15:00:00,2023-01-05T15:35:00,50,10.23,39.0,28.77,86,DETECTED,WATCH,PAV_S3_B02: cloud_ramp_up_after_cloud_clearance | loss 10.2 MW | weather,Cloud obstruction clears around Hub 3; forecast P50 rises before actual output catches up.,Prepare reserve release carefully and monitor ramp timing.,PAV_S3_B02
EVH_00041_PAV_S3_B03,EVH_00041,block,PAV_S3_B03,Hub 3 Block 3,PAV_HUB_3,SOL_PAVAGADA,PAV_HUB_3,PAV_S3_B03,cloud_ramp_up_after_cloud_clearance,weather,WATCH,2023-01-05T15:20:00,2023-01-05T17:10:00,2023-01-05T15:00:00,2023-01-05T15:35:00,50,10.86,39.0,28.14,86,DETECTED,WATCH,PAV_S3_B03: cloud_ramp_up_after_cloud_clearance | loss 10.9 MW | weather,Cloud obstruction clears around Hub 3; forecast P50 rises before actual output catches up.,Prepare reserve release carefully and monitor ramp timing.,PAV_S3_B03
EVH_00041_PAV_S3_B04,EVH_00041,block,PAV_S3_B04,Hub 3 Block 4,PAV_HUB_3,SOL_PAVAGADA,PAV_HUB_3,PAV_S3_B04,cloud_ramp_up_after_cloud_clearance,weather,WATCH,2023-01-05T15:20:00,2023-01-05T17:10:00,2023-01-05T15:00:00,2023-01-05T15:35:00,50,10.49,39.0,28.51,86,DETECTED,WATCH,PAV_S3_B04: cloud_ramp_up_after_cloud_clearance | loss 10.5 MW | weather,Cloud obstruction clears around Hub 3; forecast P50 rises before actual output catches up.,Prepare reserve release carefully and monitor ramp timing.,PAV_S3_B04
EVH_00041_PAV_HUB_3,EVH_00041,hub,PAV_HUB_3,Hub / Segment 3,SOL_PAVAGADA,SOL_PAVAGADA,PAV_HUB_3,,cloud_ramp_up_after_cloud_clearance,weather,WATCH,2023-01-05T15:20:00,2023-01-05T17:10:00,2023-01-05T15:00:00,2023-01-05T15:35:00,250,36.67,195.0,158.33,86,DETECTED,WATCH,PAV_HUB_3: cloud_ramp_up_after_cloud_clearance | loss 36.7 MW | weather,Cloud obstruction clears around Hub 3; forecast P50 rises before actual output catches up.,Prepare reserve release carefully and monitor ramp timing.,PAV_HUB_3
EVH_00041_SOL_PAVAGADA,EVH_00041,plant,SOL_PAVAGADA,Pavagada Solar Park,GRID_PAVAGADA_220KV,SOL_PAVAGADA,PAV_HUB_3,,cloud_ramp_up_after_cloud_clearance,weather,WATCH,2023-01-05T15:20:00,2023-01-05T17:10:00,2023-01-05T15:00:00,2023-01-05T15:35:00,2050,48.47,1517.0,1468.53,86,DETECTED,WATCH,SOL_PAVAGADA: cloud_ramp_up_after_cloud_clearance | loss 48.5 MW | weather,Cloud obstruction clears around Hub 3; forecast P50 rises before actual output catches up.,Prepare reserve release carefully and monitor ramp timing.,SOL_PAVAGADA
EVH_00041_GRID_PAVAGADA_220KV,EVH_00041,grid,GRID_PAVAGADA_220KV,Pavagada 220kV Pooling Station,,SOL_PAVAGADA,PAV_HUB_3,,cloud_ramp_up_after_cloud_clearance,weather,WATCH,2023-01-05T15:20:00,2023-01-05T17:10:00,2023-01-05T15:00:00,2023-01-05T15:35:00,2050,47.5,1517.0,1469.5,86,DETECTED,WATCH,GRID_PAVAGADA_220KV: cloud_ramp_up_after_cloud_clearance | loss 47.5 MW | weather,Cloud obstruction clears around Hub 3; forecast P50 rises before actual output catches up.,Prepare reserve release carefully and monitor ramp timing.,GRID_PAVAGADA_220KV
EVH_00042_PAV_S6_B01,EVH_00042,block,PAV_S6_B01,Hub 6 Block 1,PAV_HUB_6,SOL_PAVAGADA,PAV_HUB_6,PAV_S6_B01,cloud_ramp_down,weather,WATCH,2023-03-09T14:55:00,2023-03-09T16:35:00,2023-03-09T14:35:00,2023-03-09T15:05:00,50,11.07,39.0,27.93,86,DETECTED,WATCH,PAV_S6_B01: cloud_ramp_down | loss 11.1 MW | weather,Incoming cloud band reduces Hub 6 possible power; uncertainty band widens.,Prepare reserve and adjust intraday expectation.,PAV_S6_B01
EVH_00042_PAV_S6_B02,EVH_00042,block,PAV_S6_B02,Hub 6 Block 2,PAV_HUB_6,SOL_PAVAGADA,PAV_HUB_6,PAV_S6_B02,cloud_ramp_down,weather,WATCH,2023-03-09T14:55:00,2023-03-09T16:35:00,2023-03-09T14:35:00,2023-03-09T15:05:00,50,11.22,39.0,27.78,86,DETECTED,WATCH,PAV_S6_B02: cloud_ramp_down | loss 11.2 MW | weather,Incoming cloud band reduces Hub 6 possible power; uncertainty band widens.,Prepare reserve and adjust intraday expectation.,PAV_S6_B02
EVH_00042_PAV_S6_B03,EVH_00042,block,PAV_S6_B03,Hub 6 Block 3,PAV_HUB_6,SOL_PAVAGADA,PAV_HUB_6,PAV_S6_B03,cloud_ramp_down,weather,WATCH,2023-03-09T14:55:00,2023-03-09T16:35:00,2023-03-09T14:35:00,2023-03-09T15:05:00,50,10.95,39.0,28.05,86,DETECTED,WATCH,PAV_S6_B03: cloud_ramp_down | loss 10.9 MW | weather,Incoming cloud band reduces Hub 6 possible power; uncertainty band widens.,Prepare reserve and adjust intraday expectation.,PAV_S6_B03
EVH_00042_PAV_HUB_6,EVH_00042,hub,PAV_HUB_6,Hub / Segment 6,SOL_PAVAGADA,SOL_PAVAGADA,PAV_HUB_6,,cloud_ramp_down,weather,WATCH,2023-03-09T14:55:00,2023-03-09T16:35:00,2023-03-09T14:35:00,2023-03-09T15:05:00,250,39.68,195.0,155.32,86,DETECTED,WATCH,PAV_HUB_6: cloud_ramp_down | loss 39.7 MW | weather,Incoming cloud band reduces Hub 6 possible power; uncertainty band widens.,Prepare reserve and adjust intraday expectation.,PAV_HUB_6
EVH_00042_SOL_PAVAGADA,EVH_00042,plant,SOL_PAVAGADA,Pavagada Solar Park,GRID_PAVAGADA_220KV,SOL_PAVAGADA,PAV_HUB_6,,cloud_ramp_down,weather,WATCH,2023-03-09T14:55:00,2023-03-09T16:35:00,2023-03-09T14:35:00,2023-03-09T15:05:00,2050,48.04,1517.0,1468.96,86,DETECTED,WATCH,SOL_PAVAGADA: cloud_ramp_down | loss 48.0 MW | weather,Incoming cloud band reduces Hub 6 possible power; uncertainty band widens.,Prepare reserve and adjust intraday expectation.,SOL_PAVAGADA
EVH_00042_GRID_PAVAGADA_220KV,EVH_00042,grid,GRID_PAVAGADA_220KV,Pavagada 220kV Pooling Station,,SOL_PAVAGADA,PAV_HUB_6,,cloud_ramp_down,weather,WATCH,2023-03-09T14:55:00,2023-03-09T16:35:00,2023-03-09T14:35:00,2023-03-09T15:05:00,2050,47.08,1517.0,1469.92,86,DETECTED,WATCH,GRID_PAVAGADA_220KV: cloud_ramp_down | loss 47.1 MW | weather,Incoming cloud band reduces Hub 6 possible power; uncertainty band widens.,Prepare reserve and adjust intraday expectation.,GRID_PAVAGADA_220KV
EVH_00043_PAV_S6_B01,EVH_00043,block,PAV_S6_B01,Hub 6 Block 1,PAV_HUB_6,SOL_PAVAGADA,PAV_HUB_6,PAV_S6_B01,grid_curtailment_plateau,grid_constraint,ALERT,2023-05-14T12:45:00,2023-05-14T16:45:00,2023-05-14T12:30:00,2023-05-14T12:45:00,50,16.36,39.0,22.64,93,DETECTED,ALERT,PAV_S6_B01: grid_curtailment_plateau | loss 16.4 MW | grid_constraint,Local export limit is active; actual output clips below possible power.,Record curtailment separately from weather forecast error; check PPC/local limit.,PAV_S6_B01
EVH_00043_PAV_S6_B02,EVH_00043,block,PAV_S6_B02,Hub 6 Block 2,PAV_HUB_6,SOL_PAVAGADA,PAV_HUB_6,PAV_S6_B02,grid_curtailment_plateau,grid_constraint,ALERT,2023-05-14T12:45:00,2023-05-14T16:45:00,2023-05-14T12:30:00,2023-05-14T12:45:00,50,16.78,39.0,22.22,93,DETECTED,ALERT,PAV_S6_B02: grid_curtailment_plateau | loss 16.8 MW | grid_constraint,Local export limit is active; actual output clips below possible power.,Record curtailment separately from weather forecast error; check PPC/local limit.,PAV_S6_B02
EVH_00043_PAV_S6_B03,EVH_00043,block,PAV_S6_B03,Hub 6 Block 3,PAV_HUB_6,SOL_PAVAGADA,PAV_HUB_6,PAV_S6_B03,grid_curtailment_plateau,grid_constraint,ALERT,2023-05-14T12:45:00,2023-05-14T16:45:00,2023-05-14T12:30:00,2023-05-14T12:45:00,50,17.27,39.0,21.73,93,DETECTED,ALERT,PAV_S6_B03: grid_curtailment_plateau | loss 17.3 MW | grid_constraint,Local export limit is active; actual output clips below possible power.,Record curtailment separately from weather forecast error; check PPC/local limit.,PAV_S6_B03
EVH_00043_PAV_S6_B04,EVH_00043,block,PAV_S6_B04,Hub 6 Block 4,PAV_HUB_6,SOL_PAVAGADA,PAV_HUB_6,PAV_S6_B04,grid_curtailment_plateau,grid_constraint,ALERT,2023-05-14T12:45:00,2023-05-14T16:45:00,2023-05-14T12:30:00,2023-05-14T12:45:00,50,16.31,39.0,22.69,93,DETECTED,ALERT,PAV_S6_B04: grid_curtailment_plateau | loss 16.3 MW | grid_constraint,Local export limit is active; actual output clips below possible power.,Record curtailment separately from weather forecast error; check PPC/local limit.,PAV_S6_B04
EVH_00043_PAV_HUB_6,EVH_00043,hub,PAV_HUB_6,Hub / Segment 6,SOL_PAVAGADA,SOL_PAVAGADA,PAV_HUB_6,,grid_curtailment_plateau,grid_constraint,ALERT,2023-05-14T12:45:00,2023-05-14T16:45:00,2023-05-14T12:30:00,2023-05-14T12:45:00,250,77.12,195.0,117.88,93,DETECTED,ALERT,PAV_HUB_6: grid_curtailment_plateau | loss 77.1 MW | grid_constraint,Local export limit is active; actual output clips below possible power.,Record curtailment separately from weather forecast error; check PPC/local limit.,PAV_HUB_6
EVH_00043_SOL_PAVAGADA,EVH_00043,plant,SOL_PAVAGADA,Pavagada Solar Park,GRID_PAVAGADA_220KV,SOL_PAVAGADA,PAV_HUB_6,,grid_curtailment_plateau,grid_constraint,ALERT,2023-05-14T12:45:00,2023-05-14T16:45:00,2023-05-14T12:30:00,2023-05-14T12:45:00,2050,98.46,1517.0,1418.54,93,DETECTED,ALERT,SOL_PAVAGADA: grid_curtailment_plateau | loss 98.5 MW | grid_constraint,Local export limit is active; actual output clips below possible power.,Record curtailment separately from weather forecast error; check PPC/local limit.,SOL_PAVAGADA
EVH_00043_GRID_PAVAGADA_220KV,EVH_00043,grid,GRID_PAVAGADA_220KV,Pavagada 220kV Pooling Station,,SOL_PAVAGADA,PAV_HUB_6,,grid_curtailment_plateau,grid_constraint,ALERT,2023-05-14T12:45:00,2023-05-14T16:45:00,2023-05-14T12:30:00,2023-05-14T12:45:00,2050,96.49,1517.0,1420.51,93,DETECTED,ALERT,GRID_PAVAGADA_220KV: grid_curtailment_plateau | loss 96.5 MW | grid_constraint,Local export limit is active; actual output clips below possible power.,Record curtailment separately from weather forecast error; check PPC/local limit.,GRID_PAVAGADA_220KV
EVH_00044_PAV_S2_B01,EVH_00044,block,PAV_S2_B01,Hub 2 Block 1,PAV_HUB_2,SOL_PAVAGADA,PAV_HUB_2,PAV_S2_B01,scada_stale_signal,data_quality,ALERT,2023-08-18T15:00:00,2023-08-18T16:25:00,2023-08-18T14:55:00,2023-08-18T15:00:00,50,0.0,39.0,39.0,78,DETECTED,ALERT,PAV_S2_B01: scada_stale_signal | loss 0.0 MW | data_quality,Actual MW tag freezes while resource signal continues moving.,Do not trust stale tag; use last-good value and lower forecast confidence.,PAV_S2_B01
EVH_00044_PAV_HUB_2,EVH_00044,hub,PAV_HUB_2,Hub / Segment 2,SOL_PAVAGADA,SOL_PAVAGADA,PAV_HUB_2,,scada_stale_signal,data_quality,ALERT,2023-08-18T15:00:00,2023-08-18T16:25:00,2023-08-18T14:55:00,2023-08-18T15:00:00,250,0.0,195.0,195.0,78,DETECTED,ALERT,PAV_HUB_2: scada_stale_signal | loss 0.0 MW | data_quality,Actual MW tag freezes while resource signal continues moving.,Do not trust stale tag; use last-good value and lower forecast confidence.,PAV_HUB_2
EVH_00044_SOL_PAVAGADA,EVH_00044,plant,SOL_PAVAGADA,Pavagada Solar Park,GRID_PAVAGADA_220KV,SOL_PAVAGADA,PAV_HUB_2,,scada_stale_signal,data_quality,ALERT,2023-08-18T15:00:00,2023-08-18T16:25:00,2023-08-18T14:55:00,2023-08-18T15:00:00,2050,0.0,1517.0,1517.0,78,DETECTED,ALERT,SOL_PAVAGADA: scada_stale_signal | loss 0.0 MW | data_quality,Actual MW tag freezes while resource signal continues moving.,Do not trust stale tag; use last-good value and lower forecast confidence.,SOL_PAVAGADA
EVH_00044_GRID_PAVAGADA_220KV,EVH_00044,grid,GRID_PAVAGADA_220KV,Pavagada 220kV Pooling Station,,SOL_PAVAGADA,PAV_HUB_2,,scada_stale_signal,data_quality,ALERT,2023-08-18T15:00:00,2023-08-18T16:25:00,2023-08-18T14:55:00,2023-08-18T15:00:00,2050,0.0,1517.0,1517.0,78,DETECTED,ALERT,GRID_PAVAGADA_220KV: scada_stale_signal | loss 0.0 MW | data_quality,Actual MW tag freezes while resource signal continues moving.,Do not trust stale tag; use last-good value and lower forecast confidence.,GRID_PAVAGADA_220KV
EVH_00045_PAV_S4_B05,EVH_00045,block,PAV_S4_B05,Hub 4 Block 5,PAV_HUB_4,SOL_PAVAGADA,PAV_HUB_4,PAV_S4_B05,inverter_group_derating,equipment,WATCH,2023-10-22T10:30:00,2023-10-22T14:30:00,2023-10-22T10:25:00,2023-10-22T10:30:00,50,8.32,39.0,30.68,81,DETECTED,WATCH,PAV_S4_B05: inverter_group_derating | loss 8.3 MW | equipment,One inverter group derates; resource remains normal but block availability drops.,Inspect inverter group and separate equipment loss from weather error.,PAV_S4_B05
EVH_00045_PAV_HUB_4,EVH_00045,hub,PAV_HUB_4,Hub / Segment 4,SOL_PAVAGADA,SOL_PAVAGADA,PAV_HUB_4,,inverter_group_derating,equipment,WATCH,2023-10-22T10:30:00,2023-10-22T14:30:00,2023-10-22T10:25:00,2023-10-22T10:30:00,250,9.14,195.0,185.86,81,DETECTED,WATCH,PAV_HUB_4: inverter_group_derating | loss 9.1 MW | equipment,One inverter group derates; resource remains normal but block availability drops.,Inspect inverter group and separate equipment loss from weather error.,PAV_HUB_4
EVH_00045_SOL_PAVAGADA,EVH_00045,plant,SOL_PAVAGADA,Pavagada Solar Park,GRID_PAVAGADA_220KV,SOL_PAVAGADA,PAV_HUB_4,,inverter_group_derating,equipment,WATCH,2023-10-22T10:30:00,2023-10-22T14:30:00,2023-10-22T10:25:00,2023-10-22T10:30:00,2050,11.45,1517.0,1505.55,81,DETECTED,WATCH,SOL_PAVAGADA: inverter_group_derating | loss 11.4 MW | equipment,One inverter group derates; resource remains normal but block availability drops.,Inspect inverter group and separate equipment loss from weather error.,SOL_PAVAGADA
EVH_00045_GRID_PAVAGADA_220KV,EVH_00045,grid,GRID_PAVAGADA_220KV,Pavagada 220kV Pooling Station,,SOL_PAVAGADA,PAV_HUB_4,,inverter_group_derating,equipment,WATCH,2023-10-22T10:30:00,2023-10-22T14:30:00,2023-10-22T10:25:00,2023-10-22T10:30:00,2050,11.22,1517.0,1505.78,81,DETECTED,WATCH,GRID_PAVAGADA_220KV: inverter_group_derating | loss 11.2 MW | equipment,One inverter group derates; resource remains normal but block availability drops.,Inspect inverter group and separate equipment loss from weather error.,GRID_PAVAGADA_220KV
EVH_00046_PAV_S3_B02,EVH_00046,block,PAV_S3_B02,Hub 3 Block 2,PAV_HUB_3,SOL_PAVAGADA,PAV_HUB_3,PAV_S3_B02,cloud_ramp_up_after_cloud_clearance,weather,WATCH,2024-01-05T15:20:00,2024-01-05T17:10:00,2024-01-05T15:00:00,2024-01-05T15:35:00,50,11.93,39.0,27.07,86,DETECTED,WATCH,PAV_S3_B02: cloud_ramp_up_after_cloud_clearance | loss 11.9 MW | weather,Cloud obstruction clears around Hub 3; forecast P50 rises before actual output catches up.,Prepare reserve release carefully and monitor ramp timing.,PAV_S3_B02
EVH_00046_PAV_S3_B03,EVH_00046,block,PAV_S3_B03,Hub 3 Block 3,PAV_HUB_3,SOL_PAVAGADA,PAV_HUB_3,PAV_S3_B03,cloud_ramp_up_after_cloud_clearance,weather,WATCH,2024-01-05T15:20:00,2024-01-05T17:10:00,2024-01-05T15:00:00,2024-01-05T15:35:00,50,10.26,39.0,28.74,86,DETECTED,WATCH,PAV_S3_B03: cloud_ramp_up_after_cloud_clearance | loss 10.3 MW | weather,Cloud obstruction clears around Hub 3; forecast P50 rises before actual output catches up.,Prepare reserve release carefully and monitor ramp timing.,PAV_S3_B03
EVH_00046_PAV_S3_B04,EVH_00046,block,PAV_S3_B04,Hub 3 Block 4,PAV_HUB_3,SOL_PAVAGADA,PAV_HUB_3,PAV_S3_B04,cloud_ramp_up_after_cloud_clearance,weather,WATCH,2024-01-05T15:20:00,2024-01-05T17:10:00,2024-01-05T15:00:00,2024-01-05T15:35:00,50,12.02,39.0,26.98,86,DETECTED,WATCH,PAV_S3_B04: cloud_ramp_up_after_cloud_clearance | loss 12.0 MW | weather,Cloud obstruction clears around Hub 3; forecast P50 rises before actual output catches up.,Prepare reserve release carefully and monitor ramp timing.,PAV_S3_B04
EVH_00046_PAV_HUB_3,EVH_00046,hub,PAV_HUB_3,Hub / Segment 3,SOL_PAVAGADA,SOL_PAVAGADA,PAV_HUB_3,,cloud_ramp_up_after_cloud_clearance,weather,WATCH,2024-01-05T15:20:00,2024-01-05T17:10:00,2024-01-05T15:00:00,2024-01-05T15:35:00,250,37.39,195.0,157.61,86,DETECTED,WATCH,PAV_HUB_3: cloud_ramp_up_after_cloud_clearance | loss 37.4 MW | weather,Cloud obstruction clears around Hub 3; forecast P50 rises before actual output catches up.,Prepare reserve release carefully and monitor ramp timing.,PAV_HUB_3
EVH_00046_SOL_PAVAGADA,EVH_00046,plant,SOL_PAVAGADA,Pavagada Solar Park,GRID_PAVAGADA_220KV,SOL_PAVAGADA,PAV_HUB_3,,cloud_ramp_up_after_cloud_clearance,weather,WATCH,2024-01-05T15:20:00,2024-01-05T17:10:00,2024-01-05T15:00:00,2024-01-05T15:35:00,2050,43.12,1517.0,1473.88,86,DETECTED,WATCH,SOL_PAVAGADA: cloud_ramp_up_after_cloud_clearance | loss 43.1 MW | weather,Cloud obstruction clears around Hub 3; forecast P50 rises before actual output catches up.,Prepare reserve release carefully and monitor ramp timing.,SOL_PAVAGADA
EVH_00046_GRID_PAVAGADA_220KV,EVH_00046,grid,GRID_PAVAGADA_220KV,Pavagada 220kV Pooling Station,,SOL_PAVAGADA,PAV_HUB_3,,cloud_ramp_up_after_cloud_clearance,weather,WATCH,2024-01-05T15:20:00,2024-01-05T17:10:00,2024-01-05T15:00:00,2024-01-05T15:35:00,2050,42.26,1517.0,1474.74,86,DETECTED,WATCH,GRID_PAVAGADA_220KV: cloud_ramp_up_after_cloud_clearance | loss 42.3 MW | weather,Cloud obstruction clears around Hub 3; forecast P50 rises before actual output catches up.,Prepare reserve release carefully and monitor ramp timing.,GRID_PAVAGADA_220KV
EVH_00047_PAV_S6_B01,EVH_00047,block,PAV_S6_B01,Hub 6 Block 1,PAV_HUB_6,SOL_PAVAGADA,PAV_HUB_6,PAV_S6_B01,cloud_ramp_down,weather,WATCH,2024-03-09T14:55:00,2024-03-09T16:35:00,2024-03-09T14:35:00,2024-03-09T15:05:00,50,11.75,39.0,27.25,86,DETECTED,WATCH,PAV_S6_B01: cloud_ramp_down | loss 11.8 MW | weather,Incoming cloud band reduces Hub 6 possible power; uncertainty band widens.,Prepare reserve and adjust intraday expectation.,PAV_S6_B01
EVH_00047_PAV_S6_B02,EVH_00047,block,PAV_S6_B02,Hub 6 Block 2,PAV_HUB_6,SOL_PAVAGADA,PAV_HUB_6,PAV_S6_B02,cloud_ramp_down,weather,WATCH,2024-03-09T14:55:00,2024-03-09T16:35:00,2024-03-09T14:35:00,2024-03-09T15:05:00,50,12.81,39.0,26.19,86,DETECTED,WATCH,PAV_S6_B02: cloud_ramp_down | loss 12.8 MW | weather,Incoming cloud band reduces Hub 6 possible power; uncertainty band widens.,Prepare reserve and adjust intraday expectation.,PAV_S6_B02
EVH_00047_PAV_S6_B03,EVH_00047,block,PAV_S6_B03,Hub 6 Block 3,PAV_HUB_6,SOL_PAVAGADA,PAV_HUB_6,PAV_S6_B03,cloud_ramp_down,weather,WATCH,2024-03-09T14:55:00,2024-03-09T16:35:00,2024-03-09T14:35:00,2024-03-09T15:05:00,50,12.25,39.0,26.75,86,DETECTED,WATCH,PAV_S6_B03: cloud_ramp_down | loss 12.2 MW | weather,Incoming cloud band reduces Hub 6 possible power; uncertainty band widens.,Prepare reserve and adjust intraday expectation.,PAV_S6_B03
EVH_00047_PAV_HUB_6,EVH_00047,hub,PAV_HUB_6,Hub / Segment 6,SOL_PAVAGADA,SOL_PAVAGADA,PAV_HUB_6,,cloud_ramp_down,weather,WATCH,2024-03-09T14:55:00,2024-03-09T16:35:00,2024-03-09T14:35:00,2024-03-09T15:05:00,250,41.2,195.0,153.8,86,DETECTED,WATCH,PAV_HUB_6: cloud_ramp_down | loss 41.2 MW | weather,Incoming cloud band reduces Hub 6 possible power; uncertainty band widens.,Prepare reserve and adjust intraday expectation.,PAV_HUB_6
EVH_00047_SOL_PAVAGADA,EVH_00047,plant,SOL_PAVAGADA,Pavagada Solar Park,GRID_PAVAGADA_220KV,SOL_PAVAGADA,PAV_HUB_6,,cloud_ramp_down,weather,WATCH,2024-03-09T14:55:00,2024-03-09T16:35:00,2024-03-09T14:35:00,2024-03-09T15:05:00,2050,47.71,1517.0,1469.29,86,DETECTED,WATCH,SOL_PAVAGADA: cloud_ramp_down | loss 47.7 MW | weather,Incoming cloud band reduces Hub 6 possible power; uncertainty band widens.,Prepare reserve and adjust intraday expectation.,SOL_PAVAGADA
EVH_00047_GRID_PAVAGADA_220KV,EVH_00047,grid,GRID_PAVAGADA_220KV,Pavagada 220kV Pooling Station,,SOL_PAVAGADA,PAV_HUB_6,,cloud_ramp_down,weather,WATCH,2024-03-09T14:55:00,2024-03-09T16:35:00,2024-03-09T14:35:00,2024-03-09T15:05:00,2050,46.76,1517.0,1470.24,86,DETECTED,WATCH,GRID_PAVAGADA_220KV: cloud_ramp_down | loss 46.8 MW | weather,Incoming cloud band reduces Hub 6 possible power; uncertainty band widens.,Prepare reserve and adjust intraday expectation.,GRID_PAVAGADA_220KV
EVH_00048_PAV_S6_B01,EVH_00048,block,PAV_S6_B01,Hub 6 Block 1,PAV_HUB_6,SOL_PAVAGADA,PAV_HUB_6,PAV_S6_B01,grid_curtailment_plateau,grid_constraint,ALERT,2024-05-14T12:45:00,2024-05-14T16:45:00,2024-05-14T12:30:00,2024-05-14T12:45:00,50,17.61,39.0,21.39,93,DETECTED,ALERT,PAV_S6_B01: grid_curtailment_plateau | loss 17.6 MW | grid_constraint,Local export limit is active; actual output clips below possible power.,Record curtailment separately from weather forecast error; check PPC/local limit.,PAV_S6_B01
EVH_00048_PAV_S6_B02,EVH_00048,block,PAV_S6_B02,Hub 6 Block 2,PAV_HUB_6,SOL_PAVAGADA,PAV_HUB_6,PAV_S6_B02,grid_curtailment_plateau,grid_constraint,ALERT,2024-05-14T12:45:00,2024-05-14T16:45:00,2024-05-14T12:30:00,2024-05-14T12:45:00,50,19.24,39.0,19.76,93,DETECTED,ALERT,PAV_S6_B02: grid_curtailment_plateau | loss 19.2 MW | grid_constraint,Local export limit is active; actual output clips below possible power.,Record curtailment separately from weather forecast error; check PPC/local limit.,PAV_S6_B02
EVH_00048_PAV_S6_B03,EVH_00048,block,PAV_S6_B03,Hub 6 Block 3,PAV_HUB_6,SOL_PAVAGADA,PAV_HUB_6,PAV_S6_B03,grid_curtailment_plateau,grid_constraint,ALERT,2024-05-14T12:45:00,2024-05-14T16:45:00,2024-05-14T12:30:00,2024-05-14T12:45:00,50,18.64,39.0,20.36,93,DETECTED,ALERT,PAV_S6_B03: grid_curtailment_plateau | loss 18.6 MW | grid_constraint,Local export limit is active; actual output clips below possible power.,Record curtailment separately from weather forecast error; check PPC/local limit.,PAV_S6_B03
EVH_00048_PAV_S6_B04,EVH_00048,block,PAV_S6_B04,Hub 6 Block 4,PAV_HUB_6,SOL_PAVAGADA,PAV_HUB_6,PAV_S6_B04,grid_curtailment_plateau,grid_constraint,ALERT,2024-05-14T12:45:00,2024-05-14T16:45:00,2024-05-14T12:30:00,2024-05-14T12:45:00,50,18.7,39.0,20.3,93,DETECTED,ALERT,PAV_S6_B04: grid_curtailment_plateau | loss 18.7 MW | grid_constraint,Local export limit is active; actual output clips below possible power.,Record curtailment separately from weather forecast error; check PPC/local limit.,PAV_S6_B04
EVH_00048_PAV_HUB_6,EVH_00048,hub,PAV_HUB_6,Hub / Segment 6,SOL_PAVAGADA,SOL_PAVAGADA,PAV_HUB_6,,grid_curtailment_plateau,grid_constraint,ALERT,2024-05-14T12:45:00,2024-05-14T16:45:00,2024-05-14T12:30:00,2024-05-14T12:45:00,250,78.5,195.0,116.5,93,DETECTED,ALERT,PAV_HUB_6: grid_curtailment_plateau | loss 78.5 MW | grid_constraint,Local export limit is active; actual output clips below possible power.,Record curtailment separately from weather forecast error; check PPC/local limit.,PAV_HUB_6
EVH_00048_SOL_PAVAGADA,EVH_00048,plant,SOL_PAVAGADA,Pavagada Solar Park,GRID_PAVAGADA_220KV,SOL_PAVAGADA,PAV_HUB_6,,grid_curtailment_plateau,grid_constraint,ALERT,2024-05-14T12:45:00,2024-05-14T16:45:00,2024-05-14T12:30:00,2024-05-14T12:45:00,2050,93.64,1517.0,1423.36,93,DETECTED,ALERT,SOL_PAVAGADA: grid_curtailment_plateau | loss 93.6 MW | grid_constraint,Local export limit is active; actual output clips below possible power.,Record curtailment separately from weather forecast error; check PPC/local limit.,SOL_PAVAGADA
EVH_00048_GRID_PAVAGADA_220KV,EVH_00048,grid,GRID_PAVAGADA_220KV,Pavagada 220kV Pooling Station,,SOL_PAVAGADA,PAV_HUB_6,,grid_curtailment_plateau,grid_constraint,ALERT,2024-05-14T12:45:00,2024-05-14T16:45:00,2024-05-14T12:30:00,2024-05-14T12:45:00,2050,91.77,1517.0,1425.23,93,DETECTED,ALERT,GRID_PAVAGADA_220KV: grid_curtailment_plateau | loss 91.8 MW | grid_constraint,Local export limit is active; actual output clips below possible power.,Record curtailment separately from weather forecast error; check PPC/local limit.,GRID_PAVAGADA_220KV
EVH_00049_PAV_S2_B01,EVH_00049,block,PAV_S2_B01,Hub 2 Block 1,PAV_HUB_2,SOL_PAVAGADA,PAV_HUB_2,PAV_S2_B01,scada_stale_signal,data_quality,ALERT,2024-08-18T15:00:00,2024-08-18T16:25:00,2024-08-18T14:55:00,2024-08-18T15:00:00,50,0.0,39.0,39.0,78,DETECTED,ALERT,PAV_S2_B01: scada_stale_signal | loss 0.0 MW | data_quality,Actual MW tag freezes while resource signal continues moving.,Do not trust stale tag; use last-good value and lower forecast confidence.,PAV_S2_B01
EVH_00049_PAV_HUB_2,EVH_00049,hub,PAV_HUB_2,Hub / Segment 2,SOL_PAVAGADA,SOL_PAVAGADA,PAV_HUB_2,,scada_stale_signal,data_quality,ALERT,2024-08-18T15:00:00,2024-08-18T16:25:00,2024-08-18T14:55:00,2024-08-18T15:00:00,250,0.0,195.0,195.0,78,DETECTED,ALERT,PAV_HUB_2: scada_stale_signal | loss 0.0 MW | data_quality,Actual MW tag freezes while resource signal continues moving.,Do not trust stale tag; use last-good value and lower forecast confidence.,PAV_HUB_2
EVH_00049_SOL_PAVAGADA,EVH_00049,plant,SOL_PAVAGADA,Pavagada Solar Park,GRID_PAVAGADA_220KV,SOL_PAVAGADA,PAV_HUB_2,,scada_stale_signal,data_quality,ALERT,2024-08-18T15:00:00,2024-08-18T16:25:00,2024-08-18T14:55:00,2024-08-18T15:00:00,2050,0.0,1517.0,1517.0,78,DETECTED,ALERT,SOL_PAVAGADA: scada_stale_signal | loss 0.0 MW | data_quality,Actual MW tag freezes while resource signal continues moving.,Do not trust stale tag; use last-good value and lower forecast confidence.,SOL_PAVAGADA
EVH_00049_GRID_PAVAGADA_220KV,EVH_00049,grid,GRID_PAVAGADA_220KV,Pavagada 220kV Pooling Station,,SOL_PAVAGADA,PAV_HUB_2,,scada_stale_signal,data_quality,ALERT,2024-08-18T15:00:00,2024-08-18T16:25:00,2024-08-18T14:55:00,2024-08-18T15:00:00,2050,0.0,1517.0,1517.0,78,DETECTED,ALERT,GRID_PAVAGADA_220KV: scada_stale_signal | loss 0.0 MW | data_quality,Actual MW tag freezes while resource signal continues moving.,Do not trust stale tag; use last-good value and lower forecast confidence.,GRID_PAVAGADA_220KV
EVH_00050_PAV_S4_B05,EVH_00050,block,PAV_S4_B05,Hub 4 Block 5,PAV_HUB_4,SOL_PAVAGADA,PAV_HUB_4,PAV_S4_B05,inverter_group_derating,equipment,WATCH,2024-10-22T10:30:00,2024-10-22T14:30:00,2024-10-22T10:25:00,2024-10-22T10:30:00,50,7.69,39.0,31.31,81,DETECTED,WATCH,PAV_S4_B05: inverter_group_derating | loss 7.7 MW | equipment,One inverter group derates; resource remains normal but block availability drops.,Inspect inverter group and separate equipment loss from weather error.,PAV_S4_B05
EVH_00050_PAV_HUB_4,EVH_00050,hub,PAV_HUB_4,Hub / Segment 4,SOL_PAVAGADA,SOL_PAVAGADA,PAV_HUB_4,,inverter_group_derating,equipment,WATCH,2024-10-22T10:30:00,2024-10-22T14:30:00,2024-10-22T10:25:00,2024-10-22T10:30:00,250,8.15,195.0,186.85,81,DETECTED,WATCH,PAV_HUB_4: inverter_group_derating | loss 8.2 MW | equipment,One inverter group derates; resource remains normal but block availability drops.,Inspect inverter group and separate equipment loss from weather error.,PAV_HUB_4
EVH_00050_SOL_PAVAGADA,EVH_00050,plant,SOL_PAVAGADA,Pavagada Solar Park,GRID_PAVAGADA_220KV,SOL_PAVAGADA,PAV_HUB_4,,inverter_group_derating,equipment,WATCH,2024-10-22T10:30:00,2024-10-22T14:30:00,2024-10-22T10:25:00,2024-10-22T10:30:00,2050,9.99,1517.0,1507.01,81,DETECTED,WATCH,SOL_PAVAGADA: inverter_group_derating | loss 10.0 MW | equipment,One inverter group derates; resource remains normal but block availability drops.,Inspect inverter group and separate equipment loss from weather error.,SOL_PAVAGADA
EVH_00050_GRID_PAVAGADA_220KV,EVH_00050,grid,GRID_PAVAGADA_220KV,Pavagada 220kV Pooling Station,,SOL_PAVAGADA,PAV_HUB_4,,inverter_group_derating,equipment,WATCH,2024-10-22T10:30:00,2024-10-22T14:30:00,2024-10-22T10:25:00,2024-10-22T10:30:00,2050,9.79,1517.0,1507.21,81,DETECTED,WATCH,GRID_PAVAGADA_220KV: inverter_group_derating | loss 9.8 MW | equipment,One inverter group derates; resource remains normal but block availability drops.,Inspect inverter group and separate equipment loss from weather error.,GRID_PAVAGADA_220KV
EVH_00051_PAV_S3_B02,EVH_00051,block,PAV_S3_B02,Hub 3 Block 2,PAV_HUB_3,SOL_PAVAGADA,PAV_HUB_3,PAV_S3_B02,cloud_ramp_up_after_cloud_clearance,weather,WATCH,2025-01-05T15:20:00,2025-01-05T17:10:00,2025-01-05T15:00:00,2025-01-05T15:35:00,50,11.32,39.0,27.68,86,DETECTED,WATCH,PAV_S3_B02: cloud_ramp_up_after_cloud_clearance | loss 11.3 MW | weather,Cloud obstruction clears around Hub 3; forecast P50 rises before actual output catches up.,Prepare reserve release carefully and monitor ramp timing.,PAV_S3_B02
EVH_00051_PAV_S3_B03,EVH_00051,block,PAV_S3_B03,Hub 3 Block 3,PAV_HUB_3,SOL_PAVAGADA,PAV_HUB_3,PAV_S3_B03,cloud_ramp_up_after_cloud_clearance,weather,WATCH,2025-01-05T15:20:00,2025-01-05T17:10:00,2025-01-05T15:00:00,2025-01-05T15:35:00,50,11.25,39.0,27.75,86,DETECTED,WATCH,PAV_S3_B03: cloud_ramp_up_after_cloud_clearance | loss 11.2 MW | weather,Cloud obstruction clears around Hub 3; forecast P50 rises before actual output catches up.,Prepare reserve release carefully and monitor ramp timing.,PAV_S3_B03
EVH_00051_PAV_S3_B04,EVH_00051,block,PAV_S3_B04,Hub 3 Block 4,PAV_HUB_3,SOL_PAVAGADA,PAV_HUB_3,PAV_S3_B04,cloud_ramp_up_after_cloud_clearance,weather,WATCH,2025-01-05T15:20:00,2025-01-05T17:10:00,2025-01-05T15:00:00,2025-01-05T15:35:00,50,11.93,39.0,27.07,86,DETECTED,WATCH,PAV_S3_B04: cloud_ramp_up_after_cloud_clearance | loss 11.9 MW | weather,Cloud obstruction clears around Hub 3; forecast P50 rises before actual output catches up.,Prepare reserve release carefully and monitor ramp timing.,PAV_S3_B04
EVH_00051_PAV_HUB_3,EVH_00051,hub,PAV_HUB_3,Hub / Segment 3,SOL_PAVAGADA,SOL_PAVAGADA,PAV_HUB_3,,cloud_ramp_up_after_cloud_clearance,weather,WATCH,2025-01-05T15:20:00,2025-01-05T17:10:00,2025-01-05T15:00:00,2025-01-05T15:35:00,250,39.31,195.0,155.69,86,DETECTED,WATCH,PAV_HUB_3: cloud_ramp_up_after_cloud_clearance | loss 39.3 MW | weather,Cloud obstruction clears around Hub 3; forecast P50 rises before actual output catches up.,Prepare reserve release carefully and monitor ramp timing.,PAV_HUB_3
EVH_00051_SOL_PAVAGADA,EVH_00051,plant,SOL_PAVAGADA,Pavagada Solar Park,GRID_PAVAGADA_220KV,SOL_PAVAGADA,PAV_HUB_3,,cloud_ramp_up_after_cloud_clearance,weather,WATCH,2025-01-05T15:20:00,2025-01-05T17:10:00,2025-01-05T15:00:00,2025-01-05T15:35:00,2050,52.08,1517.0,1464.92,86,DETECTED,WATCH,SOL_PAVAGADA: cloud_ramp_up_after_cloud_clearance | loss 52.1 MW | weather,Cloud obstruction clears around Hub 3; forecast P50 rises before actual output catches up.,Prepare reserve release carefully and monitor ramp timing.,SOL_PAVAGADA
EVH_00051_GRID_PAVAGADA_220KV,EVH_00051,grid,GRID_PAVAGADA_220KV,Pavagada 220kV Pooling Station,,SOL_PAVAGADA,PAV_HUB_3,,cloud_ramp_up_after_cloud_clearance,weather,WATCH,2025-01-05T15:20:00,2025-01-05T17:10:00,2025-01-05T15:00:00,2025-01-05T15:35:00,2050,51.04,1517.0,1465.96,86,DETECTED,WATCH,GRID_PAVAGADA_220KV: cloud_ramp_up_after_cloud_clearance | loss 51.0 MW | weather,Cloud obstruction clears around Hub 3; forecast P50 rises before actual output catches up.,Prepare reserve release carefully and monitor ramp timing.,GRID_PAVAGADA_220KV
EVH_00052_PAV_S6_B01,EVH_00052,block,PAV_S6_B01,Hub 6 Block 1,PAV_HUB_6,SOL_PAVAGADA,PAV_HUB_6,PAV_S6_B01,cloud_ramp_down,weather,WATCH,2025-03-09T14:55:00,2025-03-09T16:35:00,2025-03-09T14:35:00,2025-03-09T15:05:00,50,10.8,39.0,28.2,86,DETECTED,WATCH,PAV_S6_B01: cloud_ramp_down | loss 10.8 MW | weather,Incoming cloud band reduces Hub 6 possible power; uncertainty band widens.,Prepare reserve and adjust intraday expectation.,PAV_S6_B01
EVH_00052_PAV_S6_B02,EVH_00052,block,PAV_S6_B02,Hub 6 Block 2,PAV_HUB_6,SOL_PAVAGADA,PAV_HUB_6,PAV_S6_B02,cloud_ramp_down,weather,WATCH,2025-03-09T14:55:00,2025-03-09T16:35:00,2025-03-09T14:35:00,2025-03-09T15:05:00,50,11.56,39.0,27.44,86,DETECTED,WATCH,PAV_S6_B02: cloud_ramp_down | loss 11.6 MW | weather,Incoming cloud band reduces Hub 6 possible power; uncertainty band widens.,Prepare reserve and adjust intraday expectation.,PAV_S6_B02
EVH_00052_PAV_S6_B03,EVH_00052,block,PAV_S6_B03,Hub 6 Block 3,PAV_HUB_6,SOL_PAVAGADA,PAV_HUB_6,PAV_S6_B03,cloud_ramp_down,weather,WATCH,2025-03-09T14:55:00,2025-03-09T16:35:00,2025-03-09T14:35:00,2025-03-09T15:05:00,50,11.08,39.0,27.92,86,DETECTED,WATCH,PAV_S6_B03: cloud_ramp_down | loss 11.1 MW | weather,Incoming cloud band reduces Hub 6 possible power; uncertainty band widens.,Prepare reserve and adjust intraday expectation.,PAV_S6_B03
EVH_00052_PAV_HUB_6,EVH_00052,hub,PAV_HUB_6,Hub / Segment 6,SOL_PAVAGADA,SOL_PAVAGADA,PAV_HUB_6,,cloud_ramp_down,weather,WATCH,2025-03-09T14:55:00,2025-03-09T16:35:00,2025-03-09T14:35:00,2025-03-09T15:05:00,250,36.56,195.0,158.44,86,DETECTED,WATCH,PAV_HUB_6: cloud_ramp_down | loss 36.6 MW | weather,Incoming cloud band reduces Hub 6 possible power; uncertainty band widens.,Prepare reserve and adjust intraday expectation.,PAV_HUB_6
EVH_00052_SOL_PAVAGADA,EVH_00052,plant,SOL_PAVAGADA,Pavagada Solar Park,GRID_PAVAGADA_220KV,SOL_PAVAGADA,PAV_HUB_6,,cloud_ramp_down,weather,WATCH,2025-03-09T14:55:00,2025-03-09T16:35:00,2025-03-09T14:35:00,2025-03-09T15:05:00,2050,49.13,1517.0,1467.87,86,DETECTED,WATCH,SOL_PAVAGADA: cloud_ramp_down | loss 49.1 MW | weather,Incoming cloud band reduces Hub 6 possible power; uncertainty band widens.,Prepare reserve and adjust intraday expectation.,SOL_PAVAGADA
EVH_00052_GRID_PAVAGADA_220KV,EVH_00052,grid,GRID_PAVAGADA_220KV,Pavagada 220kV Pooling Station,,SOL_PAVAGADA,PAV_HUB_6,,cloud_ramp_down,weather,WATCH,2025-03-09T14:55:00,2025-03-09T16:35:00,2025-03-09T14:35:00,2025-03-09T15:05:00,2050,48.15,1517.0,1468.85,86,DETECTED,WATCH,GRID_PAVAGADA_220KV: cloud_ramp_down | loss 48.1 MW | weather,Incoming cloud band reduces Hub 6 possible power; uncertainty band widens.,Prepare reserve and adjust intraday expectation.,GRID_PAVAGADA_220KV
EVH_00053_PAV_S6_B01,EVH_00053,block,PAV_S6_B01,Hub 6 Block 1,PAV_HUB_6,SOL_PAVAGADA,PAV_HUB_6,PAV_S6_B01,grid_curtailment_plateau,grid_constraint,ALERT,2025-05-14T12:45:00,2025-05-14T16:45:00,2025-05-14T12:30:00,2025-05-14T12:45:00,50,17.62,39.0,21.38,93,DETECTED,ALERT,PAV_S6_B01: grid_curtailment_plateau | loss 17.6 MW | grid_constraint,Local export limit is active; actual output clips below possible power.,Record curtailment separately from weather forecast error; check PPC/local limit.,PAV_S6_B01
EVH_00053_PAV_S6_B02,EVH_00053,block,PAV_S6_B02,Hub 6 Block 2,PAV_HUB_6,SOL_PAVAGADA,PAV_HUB_6,PAV_S6_B02,grid_curtailment_plateau,grid_constraint,ALERT,2025-05-14T12:45:00,2025-05-14T16:45:00,2025-05-14T12:30:00,2025-05-14T12:45:00,50,18.35,39.0,20.65,93,DETECTED,ALERT,PAV_S6_B02: grid_curtailment_plateau | loss 18.4 MW | grid_constraint,Local export limit is active; actual output clips below possible power.,Record curtailment separately from weather forecast error; check PPC/local limit.,PAV_S6_B02
EVH_00053_PAV_S6_B03,EVH_00053,block,PAV_S6_B03,Hub 6 Block 3,PAV_HUB_6,SOL_PAVAGADA,PAV_HUB_6,PAV_S6_B03,grid_curtailment_plateau,grid_constraint,ALERT,2025-05-14T12:45:00,2025-05-14T16:45:00,2025-05-14T12:30:00,2025-05-14T12:45:00,50,18.88,39.0,20.12,93,DETECTED,ALERT,PAV_S6_B03: grid_curtailment_plateau | loss 18.9 MW | grid_constraint,Local export limit is active; actual output clips below possible power.,Record curtailment separately from weather forecast error; check PPC/local limit.,PAV_S6_B03
EVH_00053_PAV_S6_B04,EVH_00053,block,PAV_S6_B04,Hub 6 Block 4,PAV_HUB_6,SOL_PAVAGADA,PAV_HUB_6,PAV_S6_B04,grid_curtailment_plateau,grid_constraint,ALERT,2025-05-14T12:45:00,2025-05-14T16:45:00,2025-05-14T12:30:00,2025-05-14T12:45:00,50,17.1,39.0,21.9,93,DETECTED,ALERT,PAV_S6_B04: grid_curtailment_plateau | loss 17.1 MW | grid_constraint,Local export limit is active; actual output clips below possible power.,Record curtailment separately from weather forecast error; check PPC/local limit.,PAV_S6_B04
EVH_00053_PAV_HUB_6,EVH_00053,hub,PAV_HUB_6,Hub / Segment 6,SOL_PAVAGADA,SOL_PAVAGADA,PAV_HUB_6,,grid_curtailment_plateau,grid_constraint,ALERT,2025-05-14T12:45:00,2025-05-14T16:45:00,2025-05-14T12:30:00,2025-05-14T12:45:00,250,80.0,195.0,115.0,93,DETECTED,ALERT,PAV_HUB_6: grid_curtailment_plateau | loss 80.0 MW | grid_constraint,Local export limit is active; actual output clips below possible power.,Record curtailment separately from weather forecast error; check PPC/local limit.,PAV_HUB_6
EVH_00053_SOL_PAVAGADA,EVH_00053,plant,SOL_PAVAGADA,Pavagada Solar Park,GRID_PAVAGADA_220KV,SOL_PAVAGADA,PAV_HUB_6,,grid_curtailment_plateau,grid_constraint,ALERT,2025-05-14T12:45:00,2025-05-14T16:45:00,2025-05-14T12:30:00,2025-05-14T12:45:00,2050,92.44,1517.0,1424.56,93,DETECTED,ALERT,SOL_PAVAGADA: grid_curtailment_plateau | loss 92.4 MW | grid_constraint,Local export limit is active; actual output clips below possible power.,Record curtailment separately from weather forecast error; check PPC/local limit.,SOL_PAVAGADA
EVH_00053_GRID_PAVAGADA_220KV,EVH_00053,grid,GRID_PAVAGADA_220KV,Pavagada 220kV Pooling Station,,SOL_PAVAGADA,PAV_HUB_6,,grid_curtailment_plateau,grid_constraint,ALERT,2025-05-14T12:45:00,2025-05-14T16:45:00,2025-05-14T12:30:00,2025-05-14T12:45:00,2050,90.59,1517.0,1426.41,93,DETECTED,ALERT,GRID_PAVAGADA_220KV: grid_curtailment_plateau | loss 90.6 MW | grid_constraint,Local export limit is active; actual output clips below possible power.,Record curtailment separately from weather forecast error; check PPC/local limit.,GRID_PAVAGADA_220KV
EVH_00054_PAV_S2_B01,EVH_00054,block,PAV_S2_B01,Hub 2 Block 1,PAV_HUB_2,SOL_PAVAGADA,PAV_HUB_2,PAV_S2_B01,scada_stale_signal,data_quality,ALERT,2025-08-18T15:00:00,2025-08-18T16:25:00,2025-08-18T14:55:00,2025-08-18T15:00:00,50,0.0,39.0,39.0,78,DETECTED,ALERT,PAV_S2_B01: scada_stale_signal | loss 0.0 MW | data_quality,Actual MW tag freezes while resource signal continues moving.,Do not trust stale tag; use last-good value and lower forecast confidence.,PAV_S2_B01
EVH_00054_PAV_HUB_2,EVH_00054,hub,PAV_HUB_2,Hub / Segment 2,SOL_PAVAGADA,SOL_PAVAGADA,PAV_HUB_2,,scada_stale_signal,data_quality,ALERT,2025-08-18T15:00:00,2025-08-18T16:25:00,2025-08-18T14:55:00,2025-08-18T15:00:00,250,0.0,195.0,195.0,78,DETECTED,ALERT,PAV_HUB_2: scada_stale_signal | loss 0.0 MW | data_quality,Actual MW tag freezes while resource signal continues moving.,Do not trust stale tag; use last-good value and lower forecast confidence.,PAV_HUB_2
EVH_00054_SOL_PAVAGADA,EVH_00054,plant,SOL_PAVAGADA,Pavagada Solar Park,GRID_PAVAGADA_220KV,SOL_PAVAGADA,PAV_HUB_2,,scada_stale_signal,data_quality,ALERT,2025-08-18T15:00:00,2025-08-18T16:25:00,2025-08-18T14:55:00,2025-08-18T15:00:00,2050,0.0,1517.0,1517.0,78,DETECTED,ALERT,SOL_PAVAGADA: scada_stale_signal | loss 0.0 MW | data_quality,Actual MW tag freezes while resource signal continues moving.,Do not trust stale tag; use last-good value and lower forecast confidence.,SOL_PAVAGADA
EVH_00054_GRID_PAVAGADA_220KV,EVH_00054,grid,GRID_PAVAGADA_220KV,Pavagada 220kV Pooling Station,,SOL_PAVAGADA,PAV_HUB_2,,scada_stale_signal,data_quality,ALERT,2025-08-18T15:00:00,2025-08-18T16:25:00,2025-08-18T14:55:00,2025-08-18T15:00:00,2050,0.0,1517.0,1517.0,78,DETECTED,ALERT,GRID_PAVAGADA_220KV: scada_stale_signal | loss 0.0 MW | data_quality,Actual MW tag freezes while resource signal continues moving.,Do not trust stale tag; use last-good value and lower forecast confidence.,GRID_PAVAGADA_220KV
EVH_00055_PAV_S4_B05,EVH_00055,block,PAV_S4_B05,Hub 4 Block 5,PAV_HUB_4,SOL_PAVAGADA,PAV_HUB_4,PAV_S4_B05,inverter_group_derating,equipment,WATCH,2025-10-22T10:30:00,2025-10-22T14:30:00,2025-10-22T10:25:00,2025-10-22T10:30:00,50,7.71,39.0,31.29,81,DETECTED,WATCH,PAV_S4_B05: inverter_group_derating | loss 7.7 MW | equipment,One inverter group derates; resource remains normal but block availability drops.,Inspect inverter group and separate equipment loss from weather error.,PAV_S4_B05
EVH_00055_PAV_HUB_4,EVH_00055,hub,PAV_HUB_4,Hub / Segment 4,SOL_PAVAGADA,SOL_PAVAGADA,PAV_HUB_4,,inverter_group_derating,equipment,WATCH,2025-10-22T10:30:00,2025-10-22T14:30:00,2025-10-22T10:25:00,2025-10-22T10:30:00,250,8.39,195.0,186.61,81,DETECTED,WATCH,PAV_HUB_4: inverter_group_derating | loss 8.4 MW | equipment,One inverter group derates; resource remains normal but block availability drops.,Inspect inverter group and separate equipment loss from weather error.,PAV_HUB_4
EVH_00055_SOL_PAVAGADA,EVH_00055,plant,SOL_PAVAGADA,Pavagada Solar Park,GRID_PAVAGADA_220KV,SOL_PAVAGADA,PAV_HUB_4,,inverter_group_derating,equipment,WATCH,2025-10-22T10:30:00,2025-10-22T14:30:00,2025-10-22T10:25:00,2025-10-22T10:30:00,2050,11.74,1517.0,1505.26,81,DETECTED,WATCH,SOL_PAVAGADA: inverter_group_derating | loss 11.7 MW | equipment,One inverter group derates; resource remains normal but block availability drops.,Inspect inverter group and separate equipment loss from weather error.,SOL_PAVAGADA
EVH_00055_GRID_PAVAGADA_220KV,EVH_00055,grid,GRID_PAVAGADA_220KV,Pavagada 220kV Pooling Station,,SOL_PAVAGADA,PAV_HUB_4,,inverter_group_derating,equipment,WATCH,2025-10-22T10:30:00,2025-10-22T14:30:00,2025-10-22T10:25:00,2025-10-22T10:30:00,2050,11.51,1517.0,1505.49,81,DETECTED,WATCH,GRID_PAVAGADA_220KV: inverter_group_derating | loss 11.5 MW | equipment,One inverter group derates; resource remains normal but block availability drops.,Inspect inverter group and separate equipment loss from weather error.,GRID_PAVAGADA_220KV
EVH_00056_PAV_S3_B02,EVH_00056,block,PAV_S3_B02,Hub 3 Block 2,PAV_HUB_3,SOL_PAVAGADA,PAV_HUB_3,PAV_S3_B02,cloud_ramp_up_after_cloud_clearance,weather,WATCH,2025-01-18T15:20:00,2025-01-18T17:10:00,2025-01-18T15:00:00,2025-01-18T15:35:00,50,9.99,39.0,29.01,86,DETECTED,WATCH,PAV_S3_B02: cloud_ramp_up_after_cloud_clearance | loss 10.0 MW | weather,Cloud obstruction clears around Hub 3; forecast P50 rises before actual output catches up.,Prepare reserve release carefully and monitor ramp timing.,PAV_S3_B02
EVH_00056_PAV_S3_B03,EVH_00056,block,PAV_S3_B03,Hub 3 Block 3,PAV_HUB_3,SOL_PAVAGADA,PAV_HUB_3,PAV_S3_B03,cloud_ramp_up_after_cloud_clearance,weather,WATCH,2025-01-18T15:20:00,2025-01-18T17:10:00,2025-01-18T15:00:00,2025-01-18T15:35:00,50,10.47,39.0,28.53,86,DETECTED,WATCH,PAV_S3_B03: cloud_ramp_up_after_cloud_clearance | loss 10.5 MW | weather,Cloud obstruction clears around Hub 3; forecast P50 rises before actual output catches up.,Prepare reserve release carefully and monitor ramp timing.,PAV_S3_B03
EVH_00056_PAV_S3_B04,EVH_00056,block,PAV_S3_B04,Hub 3 Block 4,PAV_HUB_3,SOL_PAVAGADA,PAV_HUB_3,PAV_S3_B04,cloud_ramp_up_after_cloud_clearance,weather,WATCH,2025-01-18T15:20:00,2025-01-18T17:10:00,2025-01-18T15:00:00,2025-01-18T15:35:00,50,11.28,39.0,27.72,86,DETECTED,WATCH,PAV_S3_B04: cloud_ramp_up_after_cloud_clearance | loss 11.3 MW | weather,Cloud obstruction clears around Hub 3; forecast P50 rises before actual output catches up.,Prepare reserve release carefully and monitor ramp timing.,PAV_S3_B04
EVH_00056_PAV_HUB_3,EVH_00056,hub,PAV_HUB_3,Hub / Segment 3,SOL_PAVAGADA,SOL_PAVAGADA,PAV_HUB_3,,cloud_ramp_up_after_cloud_clearance,weather,WATCH,2025-01-18T15:20:00,2025-01-18T17:10:00,2025-01-18T15:00:00,2025-01-18T15:35:00,250,37.9,195.0,157.1,86,DETECTED,WATCH,PAV_HUB_3: cloud_ramp_up_after_cloud_clearance | loss 37.9 MW | weather,Cloud obstruction clears around Hub 3; forecast P50 rises before actual output catches up.,Prepare reserve release carefully and monitor ramp timing.,PAV_HUB_3
EVH_00056_SOL_PAVAGADA,EVH_00056,plant,SOL_PAVAGADA,Pavagada Solar Park,GRID_PAVAGADA_220KV,SOL_PAVAGADA,PAV_HUB_3,,cloud_ramp_up_after_cloud_clearance,weather,WATCH,2025-01-18T15:20:00,2025-01-18T17:10:00,2025-01-18T15:00:00,2025-01-18T15:35:00,2050,45.94,1517.0,1471.06,86,DETECTED,WATCH,SOL_PAVAGADA: cloud_ramp_up_after_cloud_clearance | loss 45.9 MW | weather,Cloud obstruction clears around Hub 3; forecast P50 rises before actual output catches up.,Prepare reserve release carefully and monitor ramp timing.,SOL_PAVAGADA
EVH_00056_GRID_PAVAGADA_220KV,EVH_00056,grid,GRID_PAVAGADA_220KV,Pavagada 220kV Pooling Station,,SOL_PAVAGADA,PAV_HUB_3,,cloud_ramp_up_after_cloud_clearance,weather,WATCH,2025-01-18T15:20:00,2025-01-18T17:10:00,2025-01-18T15:00:00,2025-01-18T15:35:00,2050,45.02,1517.0,1471.98,86,DETECTED,WATCH,GRID_PAVAGADA_220KV: cloud_ramp_up_after_cloud_clearance | loss 45.0 MW | weather,Cloud obstruction clears around Hub 3; forecast P50 rises before actual output catches up.,Prepare reserve release carefully and monitor ramp timing.,GRID_PAVAGADA_220KV
EVH_00057_PAV_S6_B01,EVH_00057,block,PAV_S6_B01,Hub 6 Block 1,PAV_HUB_6,SOL_PAVAGADA,PAV_HUB_6,PAV_S6_B01,grid_curtailment_plateau,grid_constraint,ALERT,2025-02-07T12:45:00,2025-02-07T16:45:00,2025-02-07T12:30:00,2025-02-07T12:45:00,50,17.23,39.0,21.77,93,DETECTED,ALERT,PAV_S6_B01: grid_curtailment_plateau | loss 17.2 MW | grid_constraint,Local export limit is active; actual output clips below possible power.,Record curtailment separately from weather forecast error; check PPC/local limit.,PAV_S6_B01
EVH_00057_PAV_S6_B02,EVH_00057,block,PAV_S6_B02,Hub 6 Block 2,PAV_HUB_6,SOL_PAVAGADA,PAV_HUB_6,PAV_S6_B02,grid_curtailment_plateau,grid_constraint,ALERT,2025-02-07T12:45:00,2025-02-07T16:45:00,2025-02-07T12:30:00,2025-02-07T12:45:00,50,18.47,39.0,20.53,93,DETECTED,ALERT,PAV_S6_B02: grid_curtailment_plateau | loss 18.5 MW | grid_constraint,Local export limit is active; actual output clips below possible power.,Record curtailment separately from weather forecast error; check PPC/local limit.,PAV_S6_B02
EVH_00057_PAV_S6_B03,EVH_00057,block,PAV_S6_B03,Hub 6 Block 3,PAV_HUB_6,SOL_PAVAGADA,PAV_HUB_6,PAV_S6_B03,grid_curtailment_plateau,grid_constraint,ALERT,2025-02-07T12:45:00,2025-02-07T16:45:00,2025-02-07T12:30:00,2025-02-07T12:45:00,50,16.24,39.0,22.76,93,DETECTED,ALERT,PAV_S6_B03: grid_curtailment_plateau | loss 16.2 MW | grid_constraint,Local export limit is active; actual output clips below possible power.,Record curtailment separately from weather forecast error; check PPC/local limit.,PAV_S6_B03
EVH_00057_PAV_S6_B04,EVH_00057,block,PAV_S6_B04,Hub 6 Block 4,PAV_HUB_6,SOL_PAVAGADA,PAV_HUB_6,PAV_S6_B04,grid_curtailment_plateau,grid_constraint,ALERT,2025-02-07T12:45:00,2025-02-07T16:45:00,2025-02-07T12:30:00,2025-02-07T12:45:00,50,15.88,39.0,23.12,93,DETECTED,ALERT,PAV_S6_B04: grid_curtailment_plateau | loss 15.9 MW | grid_constraint,Local export limit is active; actual output clips below possible power.,Record curtailment separately from weather forecast error; check PPC/local limit.,PAV_S6_B04
EVH_00057_PAV_HUB_6,EVH_00057,hub,PAV_HUB_6,Hub / Segment 6,SOL_PAVAGADA,SOL_PAVAGADA,PAV_HUB_6,,grid_curtailment_plateau,grid_constraint,ALERT,2025-02-07T12:45:00,2025-02-07T16:45:00,2025-02-07T12:30:00,2025-02-07T12:45:00,250,73.93,195.0,121.07,93,DETECTED,ALERT,PAV_HUB_6: grid_curtailment_plateau | loss 73.9 MW | grid_constraint,Local export limit is active; actual output clips below possible power.,Record curtailment separately from weather forecast error; check PPC/local limit.,PAV_HUB_6
EVH_00057_SOL_PAVAGADA,EVH_00057,plant,SOL_PAVAGADA,Pavagada Solar Park,GRID_PAVAGADA_220KV,SOL_PAVAGADA,PAV_HUB_6,,grid_curtailment_plateau,grid_constraint,ALERT,2025-02-07T12:45:00,2025-02-07T16:45:00,2025-02-07T12:30:00,2025-02-07T12:45:00,2050,98.85,1517.0,1418.15,93,DETECTED,ALERT,SOL_PAVAGADA: grid_curtailment_plateau | loss 98.8 MW | grid_constraint,Local export limit is active; actual output clips below possible power.,Record curtailment separately from weather forecast error; check PPC/local limit.,SOL_PAVAGADA
EVH_00057_GRID_PAVAGADA_220KV,EVH_00057,grid,GRID_PAVAGADA_220KV,Pavagada 220kV Pooling Station,,SOL_PAVAGADA,PAV_HUB_6,,grid_curtailment_plateau,grid_constraint,ALERT,2025-02-07T12:45:00,2025-02-07T16:45:00,2025-02-07T12:30:00,2025-02-07T12:45:00,2050,96.87,1517.0,1420.13,93,DETECTED,ALERT,GRID_PAVAGADA_220KV: grid_curtailment_plateau | loss 96.9 MW | grid_constraint,Local export limit is active; actual output clips below possible power.,Record curtailment separately from weather forecast error; check PPC/local limit.,GRID_PAVAGADA_220KV
EVH_00058_PAV_S6_B01,EVH_00058,block,PAV_S6_B01,Hub 6 Block 1,PAV_HUB_6,SOL_PAVAGADA,PAV_HUB_6,PAV_S6_B01,cloud_ramp_down,weather,WATCH,2025-06-26T14:55:00,2025-06-26T16:35:00,2025-06-26T14:35:00,2025-06-26T15:05:00,50,12.01,39.0,26.99,86,DETECTED,WATCH,PAV_S6_B01: cloud_ramp_down | loss 12.0 MW | weather,Incoming cloud band reduces Hub 6 possible power; uncertainty band widens.,Prepare reserve and adjust intraday expectation.,PAV_S6_B01
EVH_00058_PAV_S6_B02,EVH_00058,block,PAV_S6_B02,Hub 6 Block 2,PAV_HUB_6,SOL_PAVAGADA,PAV_HUB_6,PAV_S6_B02,cloud_ramp_down,weather,WATCH,2025-06-26T14:55:00,2025-06-26T16:35:00,2025-06-26T14:35:00,2025-06-26T15:05:00,50,12.88,39.0,26.12,86,DETECTED,WATCH,PAV_S6_B02: cloud_ramp_down | loss 12.9 MW | weather,Incoming cloud band reduces Hub 6 possible power; uncertainty band widens.,Prepare reserve and adjust intraday expectation.,PAV_S6_B02
EVH_00058_PAV_S6_B03,EVH_00058,block,PAV_S6_B03,Hub 6 Block 3,PAV_HUB_6,SOL_PAVAGADA,PAV_HUB_6,PAV_S6_B03,cloud_ramp_down,weather,WATCH,2025-06-26T14:55:00,2025-06-26T16:35:00,2025-06-26T14:35:00,2025-06-26T15:05:00,50,11.42,39.0,27.58,86,DETECTED,WATCH,PAV_S6_B03: cloud_ramp_down | loss 11.4 MW | weather,Incoming cloud band reduces Hub 6 possible power; uncertainty band widens.,Prepare reserve and adjust intraday expectation.,PAV_S6_B03
EVH_00058_PAV_HUB_6,EVH_00058,hub,PAV_HUB_6,Hub / Segment 6,SOL_PAVAGADA,SOL_PAVAGADA,PAV_HUB_6,,cloud_ramp_down,weather,WATCH,2025-06-26T14:55:00,2025-06-26T16:35:00,2025-06-26T14:35:00,2025-06-26T15:05:00,250,42.21,195.0,152.79,86,DETECTED,WATCH,PAV_HUB_6: cloud_ramp_down | loss 42.2 MW | weather,Incoming cloud band reduces Hub 6 possible power; uncertainty band widens.,Prepare reserve and adjust intraday expectation.,PAV_HUB_6
EVH_00058_SOL_PAVAGADA,EVH_00058,plant,SOL_PAVAGADA,Pavagada Solar Park,GRID_PAVAGADA_220KV,SOL_PAVAGADA,PAV_HUB_6,,cloud_ramp_down,weather,WATCH,2025-06-26T14:55:00,2025-06-26T16:35:00,2025-06-26T14:35:00,2025-06-26T15:05:00,2050,54.92,1517.0,1462.08,86,DETECTED,WATCH,SOL_PAVAGADA: cloud_ramp_down | loss 54.9 MW | weather,Incoming cloud band reduces Hub 6 possible power; uncertainty band widens.,Prepare reserve and adjust intraday expectation.,SOL_PAVAGADA
EVH_00058_GRID_PAVAGADA_220KV,EVH_00058,grid,GRID_PAVAGADA_220KV,Pavagada 220kV Pooling Station,,SOL_PAVAGADA,PAV_HUB_6,,cloud_ramp_down,weather,WATCH,2025-06-26T14:55:00,2025-06-26T16:35:00,2025-06-26T14:35:00,2025-06-26T15:05:00,2050,53.82,1517.0,1463.18,86,DETECTED,WATCH,GRID_PAVAGADA_220KV: cloud_ramp_down | loss 53.8 MW | weather,Incoming cloud band reduces Hub 6 possible power; uncertainty band widens.,Prepare reserve and adjust intraday expectation.,GRID_PAVAGADA_220KV
EVH_00059_PAV_S4_B05,EVH_00059,block,PAV_S4_B05,Hub 4 Block 5,PAV_HUB_4,SOL_PAVAGADA,PAV_HUB_4,PAV_S4_B05,inverter_group_derating,equipment,WATCH,2025-09-11T10:30:00,2025-09-11T14:30:00,2025-09-11T10:25:00,2025-09-11T10:30:00,50,8.78,39.0,30.22,81,DETECTED,WATCH,PAV_S4_B05: inverter_group_derating | loss 8.8 MW | equipment,One inverter group derates; resource remains normal but block availability drops.,Inspect inverter group and separate equipment loss from weather error.,PAV_S4_B05
EVH_00059_PAV_HUB_4,EVH_00059,hub,PAV_HUB_4,Hub / Segment 4,SOL_PAVAGADA,SOL_PAVAGADA,PAV_HUB_4,,inverter_group_derating,equipment,WATCH,2025-09-11T10:30:00,2025-09-11T14:30:00,2025-09-11T10:25:00,2025-09-11T10:30:00,250,10.21,195.0,184.79,81,DETECTED,WATCH,PAV_HUB_4: inverter_group_derating | loss 10.2 MW | equipment,One inverter group derates; resource remains normal but block availability drops.,Inspect inverter group and separate equipment loss from weather error.,PAV_HUB_4
EVH_00059_SOL_PAVAGADA,EVH_00059,plant,SOL_PAVAGADA,Pavagada Solar Park,GRID_PAVAGADA_220KV,SOL_PAVAGADA,PAV_HUB_4,,inverter_group_derating,equipment,WATCH,2025-09-11T10:30:00,2025-09-11T14:30:00,2025-09-11T10:25:00,2025-09-11T10:30:00,2050,13.3,1517.0,1503.7,81,DETECTED,WATCH,SOL_PAVAGADA: inverter_group_derating | loss 13.3 MW | equipment,One inverter group derates; resource remains normal but block availability drops.,Inspect inverter group and separate equipment loss from weather error.,SOL_PAVAGADA
EVH_00059_GRID_PAVAGADA_220KV,EVH_00059,grid,GRID_PAVAGADA_220KV,Pavagada 220kV Pooling Station,,SOL_PAVAGADA,PAV_HUB_4,,inverter_group_derating,equipment,WATCH,2025-09-11T10:30:00,2025-09-11T14:30:00,2025-09-11T10:25:00,2025-09-11T10:30:00,2050,13.03,1517.0,1503.97,81,DETECTED,WATCH,GRID_PAVAGADA_220KV: inverter_group_derating | loss 13.0 MW | equipment,One inverter group derates; resource remains normal but block availability drops.,Inspect inverter group and separate equipment loss from weather error.,GRID_PAVAGADA_220KV
EVH_00001_PAV_S3_B02,EVH_00001,block,PAV_S3_B02,Hub 3 Block 2,PAV_HUB_3,WND_GADAG,WND_GADAG_FARM_1,WND_GADAG_FARM_1,wind_ramp_down,weather,WATCH,2015-01-05T15:20:00,2015-01-05T17:10:00,2015-01-05T15:00:00,2015-01-05T15:35:00,50,10.52,39.0,28.48,86,DETECTED,WATCH,WND_S3_B02: wind_ramp_up_after_wind_clearance | loss 10.5 MW | weather,Cloud obstruction clears around Hub 3; forecast P50 rises before actual output catches up.,Prepare reserve release carefully and monitor ramp timing.,PAV_S3_B02
EVH_00001_PAV_S3_B03,EVH_00001,block,PAV_S3_B03,Hub 3 Block 3,PAV_HUB_3,WND_GADAG,WND_GADAG_FARM_1,WND_GADAG_FARM_1,wind_ramp_down,weather,WATCH,2015-01-05T15:20:00,2015-01-05T17:10:00,2015-01-05T15:00:00,2015-01-05T15:35:00,50,11.0,39.0,28.0,86,DETECTED,WATCH,WND_S3_B03: wind_ramp_up_after_wind_clearance | loss 11.0 MW | weather,Cloud obstruction clears around Hub 3; forecast P50 rises before actual output catches up.,Prepare reserve release carefully and monitor ramp timing.,PAV_S3_B03
EVH_00001_PAV_S3_B04,EVH_00001,block,PAV_S3_B04,Hub 3 Block 4,PAV_HUB_3,WND_GADAG,WND_GADAG_FARM_1,WND_GADAG_FARM_1,wind_ramp_down,weather,WATCH,2015-01-05T15:20:00,2015-01-05T17:10:00,2015-01-05T15:00:00,2015-01-05T15:35:00,50,11.14,39.0,27.86,86,DETECTED,WATCH,WND_S3_B04: wind_ramp_up_after_wind_clearance | loss 11.1 MW | weather,Cloud obstruction clears around Hub 3; forecast P50 rises before actual output catches up.,Prepare reserve release carefully and monitor ramp timing.,PAV_S3_B04
EVH_00001_PAV_HUB_3,EVH_00001,hub,PAV_HUB_3,Hub / Segment 3,SOL_PAVAGADA,WND_GADAG,WND_GADAG_FARM_1,WND_GADAG_FARM_1,wind_ramp_down,weather,WATCH,2015-01-05T15:20:00,2015-01-05T17:10:00,2015-01-05T15:00:00,2015-01-05T15:35:00,250,36.55,195.0,158.45,86,DETECTED,WATCH,WND_HUB_3: wind_ramp_up_after_wind_clearance | loss 36.5 MW | weather,Cloud obstruction clears around Hub 3; forecast P50 rises before actual output catches up.,Prepare reserve release carefully and monitor ramp timing.,PAV_HUB_3
EVH_00001_SOL_PAVAGADA,EVH_00001,plant,SOL_PAVAGADA,Pavagada Solar Park,GRID_PAVAGADA_220KV,WND_GADAG,WND_GADAG_FARM_1,WND_GADAG_FARM_1,wind_ramp_down,weather,WATCH,2015-01-05T15:20:00,2015-01-05T17:10:00,2015-01-05T15:00:00,2015-01-05T15:35:00,2050,47.39,1517.0,1469.61,86,DETECTED,WATCH,SOL_WNDAGADA: wind_ramp_up_after_wind_clearance | loss 47.4 MW | weather,Cloud obstruction clears around Hub 3; forecast P50 rises before actual output catches up.,Prepare reserve release carefully and monitor ramp timing.,SOL_PAVAGADA
EVH_00001_GRID_PAVAGADA_220KV,EVH_00001,grid,GRID_PAVAGADA_220KV,Pavagada 220kV Pooling Station,,WND_GADAG,WND_GADAG_FARM_1,WND_GADAG_FARM_1,wind_ramp_down,weather,WATCH,2015-01-05T15:20:00,2015-01-05T17:10:00,2015-01-05T15:00:00,2015-01-05T15:35:00,2050,46.44,1517.0,1470.56,86,DETECTED,WATCH,GRID_WNDAGADA_220KV: wind_ramp_up_after_wind_clearance | loss 46.4 MW | weather,Cloud obstruction clears around Hub 3; forecast P50 rises before actual output catches up.,Prepare reserve release carefully and monitor ramp timing.,GRID_PAVAGADA_220KV
EVH_00002_PAV_S6_B01,EVH_00002,block,PAV_S6_B01,Hub 6 Block 1,PAV_HUB_6,WND_GADAG,WND_GADAG_FARM_1,WND_GADAG_FARM_1,wind_ramp_down,weather,WATCH,2015-03-09T14:55:00,2015-03-09T16:35:00,2015-03-09T14:35:00,2015-03-09T15:05:00,50,11.97,39.0,27.03,86,DETECTED,WATCH,WND_S6_B01: wind_ramp_down | loss 12.0 MW | weather,Incoming wind band reduces Hub 6 possible power; uncertainty band widens.,Prepare reserve and adjust intraday expectation.,PAV_S6_B01
EVH_00002_PAV_S6_B02,EVH_00002,block,PAV_S6_B02,Hub 6 Block 2,PAV_HUB_6,WND_GADAG,WND_GADAG_FARM_1,WND_GADAG_FARM_1,wind_ramp_down,weather,WATCH,2015-03-09T14:55:00,2015-03-09T16:35:00,2015-03-09T14:35:00,2015-03-09T15:05:00,50,12.04,39.0,26.96,86,DETECTED,WATCH,WND_S6_B02: wind_ramp_down | loss 12.0 MW | weather,Incoming wind band reduces Hub 6 possible power; uncertainty band widens.,Prepare reserve and adjust intraday expectation.,PAV_S6_B02
EVH_00002_PAV_S6_B03,EVH_00002,block,PAV_S6_B03,Hub 6 Block 3,PAV_HUB_6,WND_GADAG,WND_GADAG_FARM_1,WND_GADAG_FARM_1,wind_ramp_down,weather,WATCH,2015-03-09T14:55:00,2015-03-09T16:35:00,2015-03-09T14:35:00,2015-03-09T15:05:00,50,11.29,39.0,27.71,86,DETECTED,WATCH,WND_S6_B03: wind_ramp_down | loss 11.3 MW | weather,Incoming wind band reduces Hub 6 possible power; uncertainty band widens.,Prepare reserve and adjust intraday expectation.,PAV_S6_B03
EVH_00002_PAV_HUB_6,EVH_00002,hub,PAV_HUB_6,Hub / Segment 6,SOL_PAVAGADA,WND_GADAG,WND_GADAG_FARM_1,WND_GADAG_FARM_1,wind_ramp_down,weather,WATCH,2015-03-09T14:55:00,2015-03-09T16:35:00,2015-03-09T14:35:00,2015-03-09T15:05:00,250,37.65,195.0,157.35,86,DETECTED,WATCH,WND_HUB_6: wind_ramp_down | loss 37.6 MW | weather,Incoming wind band reduces Hub 6 possible power; uncertainty band widens.,Prepare reserve and adjust intraday expectation.,PAV_HUB_6